date,trips_member,trips_casual,trips_electric,trips_member_electric,trips_member_classic,trips_casual_electric,trips_casual_classic,trips_in_zone,trips_total,active_stations,weekday,is_weekend,tmax_f,tmin_f,tmax_c,tmin_c,prcp_in,prcp_mm,snow_mm,snwd_mm,awnd_mph,awnd_ms,prcp_trace,is_holiday,holiday_name,rain_day,heavy_rain_day,snow_day
2024-01-01,35950,11246,31148,22904,13046,8244,3002,20151,47196,2000,Monday,False,46.94,35.06,8.3,1.7,0.03149606299212599,0.8,0.0,0.0,3.355404,1.5,False,True,New Year's Day,True,False,False
2024-01-02,59376,8666,42391,35943,23433,6448,2218,33363,68042,2042,Tuesday,False,42.08,29.12,5.6,-1.6,0.0,0.0,0.0,0.0,4.0264848,1.8,False,False,,False,False,False
2024-01-03,67683,8783,48671,42040,25643,6631,2152,38172,76466,2050,Wednesday,False,42.980000000000004,33.98,6.1,1.1,0.0,0.0,0.0,0.0,4.921259200000001,2.2,False,False,,False,False,False
2024-01-04,68529,8877,50429,43496,25033,6933,1944,39183,77406,2052,Thursday,False,44.96,28.22,7.2,-2.1,0.0,0.0,0.0,0.0,7.6055824,3.4,True,False,,False,False,False
2024-01-05,63267,9113,47986,40873,22394,7113,2000,34686,72380,2047,Friday,False,37.04,26.240000000000002,2.8,-3.2,0.0,0.0,0.0,0.0,7.158195200000001,3.2,False,False,,False,False,False
2024-01-06,37107,6140,28097,23497,13610,4600,1540,19407,43247,1977,Saturday,True,37.94,31.1,3.3,-0.5,0.40944881889763785,10.4,5.0,0.0,6.9345016,3.1,False,False,,True,False,True
2024-01-07,31328,4318,23280,19896,11432,3384,934,16024,35646,1953,Sunday,True,37.94,33.98,3.3,1.1,0.24015748031496062,6.1,0.0,0.0,7.6055824,3.4,False,False,,True,False,False
2024-01-08,70162,8246,49515,43130,27032,6385,1861,39073,78408,2055,Monday,False,44.96,35.96,7.2,2.2,0.0,0.0,0.0,0.0,5.1449527999999995,2.3,False,False,,False,False,False
2024-01-09,39418,3573,27845,25001,14417,2844,729,20707,42991,1978,Tuesday,False,57.02,35.96,13.9,2.2,1.7283464566929134,43.9,0.0,0.0,6.4871144,2.9,False,False,,True,True,False
2024-01-10,73785,7819,51201,45278,28507,5923,1896,42126,81604,2052,Wednesday,False,57.02,44.06,13.9,6.7,0.2204724409448819,5.6,0.0,0.0,8.5003568,3.8,False,False,,True,False,False
2024-01-11,79770,9355,56689,49550,30220,7139,2216,46020,89125,2060,Thursday,False,46.94,41.0,8.3,5.0,0.0,0.0,0.0,0.0,6.9345016,3.1,False,False,,False,False,False
2024-01-12,75243,10811,55949,47762,27481,8187,2624,41890,86054,2057,Friday,False,50.0,39.92,10.0,4.4,0.07874015748031496,2.0,0.0,0.0,6.9345016,3.1,False,False,,True,False,False
2024-01-13,53093,10713,40147,32580,20513,7567,3146,29402,63806,2010,Saturday,True,60.08,35.06,15.6,1.7,0.8110236220472442,20.6,0.0,0.0,9.6188248,4.3,False,False,,True,True,False
2024-01-14,41873,6991,30521,25493,16380,5028,1963,22292,48864,1983,Sunday,True,44.06,26.240000000000002,6.7,-3.2,0.0,0.0,0.0,0.0,8.2766632,3.7,True,False,,False,False,False
2024-01-15,40966,4563,28006,24613,16353,3393,1170,21558,45529,1993,Monday,False,29.12,23.18,-1.6,-4.9,0.03937007874015748,1.0,10.0,0.0,5.1449527999999995,2.3,False,True,Martin Luther King Jr. Day,True,False,True
2024-01-16,25584,1753,18273,16817,8767,1456,297,14830,27337,1819,Tuesday,False,32.0,22.1,0.0,-5.5,0.2795275590551181,7.1,33.0,30.0,9.171437599999999,4.1,False,False,,True,False,True
2024-01-17,40040,2703,28254,26022,14018,2232,471,23756,42743,1931,Wednesday,False,24.26,17.240000000000002,-4.3,-8.2,0.0,0.0,0.0,30.0,8.2766632,3.7,False,False,,False,False,False
2024-01-18,51453,4023,36714,33342,18111,3372,651,29753,55476,1985,Thursday,False,33.98,22.1,1.1,-5.5,0.0,0.0,0.0,30.0,6.039727200000001,2.7,True,False,,False,False,False
2024-01-19,40640,3361,29962,27167,13473,2795,566,22267,44001,1972,Friday,False,32.0,26.240000000000002,0.0,-3.2,0.03937007874015748,1.0,10.0,30.0,7.3818888,3.3,False,False,,True,False,True
2024-01-20,33438,3727,24702,21765,11673,2937,790,17966,37165,1931,Saturday,True,26.240000000000002,18.14,-3.2,-7.7,0.0,0.0,0.0,30.0,10.7372928,4.8,False,False,,False,False,False
2024-01-21,32562,3716,23319,20435,12127,2884,832,17204,36278,1909,Sunday,True,31.1,20.12,-0.5,-6.6,0.0,0.0,0.0,30.0,9.171437599999999,4.1,False,False,,False,False,False
2024-01-22,56219,4793,38893,35033,21186,3860,933,31870,61012,2010,Monday,False,37.94,25.16,3.3,-3.8,0.0,0.0,0.0,30.0,7.158195200000001,3.2,False,False,,False,False,False
2024-01-23,65030,5567,45484,41061,23969,4423,1144,37327,70597,2012,Tuesday,False,39.92,33.98,4.4,1.1,0.05118110236220473,1.3,0.0,30.0,4.921259200000001,2.2,False,False,,True,False,False
2024-01-24,60506,5360,43300,38965,21541,4335,1025,34500,65866,2014,Wednesday,False,48.02,37.94,8.9,3.3,0.05118110236220473,1.3,0.0,0.0,,,False,False,,True,False,False
2024-01-25,67033,7825,49593,43386,23647,6207,1618,39204,74858,2038,Thursday,False,59.0,46.04,15.0,7.8,0.24015748031496062,6.1,0.0,0.0,4.2501784,1.9,False,False,,True,False,False
2024-01-26,63939,8355,48057,41472,22467,6585,1770,36269,72294,2048,Friday,False,46.04,42.08,7.8,5.6,0.1889763779527559,4.8,0.0,0.0,5.59234,2.5,False,False,,True,False,False
2024-01-27,65777,14359,50992,40876,24901,10116,4243,38380,80136,2049,Saturday,True,48.92,42.980000000000004,9.4,6.1,0.0,0.0,0.0,0.0,,,False,False,,False,False,False
2024-01-28,26282,3432,19836,17207,9075,2629,803,13852,29714,1892,Sunday,True,44.06,37.04,6.7,2.8,0.8188976377952757,20.8,0.0,0.0,9.3951312,4.2,False,False,,True,True,False
2024-01-29,64858,5873,43326,38853,26005,4473,1400,36643,70731,2032,Monday,False,39.92,35.96,4.4,2.2,0.05118110236220473,1.3,0.0,0.0,7.6055824,3.4,False,False,,True,False,False
2024-01-30,71660,6560,48755,43821,27839,4934,1626,41085,78220,2052,Tuesday,False,37.94,35.06,3.3,1.7,0.0,0.0,0.0,0.0,4.6975656,2.1,True,False,,False,False,False
2024-01-31,75765,7037,51673,46279,29486,5394,1643,43742,82802,2055,Wednesday,False,39.92,33.98,4.4,1.1,0.0,0.0,0.0,0.0,3.5790976000000003,1.6,True,False,,False,False,False
2024-02-01,79169,8443,55374,48990,30179,6384,2059,46248,87612,2058,Thursday,False,46.04,37.04,7.8,2.8,0.0,0.0,0.0,0.0,3.8027912,1.7,False,False,,False,False,False
2024-02-02,61518,7091,45658,40087,21431,5571,1520,34518,68609,2046,Friday,False,46.04,37.94,7.8,3.3,0.3188976377952756,8.1,0.0,0.0,5.8160336,2.6,False,False,,True,False,False
2024-02-03,60447,11864,46183,37774,22673,8409,3455,33748,72311,2043,Saturday,True,42.980000000000004,32.0,6.1,0.0,0.0,0.0,0.0,0.0,8.2766632,3.7,False,False,,False,False,False
2024-02-04,54957,11328,40921,33131,21826,7790,3538,30498,66285,2022,Sunday,True,46.04,31.1,7.8,-0.5,0.0,0.0,0.0,0.0,5.1449527999999995,2.3,False,False,,False,False,False
2024-02-05,70183,6840,47310,42254,27929,5056,1784,39395,77023,2052,Monday,False,44.96,32.0,7.2,0.0,0.0,0.0,0.0,0.0,7.3818888,3.3,False,False,,False,False,False
2024-02-06,74805,7208,51239,45832,28973,5407,1801,43747,82013,2045,Tuesday,False,42.08,29.12,5.6,-1.6,0.0,0.0,0.0,0.0,6.710808,3.0,False,False,,False,False,False
2024-02-07,81135,8467,56489,50092,31043,6397,2070,47653,89602,2052,Wednesday,False,48.02,33.08,8.9,0.6,0.0,0.0,0.0,0.0,4.2501784,1.9,False,False,,False,False,False
2024-02-08,84765,10113,60532,52982,31783,7550,2563,49636,94878,2070,Thursday,False,53.06,37.04,11.7,2.8,0.0,0.0,0.0,0.0,3.1317104,1.4,False,False,,False,False,False
2024-02-09,83680,13423,62798,53004,30676,9794,3629,48616,97103,2063,Friday,False,55.04,42.980000000000004,12.8,6.1,0.0,0.0,0.0,0.0,4.2501784,1.9,False,False,,False,False,False
2024-02-10,74133,20361,60672,46824,27309,13848,6513,43831,94494,2067,Saturday,True,60.08,46.94,15.6,8.3,0.0,0.0,0.0,0.0,3.1317104,1.4,False,False,,False,False,False
2024-02-11,62447,14479,50279,40050,22397,10229,4250,34620,76926,2039,Sunday,True,55.94,42.980000000000004,13.3,6.1,0.0,0.0,0.0,0.0,5.8160336,2.6,False,False,,False,False,False
2024-02-12,74897,8806,52280,45841,29056,6439,2367,42836,83703,2064,Monday,False,48.02,37.04,8.9,2.8,0.0,0.0,0.0,0.0,4.2501784,1.9,True,False,,False,False,False
2024-02-13,29344,2650,21044,18895,10449,2149,501,17025,31994,1869,Tuesday,False,41.0,33.08,5.0,0.6,0.7716535433070867,19.6,81.0,30.0,8.5003568,3.8,False,False,,True,True,True
2024-02-14,65280,5551,46560,42131,23149,4429,1122,38681,70831,2021,Wednesday,False,37.94,29.12,3.3,-1.6,0.0,0.0,0.0,50.0,11.4083736,5.1,True,False,,False,False,False
2024-02-15,68667,6755,50001,44540,24127,5461,1294,40292,75422,2040,Thursday,False,39.02,27.14,3.9,-2.7,0.0,0.0,0.0,0.0,6.039727200000001,2.7,False,False,,False,False,False
2024-02-16,66903,8517,51050,44272,22631,6778,1739,37723,75420,2060,Friday,False,42.980000000000004,35.96,6.1,2.2,0.0,0.0,0.0,0.0,8.2766632,3.7,False,False,,False,False,False
2024-02-17,33377,4689,25917,22260,11117,3657,1032,18593,38066,1954,Saturday,True,35.96,27.14,2.2,-2.7,0.1811023622047244,4.6,51.0,50.0,7.6055824,3.4,False,False,,True,False,True
2024-02-18,39557,6824,30140,25151,14406,4989,1835,21587,46381,2002,Sunday,True,39.92,26.240000000000002,4.4,-3.2,0.0,0.0,0.0,0.0,7.158195200000001,3.2,False,False,,False,False,False
2024-02-19,50700,7707,37443,31837,18863,5606,2101,27529,58407,2037,Monday,False,41.0,31.1,5.0,-0.5,0.0,0.0,0.0,0.0,4.921259200000001,2.2,False,True,Washington's Birthday,False,False,False
2024-02-20,62203,6211,43764,38996,23207,4768,1443,36732,68414,2050,Tuesday,False,39.92,26.240000000000002,4.4,-3.2,0.0,0.0,0.0,0.0,5.3686464,2.4,False,False,,False,False,False
2024-02-21,67609,6703,48216,43029,24580,5187,1516,40061,74312,2053,Wednesday,False,42.980000000000004,30.2,6.1,-1.0,0.0,0.0,0.0,0.0,4.6975656,2.1,False,False,,False,False,False
2024-02-22,64041,7056,46833,41357,22684,5476,1580,38029,71097,2033,Thursday,False,44.96,35.06,7.2,1.7,0.03937007874015748,1.0,0.0,0.0,3.8027912,1.7,False,False,,True,False,False
2024-02-23,66581,9525,50523,43213,23368,7310,2215,39103,76106,2053,Friday,False,46.94,42.08,8.3,5.6,0.03937007874015748,1.0,0.0,0.0,2.9080168,1.3,False,False,,True,False,False
2024-02-24,59327,12721,46700,37749,21578,8951,3770,34825,72048,2055,Saturday,True,44.06,28.22,6.7,-2.1,0.0,0.0,0.0,0.0,6.4871144,2.9,False,False,,False,False,False
2024-02-25,48470,8617,36024,29880,18590,6144,2473,26585,57087,2023,Sunday,True,41.0,23.18,5.0,-4.9,0.0,0.0,0.0,0.0,4.2501784,1.9,False,False,,False,False,False
2024-02-26,74707,8348,52590,46203,28504,6387,1961,42746,83055,2066,Monday,False,55.04,35.06,12.8,1.7,0.011811023622047244,0.3,0.0,0.0,4.473872,2.0,False,False,,True,False,False
2024-02-27,70324,7979,50364,44334,25990,6030,1949,40829,78303,2059,Tuesday,False,55.04,39.92,12.8,4.4,0.5196850393700787,13.2,0.0,0.0,4.921259200000001,2.2,False,False,,True,True,False
2024-02-28,61449,6040,44431,39675,21774,4756,1284,35447,67489,2020,Wednesday,False,62.059999999999995,44.06,16.7,6.7,0.16929133858267717,4.3,0.0,0.0,7.6055824,3.4,False,False,,True,False,False
2024-02-29,75716,8112,54545,48300,27416,6245,1867,44136,83828,2058,Thursday,False,42.980000000000004,31.1,6.1,-0.5,0.0,0.0,0.0,0.0,10.066212,4.5,False,False,,False,False,False
2024-03-01,74849,10739,56902,48804,26045,8098,2641,42754,85588,2067,Friday,False,48.02,30.2,8.9,-1.0,0.0,0.0,0.0,0.0,4.2501784,1.9,False,False,,False,False,False
2024-03-02,24392,3644,19801,16919,7473,2882,762,13291,28036,1927,Saturday,True,55.04,42.08,12.8,5.6,1.2716535433070866,32.3,0.0,0.0,4.473872,2.0,False,False,,True,True,False
2024-03-03,82020,29827,68542,49543,32477,18999,10828,50514,111847,2090,Sunday,True,68.0,48.02,20.0,8.9,0.0,0.0,0.0,0.0,4.2501784,1.9,False,False,,False,False,False
2024-03-04,83487,11781,59863,51238,32249,8625,3156,48366,95268,2086,Monday,False,59.0,46.04,15.0,7.8,0.0,0.0,0.0,0.0,5.8160336,2.6,False,False,,False,False,False
2024-03-05,45813,4270,33871,30458,15355,3413,857,25985,50083,2009,Tuesday,False,48.92,42.08,9.4,5.6,0.42913385826771655,10.9,0.0,0.0,9.171437599999999,4.1,False,False,,True,False,False
2024-03-06,48364,4844,34258,30526,17838,3732,1112,26642,53208,2017,Wednesday,False,53.06,46.94,11.7,8.3,1.2007874015748032,30.5,0.0,0.0,4.6975656,2.1,False,False,,True,True,False
2024-03-07,82642,10222,58284,50765,31877,7519,2703,48736,92864,2068,Thursday,False,53.96,44.06,12.2,6.7,0.11023622047244094,2.8,0.0,0.0,7.829276,3.5,False,False,,True,False,False
2024-03-08,87446,15947,66826,55456,31990,11370,4577,51197,103393,2095,Friday,False,57.02,39.92,13.9,4.4,0.0,0.0,0.0,0.0,5.1449527999999995,2.3,False,False,,False,False,False
2024-03-09,35725,6299,27655,23049,12676,4606,1693,19434,42024,1993,Saturday,True,48.92,41.0,9.4,5.0,1.531496062992126,38.9,0.0,0.0,7.3818888,3.3,False,False,,True,True,False
2024-03-10,51624,9967,39139,32195,19429,6944,3023,28554,61591,2021,Sunday,True,51.08,37.04,10.6,2.8,0.03149606299212599,0.8,0.0,0.0,9.6188248,4.3,False,False,,True,False,False
2024-03-11,71410,8546,50987,44545,26865,6442,2104,40923,79956,2069,Monday,False,51.98,35.06,11.1,1.7,0.0,0.0,0.0,0.0,12.7505352,5.7,True,False,,False,False,False
2024-03-12,100276,17314,73737,61668,38608,12069,5245,60710,117590,2085,Tuesday,False,66.02,42.980000000000004,18.9,6.1,0.0,0.0,0.0,0.0,6.039727200000001,2.7,False,False,,False,False,False
2024-03-13,101982,16861,74822,62997,38985,11825,5036,61267,118843,2090,Wednesday,False,62.059999999999995,48.02,16.7,8.9,0.0,0.0,0.0,0.0,3.5790976000000003,1.6,False,False,,False,False,False
2024-03-14,109483,22840,83608,67664,41819,15944,6896,68478,132323,2100,Thursday,False,73.94,46.04,23.3,7.8,0.0,0.0,0.0,0.0,2.4606296000000003,1.1,False,False,,False,False,False
2024-03-15,99469,22229,79728,63714,35755,16014,6215,59562,121698,2087,Friday,False,73.04,51.08,22.8,10.6,0.0,0.0,0.0,0.0,6.710808,3.0,True,False,,False,False,False
2024-03-16,83899,28216,72272,53259,30640,19013,9203,51158,112115,2065,Saturday,True,60.980000000000004,46.94,16.1,8.3,0.0,0.0,0.0,0.0,4.473872,2.0,False,False,,False,False,False
2024-03-17,75342,24587,62895,46505,28837,16390,8197,44635,99929,2071,Sunday,True,62.959999999999994,48.02,17.2,8.9,0.0,0.0,0.0,0.0,6.710808,3.0,True,False,,False,False,False
2024-03-18,79101,11068,56344,48318,30783,8026,3042,44706,90169,2089,Monday,False,51.08,37.94,10.6,3.3,0.0,0.0,0.0,0.0,7.3818888,3.3,False,False,,False,False,False
2024-03-19,80484,9587,58487,51165,29319,7322,2265,46197,90071,2073,Tuesday,False,48.02,35.96,8.9,2.2,0.0,0.0,0.0,0.0,7.6055824,3.4,True,False,,False,False,False
2024-03-20,79307,10099,59070,51333,27974,7737,2362,45594,89406,2076,Wednesday,False,57.02,33.98,13.9,1.1,0.011811023622047244,0.3,0.0,0.0,6.710808,3.0,False,False,,True,False,False
2024-03-21,73439,8946,55600,48599,24840,7001,1945,41969,82385,2078,Thursday,False,42.980000000000004,30.2,6.1,-1.0,0.0,0.0,0.0,0.0,9.171437599999999,4.1,False,False,,False,False,False
2024-03-22,72598,11389,57114,48409,24189,8705,2684,39764,83987,2067,Friday,False,46.04,29.12,7.8,-1.6,0.0,0.0,0.0,0.0,4.921259200000001,2.2,False,False,,False,False,False
2024-03-23,20238,3148,17041,14466,5772,2575,573,10659,23386,1881,Saturday,True,50.0,35.06,10.0,1.7,3.661417322834646,93.0,0.0,0.0,7.158195200000001,3.2,False,False,,True,True,False
2024-03-24,57399,13418,45867,36507,20892,9360,4058,31649,70817,2051,Sunday,True,48.02,31.1,8.9,-0.5,0.0,0.0,0.0,0.0,7.829276,3.5,False,False,,False,False,False
2024-03-25,79359,11473,58662,50306,29053,8356,3117,45120,90832,2083,Monday,False,53.06,35.06,11.7,1.7,0.0,0.0,0.0,0.0,8.7240504,3.9,False,False,,False,False,False
2024-03-26,89410,12524,66691,57421,31989,9270,3254,52011,101934,2076,Tuesday,False,53.06,39.02,11.7,3.9,0.0,0.0,0.0,0.0,6.039727200000001,2.7,False,False,,False,False,False
2024-03-27,81939,11168,62040,53597,28342,8443,2725,46815,93107,2079,Wednesday,False,51.98,42.08,11.1,5.6,0.05905511811023623,1.5,0.0,0.0,2.6843232,1.2,False,False,,True,False,False
2024-03-28,48813,5646,38683,33970,14843,4713,933,27008,54459,2016,Thursday,False,51.08,44.06,10.6,6.7,0.7007874015748032,17.8,0.0,0.0,4.6975656,2.1,False,False,,True,True,False
2024-03-29,79295,17706,63971,51561,27734,12410,5296,46124,97001,2081,Friday,False,55.94,42.08,13.3,5.6,0.0,0.0,0.0,0.0,11.18468,5.0,False,False,,False,False,False
2024-03-30,70911,24002,61269,45361,25550,15908,8094,42713,94913,2074,Saturday,True,62.059999999999995,41.0,16.7,5.0,0.03937007874015748,1.0,0.0,0.0,8.5003568,3.8,False,False,,True,False,False
2024-03-31,66704,24001,57609,41726,24978,15883,8118,39504,90705,2083,Sunday,True,62.059999999999995,46.94,16.7,8.3,0.01968503937007874,0.5,0.0,0.0,4.473872,2.0,False,False,,True,False,False
2024-04-01,75824,11208,56571,48184,27640,8387,2821,42997,87032,2078,Monday,False,53.96,48.92,12.2,9.4,0.011811023622047244,0.3,0.0,0.0,2.9080168,1.3,False,False,,True,False,False
2024-04-02,36638,3642,28484,25456,11182,3028,614,19456,40280,1985,Tuesday,False,51.08,44.06,10.6,6.7,0.8700787401574804,22.1,0.0,0.0,6.9345016,3.1,False,False,,True,True,False
2024-04-03,24428,2087,19124,17292,7136,1832,255,12742,26515,1892,Wednesday,False,44.96,41.0,7.2,5.0,1.5511811023622049,39.4,0.0,0.0,14.0926968,6.3,False,False,,True,True,False
2024-04-04,85332,11456,63537,54895,30437,8642,2814,49289,96788,2072,Thursday,False,53.06,37.04,11.7,2.8,0.20866141732283466,5.3,0.0,0.0,6.710808,3.0,False,False,,True,False,False
2024-04-05,85153,14641,68242,57079,28074,11163,3478,48636,99794,2085,Friday,False,50.0,37.94,10.0,3.3,0.0,0.0,0.0,0.0,8.0529696,3.6,True,False,,False,False,False
2024-04-06,75152,19655,63097,49172,25980,13925,5730,43596,94807,2069,Saturday,True,53.96,42.08,12.2,5.6,0.0,0.0,0.0,0.0,7.6055824,3.4,False,False,,False,False,False
2024-04-07,72725,22067,61767,46531,26194,15236,6831,41948,94792,2072,Sunday,True,60.08,42.980000000000004,15.6,6.1,0.0,0.0,0.0,0.0,6.4871144,2.9,False,False,,False,False,False
2024-04-08,94256,16799,72399,60255,34001,12144,4655,53787,111055,2094,Monday,False,69.08,42.980000000000004,20.6,6.1,0.0,0.0,0.0,0.0,2.236936,1.0,True,False,,False,False,False
2024-04-09,113506,22792,88918,72477,41029,16441,6351,68281,136298,2096,Tuesday,False,80.06,55.04,26.7,12.8,0.0,0.0,0.0,0.0,2.9080168,1.3,False,False,,False,False,False
2024-04-10,105313,17765,79369,66506,38807,12863,4902,62844,123078,2095,Wednesday,False,66.92,51.08,19.4,10.6,0.0,0.0,0.0,0.0,6.710808,3.0,False,False,,False,False,False
2024-04-11,76303,11131,59112,50560,25743,8552,2579,43554,87434,2076,Thursday,False,60.980000000000004,50.0,16.1,10.0,0.24015748031496062,6.1,0.0,0.0,6.2634208,2.8,False,False,,True,False,False
2024-04-12,88084,16885,71347,58606,29478,12741,4144,50833,104969,2085,Friday,False,62.959999999999994,55.94,17.2,13.3,0.33858267716535434,8.6,0.0,0.0,8.947744,4.0,False,False,,True,False,False
2024-04-13,71459,17997,60673,47647,23812,13026,4971,40782,89456,2075,Saturday,True,55.94,46.94,13.3,8.3,0.011811023622047244,0.3,0.0,0.0,11.6320672,5.2,False,False,,True,False,False
2024-04-14,83986,31502,73915,52854,31132,21061,10441,50444,115488,2081,Sunday,True,75.02,48.02,23.9,8.9,0.0984251968503937,2.5,0.0,0.0,4.921259200000001,2.2,False,False,,True,False,False
2024-04-15,112771,26039,87748,69773,42998,17975,8064,68013,138810,2090,Monday,False,82.04,57.92,27.8,14.4,0.0,0.0,0.0,0.0,5.3686464,2.4,True,False,,False,False,False
2024-04-16,119108,24070,89637,73149,45959,16488,7582,72792,143178,2095,Tuesday,False,73.04,53.96,22.8,12.2,0.0,0.0,0.0,0.0,4.2501784,1.9,False,False,,False,False,False
2024-04-17,96424,14955,70775,60029,36395,10746,4209,57008,111379,2080,Wednesday,False,62.059999999999995,50.0,16.7,10.0,0.01968503937007874,0.5,0.0,0.0,6.9345016,3.1,False,False,,True,False,False
2024-04-18,78519,10547,60542,52144,26375,8398,2149,45429,89066,2071,Thursday,False,50.0,44.96,10.0,7.2,0.011811023622047244,0.3,0.0,0.0,10.7372928,4.8,False,False,,True,False,False
2024-04-19,97039,19424,78716,64121,32918,14595,4829,56247,116463,2083,Friday,False,60.08,46.04,15.6,7.8,0.0,0.0,0.0,0.0,5.1449527999999995,2.3,False,False,,False,False,False
2024-04-20,94593,50548,89374,61046,33547,28328,22220,68601,145141,2081,Saturday,True,71.06,46.94,21.7,8.3,0.05118110236220473,1.3,0.0,0.0,4.2501784,1.9,False,False,,True,False,False
2024-04-21,70892,21054,59677,45132,25760,14545,6509,41017,91946,2067,Sunday,True,53.96,42.08,12.2,5.6,0.0,0.0,0.0,0.0,5.3686464,2.4,False,False,,False,False,False
2024-04-22,91159,18607,70056,57001,34158,13055,5552,54699,109766,2082,Monday,False,64.04,42.08,17.8,5.6,0.0,0.0,0.0,0.0,4.0264848,1.8,False,False,,False,False,False
2024-04-23,96510,18112,73986,61153,35357,12833,5279,58907,114622,2081,Tuesday,False,64.94,46.04,18.3,7.8,0.0,0.0,0.0,0.0,4.921259200000001,2.2,False,False,,False,False,False
2024-04-24,101628,19582,79788,65512,36116,14276,5306,63182,121210,2076,Wednesday,False,73.94,50.0,23.3,10.0,0.0,0.0,0.0,0.0,4.921259200000001,2.2,True,False,,False,False,False
2024-04-25,96454,18912,76647,62849,33605,13798,5114,59158,115366,2073,Thursday,False,60.08,42.980000000000004,15.6,6.1,0.0,0.0,0.0,0.0,5.59234,2.5,False,False,,False,False,False
2024-04-26,96168,23843,80413,63423,32745,16990,6853,58513,120011,2086,Friday,False,64.94,42.980000000000004,18.3,6.1,0.0,0.0,0.0,0.0,4.473872,2.0,False,False,,False,False,False
2024-04-27,78850,26559,70957,52318,26532,18639,7920,48000,105409,2079,Saturday,True,64.04,46.04,17.8,7.8,0.0,0.0,0.0,0.0,3.1317104,1.4,True,False,,False,False,False
2024-04-28,91402,39455,85264,58768,32634,26496,12959,55515,130857,2078,Sunday,True,78.98,51.98,26.1,11.1,0.011811023622047244,0.3,0.0,0.0,1.3421616,0.6,False,False,,True,False,False
2024-04-29,103477,25585,84577,66607,36870,17970,7615,63320,129062,2099,Monday,False,87.08000000000001,62.959999999999994,30.6,17.2,0.01968503937007874,0.5,0.0,0.0,3.355404,1.5,False,False,,True,False,False
2024-04-30,104317,18824,80069,66447,37870,13622,5202,63636,123141,2086,Tuesday,False,66.02,51.98,18.9,11.1,0.03149606299212599,0.8,0.0,0.0,7.3818888,3.3,False,False,,True,False,False
2024-05-01,119274,23723,93239,76288,42986,16951,6772,73833,142997,2097,Wednesday,False,80.06,53.06,26.7,11.7,0.01968503937007874,0.5,0.0,0.0,2.9080168,1.3,False,False,,True,False,False
2024-05-02,125112,29219,101099,80567,44545,20532,8687,78939,154331,2093,Thursday,False,78.98,53.06,26.1,11.7,0.0,0.0,0.0,0.0,3.5790976000000003,1.6,False,False,,False,False,False
2024-05-03,111249,27784,93123,72987,38262,20136,7648,67729,139033,2094,Friday,False,64.94,51.98,18.3,11.1,0.0,0.0,0.0,0.0,5.3686464,2.4,False,False,,False,False,False
2024-05-04,90900,32657,81371,59117,31783,22254,10403,56144,123557,2074,Saturday,True,62.959999999999994,48.92,17.2,9.4,0.0,0.0,0.0,0.0,4.921259200000001,2.2,True,False,,False,False,False
2024-05-05,43738,10354,37180,29449,14289,7731,2623,23412,54092,2022,Sunday,True,53.96,48.92,12.2,9.4,0.31102362204724415,7.9,0.0,0.0,4.6975656,2.1,False,False,,True,False,False
2024-05-06,107297,21909,83711,68014,39283,15697,6212,64012,129206,2092,Monday,False,73.94,53.06,23.3,11.7,0.0,0.0,0.0,0.0,2.236936,1.0,True,False,,False,False,False
2024-05-07,128836,30454,102116,81117,47719,20999,9455,81298,159290,2100,Tuesday,False,80.06,59.0,26.7,15.0,0.0,0.0,0.0,0.0,3.355404,1.5,False,False,,False,False,False
2024-05-08,122383,28049,98840,78725,43658,20115,7934,76442,150432,2103,Wednesday,False,84.02,64.94,28.9,18.3,0.20866141732283466,5.3,0.0,0.0,3.8027912,1.7,False,False,,True,False,False
2024-05-09,122292,25425,94086,76062,46230,18024,7401,75280,147717,2102,Thursday,False,69.98,55.94,21.1,13.3,0.0,0.0,0.0,0.0,5.8160336,2.6,False,False,,False,False,False
2024-05-10,75176,13409,61701,51268,23908,10433,2976,42416,88585,2072,Friday,False,55.94,48.02,13.3,8.9,0.2283464566929134,5.8,0.0,0.0,6.039727200000001,2.7,False,False,,True,False,False
2024-05-11,96496,36069,87022,62682,33814,24340,11729,60721,132565,2090,Saturday,True,64.04,46.94,17.8,8.3,0.0,0.0,0.0,0.0,3.1317104,1.4,False,False,,False,False,False
2024-05-12,58330,15364,50128,38813,19517,11315,4049,33341,73694,2072,Sunday,True,57.02,48.02,13.9,8.9,0.14960629921259844,3.8,0.0,0.0,2.6843232,1.2,False,False,,True,False,False
2024-05-13,110438,22392,86247,70187,40251,16060,6332,65418,132830,2106,Monday,False,64.94,48.92,18.3,9.4,0.0,0.0,0.0,0.0,3.8027912,1.7,False,False,,False,False,False
2024-05-14,116224,22277,90398,74282,41942,16116,6161,69607,138501,2106,Tuesday,False,71.96,55.04,22.2,12.8,0.03149606299212599,0.8,0.0,0.0,1.7895488000000002,0.8,False,False,,True,False,False
2024-05-15,78275,12469,63239,53292,24983,9947,2522,45023,90744,2083,Wednesday,False,64.04,59.0,17.8,15.0,0.2795275590551181,7.1,0.0,0.0,7.6055824,3.4,False,False,,True,False,False
2024-05-16,105173,20213,85239,70023,35150,15216,4997,62353,125386,2088,Thursday,False,64.04,59.0,17.8,15.0,0.27165354330708663,6.9,0.0,0.0,8.2766632,3.7,False,False,,True,False,False
2024-05-17,119574,31268,102374,79580,39994,22794,8474,71852,150842,2088,Friday,False,71.96,57.92,22.2,14.4,0.0,0.0,0.0,0.0,4.473872,2.0,True,False,,False,False,False
2024-05-18,87595,31721,78219,56725,30870,21494,10227,51723,119316,2093,Saturday,True,69.08,59.0,20.6,15.0,0.03937007874015748,1.0,0.0,0.0,3.8027912,1.7,False,False,,True,False,False
2024-05-19,99067,41027,87686,61408,37659,26278,14749,61647,140094,2098,Sunday,True,75.02,55.94,23.9,13.3,0.0,0.0,0.0,0.0,4.2501784,1.9,False,False,,False,False,False
2024-05-20,118384,27326,90828,72373,46011,18455,8871,71281,145710,2098,Monday,False,73.94,55.04,23.3,12.8,0.0,0.0,0.0,0.0,3.5790976000000003,1.6,False,False,,False,False,False
2024-05-21,131541,29592,101866,81426,50115,20440,9152,81557,161133,2096,Tuesday,False,82.94,57.92,28.3,14.4,0.0,0.0,0.0,0.0,2.9080168,1.3,False,False,,False,False,False
2024-05-22,135728,32330,106213,83964,51764,22249,10081,83163,168058,2097,Wednesday,False,84.02,66.92,28.9,19.4,0.0,0.0,0.0,0.0,5.1449527999999995,2.3,False,False,,False,False,False
2024-05-23,118905,26621,93476,74403,44502,19073,7548,71262,145526,2091,Thursday,False,78.98,66.92,26.1,19.4,0.7795275590551182,19.8,0.0,0.0,2.9080168,1.3,False,False,,True,True,False
2024-05-24,119861,39095,104017,76621,43240,27396,11699,71353,158956,2100,Friday,False,84.02,68.0,28.9,20.0,0.0,0.0,0.0,0.0,2.4606296000000003,1.1,False,False,,False,False,False
2024-05-25,88993,44645,86190,56763,32230,29427,15218,56887,133638,2085,Saturday,True,80.96,66.02,27.2,18.9,0.0,0.0,0.0,0.0,2.4606296000000003,1.1,False,False,,False,False,False
2024-05-26,81481,43796,81369,52260,29221,29109,14687,52625,125277,2089,Sunday,True,82.04,64.94,27.8,18.3,0.0,0.0,0.0,0.0,2.9080168,1.3,True,False,,False,False,False
2024-05-27,51611,16097,44298,32778,18833,11520,4577,29132,67708,2061,Monday,False,73.04,66.02,22.8,18.9,0.9606299212598425,24.4,0.0,0.0,2.9080168,1.3,False,True,Memorial Day,True,True,False
2024-05-28,126300,28357,97254,77676,48624,19578,8779,76529,154657,2093,Tuesday,False,78.98,64.94,26.1,18.3,0.0,0.0,0.0,0.0,6.4871144,2.9,False,False,,False,False,False
2024-05-29,125859,25853,95247,77198,48661,18049,7804,75792,151712,2097,Wednesday,False,75.92,60.08,24.4,15.6,0.6496062992125985,16.5,0.0,0.0,3.5790976000000003,1.6,False,False,,True,True,False
2024-05-30,128092,28284,100031,79895,48197,20136,8148,77869,156376,2097,Thursday,False,71.06,57.02,21.7,13.9,0.1811023622047244,4.6,0.0,0.0,4.921259200000001,2.2,False,False,,True,False,False
2024-05-31,131853,38033,111303,84488,47365,26815,11218,79679,169886,2099,Friday,False,75.02,59.0,23.9,15.0,0.0,0.0,0.0,0.0,4.473872,2.0,False,False,,False,False,False
2024-06-01,119060,53767,111640,76043,43017,35597,18170,75737,172827,2077,Saturday,True,82.94,60.08,28.3,15.6,0.0,0.0,0.0,0.0,2.9080168,1.3,False,False,,False,False,False
2024-06-02,105278,44861,92372,63697,41581,28675,16186,64876,150139,2082,Sunday,True,80.96,66.92,27.2,19.4,0.0,0.0,0.0,0.0,2.4606296000000003,1.1,False,False,,False,False,False
2024-06-03,124305,29507,93470,73445,50860,20025,9482,74374,153812,2091,Monday,False,86.0,71.96,30.0,22.2,0.0,0.0,0.0,0.0,2.9080168,1.3,True,False,,False,False,False
2024-06-04,135783,31350,103201,81603,54180,21598,9752,83242,167133,2102,Tuesday,False,78.98,64.94,26.1,18.3,0.0,0.0,0.0,0.0,2.9080168,1.3,False,False,,False,False,False
2024-06-05,139542,31303,106441,84663,54879,21778,9525,85533,170845,2106,Wednesday,False,78.98,64.94,26.1,18.3,0.0,0.0,0.0,0.0,2.4606296000000003,1.1,True,False,,False,False,False
2024-06-06,118501,26611,93204,74179,44322,19025,7586,74078,145112,2100,Thursday,False,80.96,68.0,27.2,20.0,0.7716535433070867,19.6,0.0,0.0,2.0132424,0.9,False,False,,True,True,False
2024-06-07,132784,39293,112313,84694,48090,27619,11674,81096,172077,2093,Friday,False,82.04,66.02,27.8,18.9,0.0,0.0,0.0,0.0,3.355404,1.5,False,False,,False,False,False
2024-06-08,118546,54112,111396,75623,42923,35773,18339,73548,172658,2093,Saturday,True,75.92,62.959999999999994,24.4,17.2,0.0,0.0,0.0,0.0,5.59234,2.5,False,False,,False,False,False
2024-06-09,101579,43214,91533,62967,38612,28566,14648,61674,144793,2092,Sunday,True,73.94,64.94,23.3,18.3,0.0,0.0,0.0,0.0,4.921259200000001,2.2,True,False,,False,False,False
2024-06-10,126469,30351,95627,75132,51337,20495,9856,75818,156820,2104,Monday,False,75.02,62.059999999999995,23.9,16.7,0.0,0.0,0.0,0.0,6.039727200000001,2.7,False,False,,False,False,False
2024-06-11,134269,29156,100358,80426,53843,19932,9224,81854,163425,2105,Tuesday,False,73.04,59.0,22.8,15.0,0.0,0.0,0.0,0.0,3.1317104,1.4,True,False,,False,False,False
2024-06-12,140283,31674,104901,83449,56834,21452,10222,85727,171957,2111,Wednesday,False,75.92,60.980000000000004,24.4,16.1,0.0,0.0,0.0,0.0,2.236936,1.0,False,False,,False,False,False
2024-06-13,139246,33362,108263,85013,54233,23250,10112,85265,172608,2114,Thursday,False,84.02,64.94,28.9,18.3,0.0,0.0,0.0,0.0,3.1317104,1.4,False,False,,False,False,False
2024-06-14,119121,31460,100422,77449,41672,22973,8487,71209,150581,2106,Friday,False,84.91999999999999,64.94,29.4,18.3,0.2795275590551181,7.1,0.0,0.0,3.355404,1.5,False,False,,True,False,False
2024-06-15,118448,54114,114891,77527,40921,37364,16750,75573,172562,2106,Saturday,True,80.06,64.94,26.7,18.3,0.0,0.0,0.0,0.0,3.5790976000000003,1.6,False,False,,False,False,False
2024-06-16,104349,46987,98195,66558,37791,31637,15350,65091,151336,2107,Sunday,True,78.08,62.959999999999994,25.6,17.2,0.0,0.0,0.0,0.0,5.1449527999999995,2.3,False,False,,False,False,False
2024-06-17,116181,28519,93083,72688,43493,20395,8124,70635,144700,2110,Monday,False,82.94,64.94,28.3,18.3,0.0,0.0,0.0,0.0,2.9080168,1.3,False,False,,False,False,False
2024-06-18,138319,33200,112999,88869,49450,24130,9070,84978,171519,2118,Tuesday,False,86.0,71.06,30.0,21.7,0.0,0.0,0.0,0.0,3.1317104,1.4,False,False,,False,False,False
2024-06-19,129600,41578,114368,84751,44849,29617,11961,78775,171178,2110,Wednesday,False,89.06,71.96,31.7,22.2,0.0,0.0,0.0,0.0,2.4606296000000003,1.1,False,True,Juneteenth National Independence Day,False,False,False
2024-06-20,133576,33475,112120,87184,46392,24936,8539,82472,167051,2111,Thursday,False,91.03999999999999,71.96,32.8,22.2,0.0,0.0,0.0,0.0,3.355404,1.5,False,False,,False,False,False
2024-06-21,126398,37840,114605,85817,40581,28788,9052,76840,164238,2110,Friday,False,93.91999999999999,75.92,34.4,24.4,0.0,0.0,0.0,0.0,3.5790976000000003,1.6,False,False,,False,False,False
2024-06-22,101205,42348,99180,68353,32852,30827,11521,63626,143553,2106,Saturday,True,93.02,75.02,33.9,23.9,0.11023622047244094,2.8,0.0,0.0,0.8947744000000001,0.4,False,False,,True,False,False
2024-06-23,98464,40236,94605,65836,32628,28769,11467,60983,138700,2101,Sunday,True,91.94,73.04,33.3,22.8,0.0,0.0,0.0,0.0,,,False,False,,False,False,False
2024-06-24,123539,30853,99990,78103,45436,21887,8966,74990,154392,2109,Monday,False,80.06,71.96,26.7,22.2,0.0,0.0,0.0,0.0,,,True,False,,False,False,False
2024-06-25,137900,32695,111300,87742,50158,23558,9137,85984,170595,2109,Tuesday,False,89.96000000000001,69.08,32.2,20.6,0.0,0.0,0.0,0.0,4.2501784,1.9,False,False,,False,False,False
2024-06-26,133276,30833,108435,85786,47490,22649,8184,83507,164109,2105,Wednesday,False,93.02,69.98,33.9,21.1,0.07874015748031496,2.0,0.0,0.0,4.0264848,1.8,False,False,,True,False,False
2024-06-27,136053,34789,112896,87617,48436,25279,9510,86257,170842,2104,Thursday,False,84.02,66.92,28.9,19.4,0.2283464566929134,5.8,0.0,0.0,5.8160336,2.6,False,False,,True,False,False
2024-06-28,130646,41098,114685,85185,45461,29500,11598,81263,171744,2092,Friday,False,78.98,64.04,26.1,17.8,0.0,0.0,0.0,0.0,3.5790976000000003,1.6,False,False,,False,False,False
2024-06-29,105025,44926,101792,70156,34869,31636,13290,66298,149951,2072,Saturday,True,78.98,66.02,26.1,18.9,0.05905511811023623,1.5,0.0,0.0,4.2501784,1.9,False,False,,True,False,False
2024-06-30,77383,30501,74710,52163,25220,22547,7954,47203,107884,2056,Sunday,True,84.91999999999999,69.98,29.4,21.1,0.1811023622047244,4.6,0.0,0.0,4.921259200000001,2.2,False,False,,True,False,False
2024-07-01,119841,32035,99174,76272,43569,22902,9133,73384,151876,2101,Monday,False,80.96,64.04,27.2,17.8,0.0,0.0,0.0,0.0,6.039727200000001,2.7,False,False,,False,False,False
2024-07-02,129188,32847,106692,82906,46282,23786,9061,79798,162035,2103,Tuesday,False,86.0,66.02,30.0,18.9,0.0,0.0,0.0,0.0,3.1317104,1.4,False,False,,False,False,False
2024-07-03,121987,33763,104410,79511,42476,24899,8864,73267,155750,2105,Wednesday,False,82.94,69.08,28.3,20.6,0.0,0.0,0.0,0.0,3.8027912,1.7,False,False,,False,False,False
2024-07-04,77850,39971,80038,51712,26138,28326,11645,48885,117821,2100,Thursday,False,89.06,69.98,31.7,21.1,0.03937007874015748,1.0,0.0,0.0,2.9080168,1.3,False,True,Independence Day,True,False,False
2024-07-05,80501,30530,77212,54668,25833,22544,7986,48976,111031,2104,Friday,False,89.96000000000001,73.94,32.2,23.3,0.0984251968503937,2.5,0.0,0.0,1.5658552,0.7,False,False,,True,False,False
2024-07-06,81324,38555,83445,55032,26292,28413,10142,50540,119879,2101,Saturday,True,91.94,73.04,33.3,22.8,0.05118110236220473,1.3,0.0,0.0,1.3421616,0.6,False,False,,True,False,False
2024-07-07,86360,36986,83682,57405,28955,26277,10709,52370,123346,2103,Sunday,True,93.02,78.98,33.9,26.1,0.0,0.0,0.0,0.0,4.0264848,1.8,True,False,,False,False,False
2024-07-08,118039,28969,98885,77337,40702,21548,7421,70927,147008,2109,Monday,False,95.0,77.0,35.0,25.0,0.0,0.0,0.0,0.0,2.0132424,0.9,False,False,,False,False,False
2024-07-09,130827,30313,107500,85142,45685,22358,7955,80005,161140,2108,Tuesday,False,89.06,75.02,31.7,23.9,0.0,0.0,0.0,0.0,2.236936,1.0,True,False,,False,False,False
2024-07-10,135010,31796,110969,87539,47471,23430,8366,82441,166806,2102,Wednesday,False,91.03999999999999,78.08,32.8,25.6,0.0,0.0,0.0,0.0,3.1317104,1.4,False,False,,False,False,False
2024-07-11,133913,33265,110430,86213,47700,24217,9048,80927,167178,2106,Thursday,False,89.06,75.02,31.7,23.9,0.11023622047244094,2.8,0.0,0.0,4.6975656,2.1,False,False,,True,False,False
2024-07-12,112803,32465,99147,75262,37541,23885,8580,66625,145268,2103,Friday,False,84.02,71.96,28.9,22.2,0.05905511811023623,1.5,0.0,0.0,1.3421616,0.6,False,False,,True,False,False
2024-07-13,98525,40366,94287,65946,32579,28341,12025,60443,138891,2102,Saturday,True,87.08000000000001,71.96,30.6,22.2,2.059055118110236,52.3,0.0,0.0,1.5658552,0.7,False,False,,True,True,False
2024-07-14,102226,41695,96592,67350,34876,29242,12453,61743,143921,2101,Sunday,True,89.96000000000001,75.02,32.2,23.9,0.0,0.0,0.0,0.0,2.4606296000000003,1.1,False,False,,False,False,False
2024-07-15,118223,28381,95267,74912,43311,20355,8026,69623,146604,2104,Monday,False,91.03999999999999,73.04,32.8,22.8,0.11811023622047245,3.0,0.0,0.0,2.4606296000000003,1.1,False,False,,True,False,False
2024-07-16,128877,29975,100247,79521,49356,20726,9249,79108,158852,2102,Tuesday,False,93.91999999999999,78.08,34.4,25.6,0.0,0.0,0.0,0.0,3.8027912,1.7,True,False,,False,False,False
2024-07-17,123901,27348,95892,76356,47545,19536,7812,75616,151249,2102,Wednesday,False,89.96000000000001,71.96,32.2,22.2,1.4606299212598426,37.1,0.0,0.0,2.9080168,1.3,False,False,,True,True,False
2024-07-18,135294,33008,108018,84276,51018,23742,9266,82795,168302,2105,Thursday,False,86.0,71.96,30.0,22.2,0.0,0.0,0.0,0.0,2.6843232,1.2,True,False,,False,False,False
2024-07-19,128938,40498,111363,82846,46092,28517,11981,78569,169436,2104,Friday,False,82.94,66.92,28.3,19.4,0.0,0.0,0.0,0.0,2.9080168,1.3,False,False,,False,False,False
2024-07-20,110936,49212,105525,72270,38666,33255,15957,71211,160148,2098,Saturday,True,82.94,71.06,28.3,21.7,0.0,0.0,0.0,0.0,2.0132424,0.9,False,False,,False,False,False
2024-07-21,103435,45127,96295,66010,37425,30285,14842,65722,148562,2095,Sunday,True,87.98,73.04,31.1,22.8,0.0,0.0,0.0,0.0,2.6843232,1.2,True,False,,False,False,False
2024-07-22,118658,28027,94064,74177,44481,19887,8140,71004,146685,2102,Monday,False,84.02,71.06,28.9,21.7,0.011811023622047244,0.3,0.0,0.0,2.6843232,1.2,False,False,,True,False,False
2024-07-23,120411,26564,95173,76041,44370,19132,7432,71625,146975,2105,Tuesday,False,80.96,71.06,27.2,21.7,0.11023622047244094,2.8,0.0,0.0,4.0264848,1.8,False,False,,True,False,False
2024-07-24,134223,30610,105972,84095,50128,21877,8733,81815,164833,2103,Wednesday,False,80.96,73.04,27.2,22.8,0.0,0.0,0.0,0.0,4.2501784,1.9,True,False,,False,False,False
2024-07-25,135842,33906,110229,86040,49802,24189,9717,82960,169748,2103,Thursday,False,82.94,71.96,28.3,22.2,0.0,0.0,0.0,0.0,2.9080168,1.3,False,False,,False,False,False
2024-07-26,129876,40961,113776,84320,45556,29456,11505,78237,170837,2103,Friday,False,84.02,66.92,28.9,19.4,0.0,0.0,0.0,0.0,5.1449527999999995,2.3,False,False,,False,False,False
2024-07-27,113744,53660,110378,74368,39376,36010,17650,72847,167404,2105,Saturday,True,87.08000000000001,69.08,30.6,20.6,0.0,0.0,0.0,0.0,3.5790976000000003,1.6,False,False,,False,False,False
2024-07-28,105409,45839,99314,67961,37448,31353,14486,65026,151248,2099,Sunday,True,89.06,69.98,31.7,21.1,0.0,0.0,0.0,0.0,3.8027912,1.7,False,False,,False,False,False
2024-07-29,120892,29005,96765,76073,44819,20692,8313,72652,149897,2104,Monday,False,84.02,68.0,28.9,20.0,0.05118110236220473,1.3,0.0,0.0,2.9080168,1.3,False,False,,True,False,False
2024-07-30,136836,32122,110009,86875,49961,23134,8988,83253,168958,2103,Tuesday,False,87.98,75.02,31.1,23.9,0.0,0.0,0.0,0.0,2.9080168,1.3,False,False,,False,False,False
2024-07-31,135245,31061,110072,87338,47907,22734,8327,82677,166306,2106,Wednesday,False,89.06,73.04,31.7,22.8,0.03149606299212599,0.8,0.0,0.0,3.355404,1.5,False,False,,True,False,False
2024-08-01,131142,32810,110977,86537,44605,24440,8370,80197,163952,2106,Thursday,False,95.0,75.92,35.0,24.4,0.0,0.0,0.0,0.0,2.0132424,0.9,False,False,,False,False,False
2024-08-02,110049,31400,98280,74870,35179,23410,7990,64924,141449,2105,Friday,False,91.94,73.94,33.3,23.3,0.5196850393700787,13.2,0.0,0.0,2.4606296000000003,1.1,False,False,,True,True,False
2024-08-03,92006,44048,89354,61384,30622,27970,16078,61463,136054,2091,Saturday,True,93.02,73.04,33.9,22.8,0.7283464566929134,18.5,0.0,0.0,4.0264848,1.8,False,False,,True,True,False
2024-08-04,82691,30560,77006,55277,27414,21729,8831,48836,113251,2094,Sunday,True,82.94,71.06,28.3,21.7,0.16929133858267717,4.3,0.0,0.0,3.1317104,1.4,False,False,,True,False,False
2024-08-05,122701,31711,102342,79405,43296,22937,8774,74470,154412,2111,Monday,False,89.96000000000001,73.04,32.2,22.8,0.0,0.0,0.0,0.0,2.6843232,1.2,False,False,,False,False,False
2024-08-06,95028,19924,76947,62148,32880,14799,5125,57563,114952,2103,Tuesday,False,89.96000000000001,71.96,32.2,22.2,2.078740157480315,52.8,0.0,0.0,3.355404,1.5,False,False,,True,True,False
2024-08-07,91994,17135,75465,62181,29813,13284,3851,53600,109129,2094,Wednesday,False,71.96,64.04,22.2,17.8,0.12992125984251968,3.3,0.0,0.0,8.2766632,3.7,False,False,,True,False,False
2024-08-08,80900,14857,67029,55376,25524,11653,3204,45390,95757,2092,Thursday,False,69.98,64.94,21.1,18.3,0.3582677165354331,9.1,0.0,0.0,7.158195200000001,3.2,False,False,,True,False,False
2024-08-09,98701,23717,85696,67332,31369,18364,5353,56733,122418,2099,Friday,False,80.06,69.98,26.7,21.1,0.11023622047244094,2.8,0.0,0.0,6.039727200000001,2.7,False,False,,True,False,False
2024-08-10,118245,61060,113744,76292,41953,37452,23608,82790,179305,2090,Saturday,True,84.91999999999999,73.04,29.4,22.8,0.0,0.0,0.0,0.0,4.473872,2.0,False,False,,False,False,False
2024-08-11,105257,46585,99731,68191,37066,31540,15045,65667,151842,2096,Sunday,True,80.06,69.08,26.7,20.6,0.0,0.0,0.0,0.0,2.9080168,1.3,False,False,,False,False,False
2024-08-12,120565,30230,97508,76207,44358,21301,8929,72307,150795,2102,Monday,False,80.96,66.02,27.2,18.9,0.0,0.0,0.0,0.0,3.355404,1.5,True,False,,False,False,False
2024-08-13,133134,31739,107386,84864,48270,22522,9217,80797,164873,2105,Tuesday,False,80.96,64.04,27.2,17.8,0.0,0.0,0.0,0.0,3.5790976000000003,1.6,False,False,,False,False,False
2024-08-14,138252,33258,112014,88183,50069,23831,9427,84144,171510,2107,Wednesday,False,84.91999999999999,66.92,29.4,19.4,0.0,0.0,0.0,0.0,3.1317104,1.4,False,False,,False,False,False
2024-08-15,134956,34955,112916,87571,47385,25345,9610,83195,169911,2103,Thursday,False,86.0,68.0,30.0,20.0,0.0,0.0,0.0,0.0,0.8947744000000001,0.4,False,False,,False,False,False
2024-08-16,125526,38694,111867,83594,41932,28273,10421,76008,164220,2102,Friday,False,87.08000000000001,69.98,30.6,21.1,0.0,0.0,0.0,0.0,3.1317104,1.4,False,False,,False,False,False
2024-08-17,104178,53326,98914,67138,37040,31776,21550,71397,157504,2098,Saturday,True,78.98,66.92,26.1,19.4,0.03937007874015748,1.0,0.0,0.0,3.5790976000000003,1.6,False,False,,True,False,False
2024-08-18,82978,31947,76846,54434,28544,22412,9535,50309,114925,2089,Sunday,True,80.96,69.08,27.2,20.6,2.2913385826771657,58.2,0.0,0.0,3.1317104,1.4,False,False,,True,True,False
2024-08-19,114362,27239,93165,73206,41156,19959,7280,66988,141601,2106,Monday,False,84.02,68.0,28.9,20.0,0.2519685039370079,6.4,0.0,0.0,2.9080168,1.3,False,False,,True,False,False
2024-08-20,132476,31605,106609,84036,48440,22573,9032,80396,164081,2109,Tuesday,False,71.96,60.980000000000004,22.2,16.1,0.0,0.0,0.0,0.0,5.8160336,2.6,False,False,,False,False,False
2024-08-21,134777,32250,108766,85686,49091,23080,9170,81450,167027,2105,Wednesday,False,73.04,57.02,22.8,13.9,0.0,0.0,0.0,0.0,5.8160336,2.6,True,False,,False,False,False
2024-08-22,132209,33811,108648,84630,47579,24018,9793,81421,166020,2109,Thursday,False,75.92,59.0,24.4,15.0,0.0,0.0,0.0,0.0,3.355404,1.5,False,False,,False,False,False
2024-08-23,126012,39259,111233,82894,43118,28339,10920,76126,165271,2104,Friday,False,80.06,62.059999999999995,26.7,16.7,0.0,0.0,0.0,0.0,2.6843232,1.2,False,False,,False,False,False
2024-08-24,112478,51925,107805,73741,38737,34064,17861,70364,164403,2099,Saturday,True,82.94,64.94,28.3,18.3,0.0,0.0,0.0,0.0,1.3421616,0.6,False,False,,False,False,False
2024-08-25,101668,43046,95802,66062,35606,29740,13306,62535,144714,2101,Sunday,True,84.91999999999999,68.0,29.4,20.0,0.0,0.0,0.0,0.0,2.6843232,1.2,False,False,,False,False,False
2024-08-26,114322,26722,92534,73096,41226,19438,7284,66439,141044,2110,Monday,False,84.91999999999999,69.08,29.4,20.6,0.03937007874015748,1.0,0.0,0.0,2.236936,1.0,False,False,,True,False,False
2024-08-27,133089,31612,108366,85519,47570,22847,8765,81339,164701,2105,Tuesday,False,86.0,66.92,30.0,19.4,0.0,0.0,0.0,0.0,2.4606296000000003,1.1,False,False,,False,False,False
2024-08-28,130970,30161,108565,86203,44767,22362,7799,79715,161131,2111,Wednesday,False,91.03999999999999,73.94,32.8,23.3,0.0,0.0,0.0,0.0,4.921259200000001,2.2,True,False,,False,False,False
2024-08-29,127345,31694,107366,84044,43301,23322,8372,76840,159039,2109,Thursday,False,82.04,69.98,27.8,21.1,0.0,0.0,0.0,0.0,6.4871144,2.9,True,False,,False,False,False
2024-08-30,111445,34641,99717,74527,36918,25190,9451,66511,146086,2108,Friday,False,73.94,60.980000000000004,23.3,16.1,0.2992125984251969,7.6,0.0,0.0,5.3686464,2.4,False,False,,True,False,False
2024-08-31,93827,43671,93137,62580,31247,30557,13114,59126,137498,2086,Saturday,True,77.0,66.92,25.0,19.4,0.0,0.0,0.0,0.0,2.0132424,0.9,False,False,,False,False,False
2024-09-01,86857,41485,86848,57673,29184,29175,12310,54532,128342,2089,Sunday,True,80.96,73.04,27.2,22.8,0.0,0.0,0.0,0.0,2.6843232,1.2,True,False,,False,False,False
2024-09-02,99632,44609,93943,63688,35944,30255,14354,61489,144241,2089,Monday,False,78.98,62.959999999999994,26.1,17.2,0.0,0.0,0.0,0.0,4.473872,2.0,False,True,Labor Day,False,False,False
2024-09-03,135654,29593,106762,85384,50270,21378,8215,82698,165247,2108,Tuesday,False,73.94,57.92,23.3,14.4,0.0,0.0,0.0,0.0,4.0264848,1.8,False,False,,False,False,False
2024-09-04,148068,31469,117383,94394,53674,22989,8480,91493,179537,2107,Wednesday,False,77.0,59.0,25.0,15.0,0.0,0.0,0.0,0.0,2.0132424,0.9,False,False,,False,False,False
2024-09-05,141020,31839,114328,90992,50028,23336,8503,88112,172859,2104,Thursday,False,77.0,60.980000000000004,25.0,16.1,0.0,0.0,0.0,0.0,4.473872,2.0,False,False,,False,False,False
2024-09-06,139245,37375,120333,92697,46548,27636,9739,86210,176620,2105,Friday,False,78.08,62.959999999999994,25.6,17.2,0.0,0.0,0.0,0.0,3.355404,1.5,False,False,,False,False,False
2024-09-07,106114,37275,99176,71950,34164,27226,10049,64958,143389,2093,Saturday,True,75.92,59.0,24.4,15.0,0.24015748031496062,6.1,0.0,0.0,3.355404,1.5,False,False,,True,False,False
2024-09-08,116059,43930,105400,74769,41290,30631,13299,70809,159989,2097,Sunday,True,69.08,55.04,20.6,12.8,0.0,0.0,0.0,0.0,4.921259200000001,2.2,False,False,,False,False,False
2024-09-09,138384,29264,109528,88088,50296,21440,7824,82596,167648,2104,Monday,False,75.02,55.04,23.9,12.8,0.0,0.0,0.0,0.0,2.4606296000000003,1.1,False,False,,False,False,False
2024-09-10,153295,31820,121466,98144,55151,23322,8498,94429,185115,2096,Tuesday,False,78.08,62.059999999999995,25.6,16.7,0.0,0.0,0.0,0.0,4.2501784,1.9,False,False,,False,False,False
2024-09-11,155984,32981,123323,99373,56611,23950,9031,96012,188965,2102,Wednesday,False,78.98,59.0,26.1,15.0,0.0,0.0,0.0,0.0,2.236936,1.0,False,False,,False,False,False
2024-09-12,155126,33911,124953,99929,55197,25024,8887,97204,189037,2106,Thursday,False,80.06,62.059999999999995,26.7,16.7,0.0,0.0,0.0,0.0,1.7895488000000002,0.8,False,False,,False,False,False
2024-09-13,149249,40207,128695,98826,50423,29869,10338,91238,189456,2111,Friday,False,82.04,62.959999999999994,27.8,17.2,0.0,0.0,0.0,0.0,1.3421616,0.6,False,False,,False,False,False
2024-09-14,130666,54275,125961,87523,43143,38438,15837,84280,184941,2101,Saturday,True,82.94,64.94,28.3,18.3,0.0,0.0,0.0,0.0,2.6843232,1.2,False,False,,False,False,False
2024-09-15,118544,45865,109302,77330,41214,31972,13893,73003,164409,2100,Sunday,True,80.06,62.959999999999994,26.7,17.2,0.0,0.0,0.0,0.0,4.6975656,2.1,False,False,,False,False,False
2024-09-16,139983,29387,109322,87927,52056,21395,7992,83745,169370,2106,Monday,False,77.0,60.08,25.0,15.6,0.0,0.0,0.0,0.0,5.1449527999999995,2.3,False,False,,False,False,False
2024-09-17,152927,29804,118688,96848,56079,21840,7964,92428,182731,2111,Tuesday,False,78.98,64.94,26.1,18.3,0.0,0.0,0.0,0.0,4.6975656,2.1,False,False,,False,False,False
2024-09-18,155110,30498,121451,98902,56208,22549,7949,94370,185608,2112,Wednesday,False,75.02,66.92,23.9,19.4,0.0,0.0,0.0,0.0,6.4871144,2.9,False,False,,False,False,False
2024-09-19,157740,34524,126038,100676,57064,25362,9162,97987,192264,2109,Thursday,False,84.02,66.92,28.9,19.4,0.0,0.0,0.0,0.0,5.3686464,2.4,False,False,,False,False,False
2024-09-20,152873,41172,130916,100596,52277,30320,10852,93177,194045,2104,Friday,False,80.96,66.92,27.2,19.4,0.0,0.0,0.0,0.0,6.710808,3.0,False,False,,False,False,False
2024-09-21,135230,54424,127463,89669,45561,37794,16630,87088,189654,2090,Saturday,True,78.98,62.959999999999994,26.1,17.2,0.0,0.0,0.0,0.0,6.710808,3.0,False,False,,False,False,False
2024-09-22,119377,45578,108005,76691,42686,31314,14264,74052,164955,2096,Sunday,True,73.94,60.980000000000004,23.3,16.1,0.0,0.0,0.0,0.0,6.039727200000001,2.7,False,False,,False,False,False
2024-09-23,126984,24851,99389,81006,45978,18383,6468,74563,151835,2094,Monday,False,66.92,59.0,19.4,15.0,0.03937007874015748,1.0,0.0,0.0,5.8160336,2.6,False,False,,True,False,False
2024-09-24,147334,30588,115534,93227,54107,22307,8281,90598,177922,2087,Tuesday,False,68.0,59.0,20.0,15.0,0.0,0.0,0.0,0.0,5.59234,2.5,True,False,,False,False,False
2024-09-25,143729,28916,114781,93122,50607,21659,7257,87972,172645,2083,Wednesday,False,68.0,62.059999999999995,20.0,16.7,0.0,0.0,0.0,0.0,4.921259200000001,2.2,False,False,,False,False,False
2024-09-26,133758,26452,108633,88269,45489,20364,6088,81156,160210,2096,Thursday,False,73.94,64.04,23.3,17.8,0.07874015748031496,2.0,0.0,0.0,2.0132424,0.9,False,False,,True,False,False
2024-09-27,143579,37161,123851,96083,47496,27768,9393,87346,180740,2102,Friday,False,73.94,62.959999999999994,23.3,17.2,0.1811023622047244,4.6,0.0,0.0,4.0264848,1.8,False,False,,True,False,False
2024-09-28,70320,19576,64775,49781,20539,14994,4582,39567,89896,2064,Saturday,True,68.0,60.980000000000004,20.0,16.1,0.25984251968503935,6.6,0.0,0.0,8.7240504,3.9,False,False,,True,False,False
2024-09-29,57085,14124,50601,39534,17551,11067,3057,31590,71209,2055,Sunday,True,62.959999999999994,60.08,17.2,15.6,0.7795275590551182,19.8,0.0,0.0,5.8160336,2.6,False,False,,True,True,False
2024-09-30,140317,27478,108445,88464,51853,19981,7497,81909,167795,2108,Monday,False,71.96,60.08,22.2,15.6,0.0,0.0,0.0,0.0,5.1449527999999995,2.3,False,False,,False,False,False
2024-10-01,150024,27242,115895,95625,54399,20270,6972,89139,177266,2114,Tuesday,False,69.08,60.08,20.6,15.6,0.0,0.0,0.0,0.0,6.2634208,2.8,False,False,,False,False,False
2024-10-02,148853,27868,116054,95455,53398,20599,7269,88437,176721,2113,Wednesday,False,68.0,57.92,20.0,14.4,0.0,0.0,0.0,0.0,4.2501784,1.9,False,False,,False,False,False
2024-10-03,138711,29972,111963,89847,48864,22116,7856,84857,168683,2111,Thursday,False,71.96,62.059999999999995,22.2,16.7,0.0,0.0,0.0,0.0,0.8947744000000001,0.4,False,False,,False,False,False
2024-10-04,136429,36034,117337,90776,45653,26561,9473,83677,172463,2110,Friday,False,73.04,60.08,22.8,15.6,0.0,0.0,0.0,0.0,1.118468,0.5,False,False,,False,False,False
2024-10-05,129824,52836,122819,86231,43593,36588,16248,82258,182660,2109,Saturday,True,75.02,60.980000000000004,23.9,16.1,0.0,0.0,0.0,0.0,4.2501784,1.9,False,False,,False,False,False
2024-10-06,114498,43092,103726,73923,40575,29803,13289,69476,157590,2103,Sunday,True,71.06,55.04,21.7,12.8,0.0,0.0,0.0,0.0,2.4606296000000003,1.1,False,False,,False,False,False
2024-10-07,137025,26205,105749,86401,50624,19348,6857,79544,163230,2115,Monday,False,75.02,57.92,23.9,14.4,0.0,0.0,0.0,0.0,5.59234,2.5,False,False,,False,False,False
2024-10-08,149144,26811,113810,93955,55189,19855,6956,89350,175955,2112,Tuesday,False,68.0,53.06,20.0,11.7,0.0,0.0,0.0,0.0,2.9080168,1.3,False,False,,False,False,False
2024-10-09,151017,27779,117979,97070,53947,20909,6870,90685,178796,2117,Wednesday,False,68.0,53.96,20.0,12.2,0.0,0.0,0.0,0.0,3.5790976000000003,1.6,True,False,,False,False,False
2024-10-10,142182,26193,112435,92764,49418,19671,6522,84811,168375,2117,Thursday,False,62.059999999999995,48.92,16.7,9.4,0.0,0.0,0.0,0.0,6.2634208,2.8,False,False,,False,False,False
2024-10-11,136420,32828,117123,92259,44161,24864,7964,80196,169248,2111,Friday,False,68.0,46.04,20.0,7.8,0.0,0.0,0.0,0.0,4.2501784,1.9,False,False,,False,False,False
2024-10-12,119020,49436,115746,80820,38200,34926,14510,75734,168456,2111,Saturday,True,73.94,55.94,23.3,13.3,0.0,0.0,0.0,0.0,4.921259200000001,2.2,False,False,,False,False,False
2024-10-13,110803,44418,104593,73435,37368,31158,13260,68836,155221,2107,Sunday,True,69.08,55.04,20.6,12.8,0.0,0.0,0.0,0.0,4.921259200000001,2.2,False,False,,False,False,False
2024-10-14,108455,24281,88489,70619,37836,17870,6411,63693,132736,2106,Monday,False,66.02,48.02,18.9,8.9,0.0,0.0,0.0,0.0,6.039727200000001,2.7,False,True,Columbus Day,False,False,False
2024-10-15,129103,21009,100194,84153,44950,16041,4968,75630,150112,2111,Tuesday,False,57.02,44.96,13.9,7.2,0.0,0.0,0.0,0.0,5.8160336,2.6,False,False,,False,False,False
2024-10-16,132454,21326,103982,87703,44751,16279,5047,77820,153780,2111,Wednesday,False,59.0,44.06,15.0,6.7,0.0,0.0,0.0,0.0,6.2634208,2.8,False,False,,False,False,False
2024-10-17,130796,23113,105323,87622,43174,17701,5412,78476,153909,2112,Thursday,False,57.92,42.980000000000004,14.4,6.1,0.0,0.0,0.0,0.0,5.1449527999999995,2.3,False,False,,False,False,False
2024-10-18,133473,31424,114750,91267,42206,23483,7941,79620,164897,2114,Friday,False,66.02,48.02,18.9,8.9,0.0,0.0,0.0,0.0,4.2501784,1.9,False,False,,False,False,False
2024-10-19,122781,46157,116053,83147,39634,32906,13251,76861,168938,2110,Saturday,True,71.06,50.0,21.7,10.0,0.0,0.0,0.0,0.0,1.3421616,0.6,False,False,,False,False,False
2024-10-20,113334,41319,103473,74489,38845,28984,12335,67696,154653,2106,Sunday,True,73.04,51.98,22.8,11.1,0.0,0.0,0.0,0.0,1.5658552,0.7,False,False,,False,False,False
2024-10-21,136065,27826,105840,85863,50202,19977,7849,80255,163891,2111,Monday,False,78.98,57.02,26.1,13.9,0.0,0.0,0.0,0.0,2.6843232,1.2,False,False,,False,False,False
2024-10-22,150766,29258,117696,96392,54374,21304,7954,90323,180024,2108,Tuesday,False,80.96,62.059999999999995,27.2,16.7,0.0,0.0,0.0,0.0,1.3421616,0.6,False,False,,False,False,False
2024-10-23,154061,28599,120340,99104,54957,21236,7363,92835,182660,2104,Wednesday,False,75.02,59.0,23.9,15.0,0.0,0.0,0.0,0.0,2.0132424,0.9,False,False,,False,False,False
2024-10-24,147385,28399,117687,96437,50948,21250,7149,89595,175784,2104,Thursday,False,69.08,53.06,20.6,11.7,0.0,0.0,0.0,0.0,4.921259200000001,2.2,True,False,,False,False,False
2024-10-25,138230,32027,117635,93444,44786,24191,7836,82024,170257,2105,Friday,False,62.059999999999995,46.04,16.7,7.8,0.0,0.0,0.0,0.0,2.9080168,1.3,False,False,,False,False,False
2024-10-26,122682,43088,113549,82683,39999,30866,12222,75412,165770,2104,Saturday,True,64.04,51.08,17.8,10.6,0.0,0.0,0.0,0.0,5.3686464,2.4,False,False,,False,False,False
2024-10-27,100600,31597,87122,65043,35557,22079,9518,58446,132197,2088,Sunday,True,57.02,44.96,13.9,7.2,0.0,0.0,0.0,0.0,2.9080168,1.3,False,False,,False,False,False
2024-10-28,125783,21343,95230,79366,46417,15864,5479,72565,147126,2106,Monday,False,60.980000000000004,46.04,16.1,7.8,0.0,0.0,0.0,0.0,2.9080168,1.3,False,False,,False,False,False
2024-10-29,138512,22321,106356,89640,48872,16716,5605,82017,160833,2093,Tuesday,False,62.959999999999994,51.98,17.2,11.1,0.011811023622047244,0.3,0.0,0.0,3.1317104,1.4,False,False,,True,False,False
2024-10-30,153554,28191,121694,100676,52878,21018,7173,92730,181745,2090,Wednesday,False,75.92,57.92,24.4,14.4,0.0,0.0,0.0,0.0,3.355404,1.5,False,False,,False,False,False
2024-10-31,155859,34583,129398,103451,52408,25947,8636,96017,190442,2084,Thursday,False,80.96,60.980000000000004,27.2,16.1,0.0,0.0,0.0,0.0,3.8027912,1.7,False,False,,False,False,False
2024-11-01,142816,37537,123165,95566,47250,27599,9938,89760,180353,2077,Friday,False,78.98,57.02,26.1,13.9,0.0,0.0,0.0,0.0,6.2634208,2.8,True,False,,False,False,False
2024-11-02,115845,39275,105452,77578,38267,27874,11401,72438,155120,2067,Saturday,True,60.08,46.94,15.6,8.3,0.0,0.0,0.0,0.0,4.2501784,1.9,False,False,,False,False,False
2024-11-03,97391,31360,86628,63905,33486,22723,8637,55837,128751,2067,Sunday,True,53.96,41.0,12.2,5.0,0.0,0.0,0.0,0.0,5.1449527999999995,2.3,False,False,,False,False,False
2024-11-04,120669,19810,91944,77285,43384,14659,5151,70164,140479,2103,Monday,False,57.92,44.06,14.4,6.7,0.0,0.0,0.0,0.0,4.0264848,1.8,False,False,,False,False,False
2024-11-05,139376,24738,109250,90917,48459,18333,6405,81891,164114,2107,Tuesday,False,73.04,53.96,22.8,12.2,0.0,0.0,0.0,0.0,3.355404,1.5,False,False,,False,False,False
2024-11-06,147288,26517,117701,97494,49794,20207,6310,87650,173805,2106,Wednesday,False,80.06,64.04,26.7,17.8,0.0,0.0,0.0,0.0,4.0264848,1.8,False,False,,False,False,False
2024-11-07,145453,26336,115827,95901,49552,19926,6410,87719,171789,2104,Thursday,False,73.04,53.96,22.8,12.2,0.0,0.0,0.0,0.0,5.1449527999999995,2.3,False,False,,False,False,False
2024-11-08,135279,29116,114051,91785,43494,22266,6850,80136,164395,2103,Friday,False,69.08,50.0,20.6,10.0,0.0,0.0,0.0,0.0,5.3686464,2.4,False,False,,False,False,False
2024-11-09,102969,31580,93027,69985,32984,23042,8538,61612,134549,2087,Saturday,True,53.96,42.980000000000004,12.2,6.1,0.0,0.0,0.0,0.0,4.2501784,1.9,False,False,,False,False,False
2024-11-10,88246,24285,75691,58244,30002,17447,6838,50510,112531,2081,Sunday,True,57.92,44.96,14.4,7.2,0.07874015748031496,2.0,0.0,0.0,3.355404,1.5,False,False,,True,False,False
2024-11-11,115738,21289,90627,74899,40839,15728,5561,67794,137027,2098,Monday,False,68.0,55.04,20.0,12.8,0.0984251968503937,2.5,0.0,0.0,6.4871144,2.9,False,True,Veterans Day,True,False,False
2024-11-12,118255,14979,89528,77706,40549,11822,3157,68254,133234,2094,Tuesday,False,59.0,41.0,15.0,5.0,0.0,0.0,0.0,0.0,9.6188248,4.3,False,False,,False,False,False
2024-11-13,116537,15028,89205,77330,39207,11875,3153,67577,131565,2089,Wednesday,False,50.0,37.04,10.0,2.8,0.0,0.0,0.0,0.0,6.2634208,2.8,False,False,,False,False,False
2024-11-14,108758,14624,84921,73216,35542,11705,2919,63422,123382,2089,Thursday,False,46.94,37.04,8.3,2.8,0.0,0.0,0.0,0.0,4.6975656,2.1,False,False,,False,False,False
2024-11-15,118400,22146,98708,81226,37174,17482,4664,68031,140546,2090,Friday,False,57.92,41.0,14.4,5.0,0.0,0.0,0.0,0.0,4.921259200000001,2.2,False,False,,False,False,False
2024-11-16,107657,32476,97607,73345,34312,24262,8214,64562,140133,2088,Saturday,True,62.059999999999995,44.96,16.7,7.2,0.0,0.0,0.0,0.0,8.5003568,3.8,False,False,,False,False,False
2024-11-17,98012,27712,83932,63887,34125,20045,7667,56763,125724,2082,Sunday,True,62.959999999999994,44.06,17.2,6.7,0.0,0.0,0.0,0.0,4.6975656,2.1,False,False,,False,False,False
2024-11-18,122001,19175,91597,77271,44730,14326,4849,70587,141176,2090,Monday,False,66.02,48.92,18.9,9.4,0.0,0.0,0.0,0.0,4.2501784,1.9,False,False,,False,False,False
2024-11-19,128452,18251,98221,84151,44301,14070,4181,75124,146703,2093,Tuesday,False,60.08,46.94,15.6,8.3,0.0,0.0,0.0,0.0,2.236936,1.0,True,False,,False,False,False
2024-11-20,132771,19625,103711,88252,44519,15459,4166,78765,152396,2100,Wednesday,False,60.08,53.06,15.6,11.7,0.0,0.0,0.0,0.0,2.9080168,1.3,False,False,,False,False,False
2024-11-21,51513,5767,42098,37124,14389,4974,793,27088,57280,2062,Thursday,False,53.96,37.04,12.2,2.8,1.5708661417322836,39.9,0.0,0.0,6.9345016,3.1,False,False,,True,True,False
2024-11-22,57602,7055,46570,40567,17035,6003,1052,30579,64657,2059,Friday,False,39.92,37.04,4.4,2.8,0.531496062992126,13.5,0.0,0.0,6.039727200000001,2.7,False,False,,True,True,False
2024-11-23,81323,18257,69801,55665,25658,14136,4121,44979,99580,2086,Saturday,True,48.92,37.04,9.4,2.8,0.01968503937007874,0.5,0.0,0.0,8.2766632,3.7,False,False,,True,False,False
2024-11-24,78088,17948,65971,52353,25735,13618,4330,42229,96036,2087,Sunday,True,53.06,44.06,11.7,6.7,0.0,0.0,0.0,0.0,9.842518400000001,4.4,True,False,,False,False,False
2024-11-25,106852,16433,82998,70186,36666,12812,3621,60507,123285,2097,Monday,False,53.96,41.0,12.2,5.0,0.0,0.0,0.0,0.0,3.1317104,1.4,False,False,,False,False,False
2024-11-26,91496,14526,75187,63278,28218,11909,2617,51328,106022,2093,Tuesday,False,57.92,46.04,14.4,7.8,0.1889763779527559,4.8,0.0,0.0,4.6975656,2.1,False,False,,True,False,False
2024-11-27,95508,17947,79812,65354,30154,14458,3489,52608,113455,2085,Wednesday,False,51.98,42.980000000000004,11.1,6.1,0.0,0.0,0.0,0.0,4.473872,2.0,False,False,,False,False,False
2024-11-28,22002,5075,19976,15767,6235,4209,866,11153,27077,1974,Thursday,False,48.92,42.08,9.4,5.6,0.8582677165354331,21.8,0.0,0.0,5.59234,2.5,False,True,Thanksgiving Day,True,True,False
2024-11-29,49182,10568,41842,33579,15603,8263,2305,26400,59750,2078,Friday,False,46.94,33.98,8.3,1.1,0.0,0.0,0.0,0.0,5.8160336,2.6,True,False,,False,False,False
2024-11-30,50116,10327,41988,34089,16027,7899,2428,26210,60443,2068,Saturday,True,39.02,30.2,3.9,-1.0,0.0,0.0,0.0,0.0,7.6055824,3.4,False,False,,False,False,False
2024-12-01,49999,8019,39734,33391,16608,6343,1676,25315,58018,2052,Sunday,True,37.94,27.14,3.3,-2.7,0.0,0.0,0.0,0.0,7.3818888,3.3,False,False,,False,False,False
2024-12-02,83215,8278,61343,54545,28670,6798,1480,44998,91493,2091,Monday,False,39.02,29.12,3.9,-1.6,0.0,0.0,0.0,0.0,5.3686464,2.4,False,False,,False,False,False
2024-12-03,94034,9415,70536,62776,31258,7760,1655,52909,103449,2093,Tuesday,False,42.08,32.0,5.6,0.0,0.0,0.0,0.0,0.0,6.039727200000001,2.7,True,False,,False,False,False
2024-12-04,95574,9779,73022,64922,30652,8100,1679,54138,105353,2088,Wednesday,False,42.08,30.2,5.6,-1.0,0.011811023622047244,0.3,0.0,0.0,4.473872,2.0,False,False,,True,False,False
2024-12-05,86596,9102,67884,60212,26384,7672,1430,49742,95698,2086,Thursday,False,39.92,31.1,4.4,-0.5,0.0905511811023622,2.3,0.0,0.0,8.5003568,3.8,False,False,,True,False,False
2024-12-06,83355,9857,66681,58517,24838,8164,1693,45742,93212,2085,Friday,False,33.98,30.2,1.1,-1.0,0.0,0.0,0.0,0.0,8.5003568,3.8,False,False,,False,False,False
2024-12-07,72130,14216,61097,49982,22148,11115,3101,40556,86346,2073,Saturday,True,41.0,31.1,5.0,-0.5,0.0,0.0,0.0,0.0,7.6055824,3.4,False,False,,False,False,False
2024-12-08,78053,16925,65507,52580,25473,12927,3998,43276,94978,2084,Sunday,True,55.04,37.94,12.8,3.3,0.0,0.0,0.0,0.0,6.039727200000001,2.7,False,False,,False,False,False
2024-12-09,79213,8748,59649,52612,26601,7037,1711,43556,87961,2081,Monday,False,51.08,44.06,10.6,6.7,0.1811023622047244,4.6,0.0,0.0,3.5790976000000003,1.6,False,False,,True,False,False
2024-12-10,88575,9767,67145,59324,29251,7821,1946,51137,98342,2099,Tuesday,False,50.0,44.06,10.0,6.7,0.25984251968503935,6.6,0.0,0.0,5.59234,2.5,False,False,,True,False,False
2024-12-11,59886,6902,47660,42001,17885,5659,1243,33353,66788,2067,Wednesday,False,60.08,41.0,15.6,5.0,0.8503937007874017,21.6,0.0,0.0,6.4871144,2.9,False,False,,True,True,False
2024-12-12,83597,9903,62280,54625,28972,7655,2248,49904,93500,2093,Thursday,False,41.0,29.12,5.0,-1.6,0.0,0.0,0.0,0.0,9.3951312,4.2,False,False,,False,False,False
2024-12-13,83413,10562,66770,58153,25260,8617,1945,46824,93975,2102,Friday,False,33.08,27.14,0.6,-2.7,0.0,0.0,0.0,0.0,6.710808,3.0,False,False,,False,False,False
2024-12-14,68006,12521,57285,47392,20614,9893,2628,38302,80527,2076,Saturday,True,33.98,26.240000000000002,1.1,-3.2,0.0,0.0,0.0,0.0,4.921259200000001,2.2,False,False,,False,False,False
2024-12-15,62843,11291,51302,42546,20297,8756,2535,34841,74134,2070,Sunday,True,41.0,28.22,5.0,-2.1,0.05905511811023623,1.5,0.0,0.0,5.1449527999999995,2.3,False,False,,True,False,False
2024-12-16,52390,5407,41184,36628,15762,4556,851,28899,57797,2051,Monday,False,51.98,37.94,11.1,3.3,0.909448818897638,23.1,0.0,0.0,5.1449527999999995,2.3,False,False,,True,True,False
2024-12-17,109193,15389,86361,74083,35110,12278,3111,64031,124582,2105,Tuesday,False,59.0,48.92,15.0,9.4,0.01968503937007874,0.5,0.0,0.0,5.1449527999999995,2.3,False,False,,True,False,False
2024-12-18,92630,12785,73817,63663,28967,10154,2631,53022,105415,2103,Wednesday,False,53.06,42.08,11.7,5.6,0.3188976377952756,8.1,0.0,0.0,2.6843232,1.2,False,False,,True,False,False
2024-12-19,93699,12585,74430,64406,29293,10024,2561,53414,106284,2108,Thursday,False,44.96,37.04,7.2,2.8,0.05118110236220473,1.3,0.0,0.0,6.710808,3.0,False,False,,True,False,False
2024-12-20,68661,8949,56051,48590,20071,7461,1488,36959,77610,2088,Friday,False,37.04,33.08,2.8,0.6,0.03937007874015748,1.0,0.0,0.0,8.5003568,3.8,False,False,,True,False,False
2024-12-21,34095,4630,27974,24153,9942,3821,809,18101,38725,2000,Saturday,True,33.08,19.22,0.6,-7.1,0.14960629921259844,3.8,46.0,50.0,10.5135992,4.7,False,False,,True,False,True
2024-12-22,27951,3611,22631,19676,8275,2955,656,14324,31562,1962,Sunday,True,21.2,13.100000000000001,-6.0,-10.5,0.0,0.0,0.0,30.0,7.6055824,3.4,False,False,,False,False,False
2024-12-23,39927,4497,31160,27449,12478,3711,786,21456,44424,2048,Monday,False,31.1,13.100000000000001,-0.5,-10.5,0.0,0.0,0.0,30.0,3.1317104,1.4,False,False,,False,False,False
2024-12-24,29128,3670,23420,20335,8793,3085,585,15147,32798,2030,Tuesday,False,39.02,28.22,3.9,-2.1,0.0984251968503937,2.5,25.0,30.0,4.921259200000001,2.2,False,False,,True,False,True
2024-12-25,17737,3821,15129,12124,5613,3005,816,8967,21558,1957,Wednesday,False,35.06,28.22,1.7,-2.1,0.0,0.0,0.0,30.0,3.8027912,1.7,False,True,Christmas Day,False,False,False
2024-12-26,36901,5764,29584,24931,11970,4653,1111,19670,42665,2060,Thursday,False,35.96,24.26,2.2,-4.3,0.0,0.0,0.0,30.0,3.1317104,1.4,False,False,,False,False,False
2024-12-27,45893,8159,37917,31472,14421,6445,1714,24557,54052,2084,Friday,False,44.06,26.240000000000002,6.7,-3.2,0.0,0.0,0.0,30.0,1.118468,0.5,False,False,,False,False,False
2024-12-28,22774,3922,19713,16434,6340,3279,643,11192,26696,1989,Saturday,True,53.96,39.92,12.2,4.4,0.5590551181102362,14.2,0.0,0.0,1.3421616,0.6,False,False,,True,True,False
2024-12-29,48220,13183,43303,33144,15076,10159,3024,26249,61403,2063,Sunday,True,60.08,50.0,15.6,10.0,0.16141732283464566,4.1,0.0,0.0,4.6975656,2.1,False,False,,True,False,False
2024-12-30,67429,15470,57122,45655,21774,11467,4003,37997,82899,2090,Monday,False,57.92,48.92,14.4,9.4,0.3700787401574803,9.4,0.0,0.0,6.4871144,2.9,False,False,,True,False,False
2024-12-31,61754,15128,53914,42403,19351,11511,3617,34228,76882,2081,Tuesday,False,53.06,44.06,11.7,6.7,0.4015748031496063,10.2,0.0,0.0,5.1449527999999995,2.3,False,False,,True,False,False
2025-01-01,40495,10891,36813,28384,12111,8429,2462,21754,51386,2046,Wednesday,False,51.08,39.02,10.6,3.9,0.0,0.0,0.0,0.0,8.2766632,3.7,True,True,New Year's Day,False,False,False
2025-01-02,63295,8445,49263,42616,20679,6647,1798,33371,71740,2096,Thursday,False,42.980000000000004,33.08,6.1,0.6,0.0,0.0,0.0,0.0,9.6188248,4.3,False,False,,False,False,False
2025-01-03,66302,9022,53091,45817,20485,7274,1748,34601,75324,2103,Friday,False,39.02,31.1,3.9,-0.5,0.0,0.0,0.0,0.0,7.829276,3.5,False,False,,False,False,False
2025-01-04,48144,7209,38991,33230,14914,5761,1448,24576,55353,2048,Saturday,True,33.08,28.22,0.6,-2.1,0.0,0.0,0.0,0.0,10.066212,4.5,False,False,,False,False,False
2025-01-05,45956,6192,36341,31420,14536,4921,1271,22809,52148,2028,Sunday,True,33.08,28.22,0.6,-2.1,0.0,0.0,0.0,0.0,8.5003568,3.8,False,False,,False,False,False
2025-01-06,54445,4047,39981,36562,17883,3419,628,28673,58492,2065,Monday,False,30.2,22.1,-1.0,-5.5,0.07874015748031496,2.0,23.0,0.0,4.6975656,2.1,False,False,,True,False,True
2025-01-07,60753,4419,45115,41397,19356,3718,701,33767,65172,2076,Tuesday,False,33.08,19.22,0.6,-7.1,0.0,0.0,0.0,30.0,12.7505352,5.7,False,False,,False,False,False
2025-01-08,62070,4475,47000,43212,18858,3788,687,34257,66545,2068,Wednesday,False,30.2,23.18,-1.0,-4.9,0.0,0.0,0.0,0.0,11.8557608,5.3,False,False,,False,False,False
2025-01-09,62560,4778,48146,44076,18484,4070,708,34625,67338,2059,Thursday,False,33.08,22.1,0.6,-5.5,0.0,0.0,0.0,0.0,12.9742288,5.8,False,False,,False,False,False
2025-01-10,73481,7853,58042,51525,21956,6517,1336,39506,81334,2095,Friday,False,39.02,27.14,3.9,-2.7,0.0,0.0,0.0,0.0,8.0529696,3.6,False,False,,False,False,False
2025-01-11,56706,8007,45824,39432,17274,6392,1615,30284,64713,2081,Saturday,True,35.96,28.22,2.2,-2.1,0.01968503937007874,0.5,13.0,30.0,7.158195200000001,3.2,False,False,,True,False,True
2025-01-12,60227,9157,47757,40757,19470,7000,2157,31070,69384,2073,Sunday,True,42.08,30.2,5.6,-1.0,0.0,0.0,0.0,0.0,4.921259200000001,2.2,False,False,,False,False,False
2025-01-13,79368,7244,58600,52807,26561,5793,1451,43162,86612,2100,Monday,False,42.08,33.08,5.6,0.6,0.0,0.0,0.0,0.0,5.3686464,2.4,False,False,,False,False,False
2025-01-14,76185,6158,57163,52061,24124,5102,1056,42542,82343,2091,Tuesday,False,35.06,25.16,1.7,-3.8,0.0,0.0,0.0,0.0,8.5003568,3.8,False,False,,False,False,False
2025-01-15,74460,5765,56711,51894,22566,4817,948,41521,80225,2075,Wednesday,False,32.0,23.18,0.0,-4.9,0.0,0.0,0.0,0.0,8.2766632,3.7,False,False,,False,False,False
2025-01-16,74241,6123,56989,51898,22343,5091,1032,41251,80364,2086,Thursday,False,30.2,23.18,-1.0,-4.9,0.0,0.0,0.0,0.0,5.3686464,2.4,True,False,,False,False,False
2025-01-17,77975,8930,62275,54924,23051,7351,1579,41833,86905,2097,Friday,False,42.08,26.240000000000002,5.6,-3.2,0.0,0.0,0.0,0.0,4.921259200000001,2.2,False,False,,False,False,False
2025-01-18,53304,8499,44052,37317,15987,6735,1764,28305,61803,2049,Saturday,True,46.04,35.06,7.8,1.7,0.0905511811023622,2.3,0.0,0.0,4.921259200000001,2.2,False,False,,True,False,False
2025-01-19,38042,5661,29870,25479,12563,4391,1270,19569,43703,2007,Sunday,True,41.0,24.26,5.0,-4.3,0.25984251968503935,6.6,41.0,0.0,5.3686464,2.4,False,False,,True,False,True
2025-01-20,30524,2451,23316,21284,9240,2032,419,15679,32975,1935,Monday,False,26.240000000000002,17.240000000000002,-3.2,-8.2,0.0,0.0,0.0,30.0,7.3818888,3.3,True,True,Martin Luther King Jr. Day,False,False,False
2025-01-21,47077,2825,35034,32643,14434,2391,434,26263,49902,2024,Tuesday,False,19.22,11.120000000000001,-7.1,-11.6,0.0,0.0,0.0,30.0,6.4871144,2.9,False,False,,False,False,False
2025-01-22,52282,3239,39550,36815,15467,2735,504,29050,55521,2032,Wednesday,False,20.12,10.220000000000002,-6.6,-12.1,0.0,0.0,0.0,30.0,5.8160336,2.6,False,False,,False,False,False
2025-01-23,60964,4384,46039,42358,18606,3681,703,34223,65348,2058,Thursday,False,28.22,17.240000000000002,-2.1,-8.2,0.0,0.0,0.0,30.0,5.1449527999999995,2.3,False,False,,False,False,False
2025-01-24,65571,6131,51437,46389,19182,5048,1083,35796,71702,2079,Friday,False,33.08,23.18,0.6,-4.9,0.0,0.0,0.0,30.0,4.473872,2.0,False,False,,False,False,False
2025-01-25,54152,7083,43493,37884,16268,5609,1474,28983,61235,2039,Saturday,True,33.08,20.12,0.6,-6.6,0.0,0.0,0.0,30.0,6.039727200000001,2.7,False,False,,False,False,False
2025-01-26,58129,8388,46513,39964,18165,6549,1839,30820,66517,2050,Sunday,True,42.980000000000004,31.1,6.1,-0.5,0.0,0.0,0.0,0.0,6.710808,3.0,False,False,,False,False,False
2025-01-27,73997,6041,54767,49877,24120,4890,1151,40854,80038,2095,Monday,False,39.92,31.1,4.4,-0.5,0.0,0.0,0.0,0.0,6.4871144,2.9,False,False,,False,False,False
2025-01-28,83347,6726,62030,56556,26791,5474,1252,46870,90073,2095,Tuesday,False,42.08,32.0,5.6,0.0,0.0,0.0,0.0,0.0,8.5003568,3.8,False,False,,False,False,False
2025-01-29,84357,7898,65327,58838,25519,6489,1409,48707,92255,2087,Wednesday,False,51.98,31.1,11.1,-0.5,0.0,0.0,0.0,0.0,10.5135992,4.7,False,False,,False,False,False
2025-01-30,80621,6963,62640,56823,23798,5817,1146,45492,87584,2101,Thursday,False,37.94,25.16,3.3,-3.8,0.0,0.0,0.0,0.0,6.9345016,3.1,False,False,,False,False,False
2025-01-31,62752,6589,50584,45100,17652,5484,1105,33695,69341,2078,Friday,False,48.02,35.96,8.9,2.2,0.16141732283464566,4.1,0.0,0.0,3.5790976000000003,1.6,False,False,,True,False,False
2025-02-01,62246,9926,50688,43048,19198,7640,2286,33731,72172,2076,Saturday,True,48.02,21.2,8.9,-6.0,0.0,0.0,0.0,0.0,7.829276,3.5,True,False,,False,False,False
2025-02-02,45489,5756,34918,30495,14994,4423,1333,23462,51245,2028,Sunday,True,31.1,17.240000000000002,-0.5,-8.2,0.11023622047244094,2.8,25.0,0.0,6.4871144,2.9,False,False,,True,False,True
2025-02-03,79002,6933,57860,52281,26721,5579,1354,44366,85935,2092,Monday,False,48.92,31.1,9.4,-0.5,0.0,0.0,0.0,30.0,3.8027912,1.7,False,False,,False,False,False
2025-02-04,87104,7513,65324,59268,27836,6056,1457,49411,94617,2104,Tuesday,False,46.94,30.2,8.3,-1.0,0.0,0.0,0.0,0.0,9.3951312,4.2,False,False,,False,False,False
2025-02-05,81826,6807,62282,56751,25075,5531,1276,46604,88633,2097,Wednesday,False,35.96,26.240000000000002,2.2,-3.2,0.0,0.0,0.0,0.0,6.039727200000001,2.7,False,False,,False,False,False
2025-02-06,53174,4566,41710,37885,15289,3825,741,29473,57740,2052,Thursday,False,37.94,30.2,3.3,-1.0,0.33858267716535434,8.6,13.0,30.0,6.2634208,2.8,False,False,,True,False,True
2025-02-07,80062,8496,63590,56709,23353,6881,1615,44275,88558,2100,Friday,False,42.980000000000004,30.2,6.1,-1.0,0.0,0.0,0.0,0.0,8.5003568,3.8,False,False,,False,False,False
2025-02-08,55907,8273,45299,38833,17074,6466,1807,30528,64180,2059,Saturday,True,35.06,26.240000000000002,1.7,-3.2,0.610236220472441,15.5,76.0,0.0,3.8027912,1.7,False,False,,True,True,True
2025-02-09,32541,3531,25451,22545,9996,2906,625,17290,36072,1952,Sunday,True,35.96,30.2,2.2,-1.0,0.05905511811023623,1.5,3.0,80.0,4.921259200000001,2.2,False,False,,True,False,True
2025-02-10,64867,4899,47973,44009,20858,3964,935,35905,69766,2085,Monday,False,37.04,29.12,2.8,-1.6,0.0,0.0,0.0,50.0,5.1449527999999995,2.3,False,False,,False,False,False
2025-02-11,69975,5001,52015,47932,22043,4083,918,39792,74976,2084,Tuesday,False,35.06,28.22,1.7,-2.1,0.11811023622047245,3.0,30.0,30.0,2.9080168,1.3,False,False,,True,False,True
2025-02-12,61645,4177,46550,43014,18631,3536,641,35751,65822,2033,Wednesday,False,35.96,31.1,2.2,-0.5,0.11023622047244094,2.8,10.0,80.0,8.5003568,3.8,False,False,,True,False,True
2025-02-13,69397,6037,53543,48536,20861,5007,1030,39574,75434,2071,Thursday,False,46.04,35.06,7.8,1.7,0.14960629921259844,3.8,0.0,50.0,7.6055824,3.4,False,False,,True,False,False
2025-02-14,69796,7290,55219,49216,20580,6003,1287,38125,77086,2082,Friday,False,35.96,29.12,2.2,-1.6,0.0,0.0,0.0,0.0,7.6055824,3.4,False,False,,False,False,False
2025-02-15,36859,4785,29210,25399,11460,3811,974,19140,41644,2005,Saturday,True,35.06,28.22,1.7,-2.1,0.31102362204724415,7.9,13.0,0.0,5.1449527999999995,2.3,False,False,,True,False,True
2025-02-16,26527,3261,21324,18680,7847,2644,617,13597,29788,1896,Sunday,True,46.94,33.08,8.3,0.6,0.7716535433070867,19.6,0.0,0.0,9.3951312,4.2,False,False,,True,True,False
2025-02-17,47829,5264,37153,33055,14774,4098,1166,24748,53093,2032,Monday,False,35.96,26.240000000000002,2.2,-3.2,0.0,0.0,0.0,0.0,14.316390400000001,6.4,False,True,Washington's Birthday,False,False,False
2025-02-18,54803,3695,40643,37581,17222,3062,633,31304,58498,2039,Tuesday,False,27.14,19.22,-2.7,-7.1,0.0,0.0,0.0,0.0,10.7372928,4.8,False,False,,False,False,False
2025-02-19,61101,4387,45923,42336,18765,3587,800,35125,65488,2059,Wednesday,False,30.2,17.240000000000002,-1.0,-8.2,0.0,0.0,0.0,0.0,8.947744,4.0,False,False,,False,False,False
2025-02-20,54365,3969,41097,37762,16603,3335,634,31206,58334,2048,Thursday,False,29.12,18.14,-1.6,-7.7,0.011811023622047244,0.3,10.0,0.0,7.6055824,3.4,False,False,,True,False,True
2025-02-21,56460,4946,43478,39490,16970,3988,958,31913,61406,2051,Friday,False,35.06,21.2,1.7,-6.0,0.0,0.0,0.0,0.0,10.7372928,4.8,False,False,,False,False,False
2025-02-22,55752,8296,44853,38530,17222,6323,1973,30491,64048,2052,Saturday,True,39.92,21.2,4.4,-6.0,0.0,0.0,0.0,0.0,5.1449527999999995,2.3,False,False,,False,False,False
2025-02-23,59877,10256,48110,40402,19475,7708,2548,31750,70133,2071,Sunday,True,46.04,33.08,7.8,0.6,0.0,0.0,0.0,0.0,4.6975656,2.1,False,False,,False,False,False
2025-02-24,82580,7841,61012,54891,27689,6121,1720,45756,90421,2089,Monday,False,48.92,35.06,9.4,1.7,0.0,0.0,0.0,0.0,5.8160336,2.6,False,False,,False,False,False
2025-02-25,97051,10207,72910,65016,32035,7894,2313,55937,107258,2116,Tuesday,False,57.02,42.980000000000004,13.9,6.1,0.0,0.0,0.0,0.0,3.5790976000000003,1.6,False,False,,False,False,False
2025-02-26,103316,12167,78558,69170,34146,9388,2779,60471,115483,2107,Wednesday,False,55.94,42.980000000000004,13.3,6.1,0.0,0.0,0.0,0.0,5.3686464,2.4,True,False,,False,False,False
2025-02-27,91501,10211,70945,62740,28761,8205,2006,52755,101712,2103,Thursday,False,53.96,44.06,12.2,6.7,0.011811023622047244,0.3,0.0,0.0,5.3686464,2.4,False,False,,True,False,False
2025-02-28,96428,14111,78174,67164,29264,11010,3101,53967,110539,2112,Friday,False,51.08,41.0,10.6,5.0,0.0,0.0,0.0,0.0,6.710808,3.0,False,False,,False,False,False
2025-03-01,78606,18995,68207,54406,24200,13801,5194,44747,97601,2094,Saturday,True,64.04,27.14,17.8,-2.7,0.0,0.0,0.0,0.0,9.6188248,4.3,False,False,,False,False,False
2025-03-02,48446,6550,38132,33184,15262,4948,1602,24974,54996,2036,Sunday,True,33.08,20.12,0.6,-6.6,0.0,0.0,0.0,0.0,9.6188248,4.3,False,False,,False,False,False
2025-03-03,72725,6565,54672,49452,23273,5220,1345,40080,79290,2085,Monday,False,39.02,23.18,3.9,-4.9,0.0,0.0,0.0,0.0,4.473872,2.0,False,False,,False,False,False
2025-03-04,94848,10198,73660,65523,29325,8137,2061,54569,105046,2111,Tuesday,False,51.98,33.98,11.1,1.1,0.0,0.0,0.0,0.0,4.0264848,1.8,False,False,,False,False,False
2025-03-05,65280,6531,51163,45931,19349,5232,1299,36460,71811,2077,Wednesday,False,53.96,42.08,12.2,5.6,1.7086614173228347,43.4,0.0,0.0,7.158195200000001,3.2,False,False,,True,True,False
2025-03-06,91628,9941,70359,62487,29141,7872,2069,53067,101569,2106,Thursday,False,55.04,35.96,12.8,2.2,0.0,0.0,0.0,0.0,8.5003568,3.8,False,False,,False,False,False
2025-03-07,86314,11369,70105,61165,25149,8940,2429,48682,97683,2108,Friday,False,50.0,33.98,10.0,1.1,0.0,0.0,0.0,0.0,11.8557608,5.3,False,False,,False,False,False
2025-03-08,69858,13200,58702,48619,21239,10083,3117,38479,83058,2088,Saturday,True,44.96,35.96,7.2,2.2,0.0,0.0,0.0,0.0,8.947744,4.0,False,False,,False,False,False
2025-03-09,67238,13360,56071,46109,21129,9962,3398,36170,80598,2103,Sunday,True,53.06,32.0,11.7,0.0,0.0,0.0,0.0,0.0,7.158195200000001,3.2,False,False,,False,False,False
2025-03-10,102770,15567,80930,69005,33765,11925,3642,59334,118337,2122,Monday,False,66.02,44.96,18.9,7.2,0.0,0.0,0.0,0.0,5.59234,2.5,False,False,,False,False,False
2025-03-11,115997,17396,91371,78500,37497,12871,4525,68285,133393,2123,Tuesday,False,64.94,44.06,18.3,6.7,0.0,0.0,0.0,0.0,3.8027912,1.7,False,False,,False,False,False
2025-03-12,107678,13650,84157,73550,34128,10607,3043,62667,121328,2118,Wednesday,False,55.04,42.08,12.8,5.6,0.0,0.0,0.0,0.0,6.2634208,2.8,False,False,,False,False,False
2025-03-13,103861,13898,81869,71136,32725,10733,3165,61082,117759,2110,Thursday,False,50.0,39.02,10.0,3.9,0.0,0.0,0.0,0.0,7.829276,3.5,False,False,,False,False,False
2025-03-14,103659,17475,86901,73225,30434,13676,3799,59073,121134,2112,Friday,False,57.02,39.92,13.9,4.4,0.0,0.0,0.0,0.0,5.1449527999999995,2.3,False,False,,False,False,False
2025-03-15,75919,16794,66960,54073,21846,12887,3907,43224,92713,2084,Saturday,True,48.92,41.0,9.4,5.0,0.0,0.0,0.0,0.0,4.2501784,1.9,False,False,,False,False,False
2025-03-16,72840,17334,64314,51057,21783,13257,4077,41066,90174,2090,Sunday,True,60.980000000000004,46.94,16.1,8.3,0.011811023622047244,0.3,0.0,0.0,6.9345016,3.1,False,False,,True,False,False
2025-03-17,76797,9180,61597,54069,22728,7528,1652,42801,85977,2087,Monday,False,59.0,37.04,15.0,2.8,0.9212598425196851,23.4,0.0,0.0,4.921259200000001,2.2,False,False,,True,True,False
2025-03-18,107346,15526,86740,74758,32588,11982,3544,62999,122872,2117,Tuesday,False,60.980000000000004,35.06,16.1,1.7,0.0,0.0,0.0,0.0,3.355404,1.5,False,False,,False,False,False
2025-03-19,113834,17655,92843,79181,34653,13662,3993,67330,131489,2124,Wednesday,False,62.959999999999994,42.980000000000004,17.2,6.1,0.0,0.0,0.0,0.0,4.473872,2.0,False,False,,False,False,False
2025-03-20,87095,10974,70666,61791,25304,8875,2099,51405,98069,2110,Thursday,False,51.98,42.08,11.1,5.6,1.0590551181102361,26.9,0.0,0.0,5.8160336,2.6,False,False,,True,True,False
2025-03-21,89934,13849,75352,64330,25604,11022,2827,50734,103783,2111,Friday,False,51.08,37.94,10.6,3.3,0.03149606299212599,0.8,0.0,0.0,10.5135992,4.7,False,False,,True,False,False
2025-03-22,87041,23973,79026,61169,25872,17857,6116,50656,111014,2114,Saturday,True,64.04,39.92,17.8,4.4,0.0,0.0,0.0,0.0,6.710808,3.0,True,False,,False,False,False
2025-03-23,68085,14575,57765,46915,21170,10850,3725,36991,82660,2100,Sunday,True,48.02,31.1,8.9,-0.5,0.0,0.0,0.0,0.0,6.710808,3.0,False,False,,False,False,False
2025-03-24,52588,5032,41714,37486,15102,4228,804,28099,57620,2073,Monday,False,50.0,37.94,10.0,3.3,0.48031496062992124,12.2,0.0,0.0,4.0264848,1.8,False,False,,True,False,False
2025-03-25,108806,14834,86218,74644,34162,11574,3260,63083,123640,2121,Tuesday,False,57.92,46.94,14.4,8.3,0.0,0.0,0.0,0.0,4.921259200000001,2.2,False,False,,False,False,False
2025-03-26,99722,11803,79140,69781,29941,9359,2444,56989,111525,2119,Wednesday,False,53.06,37.04,11.7,2.8,0.0,0.0,0.0,0.0,5.1449527999999995,2.3,True,False,,False,False,False
2025-03-27,101966,13810,82278,71370,30596,10908,2902,58247,115776,2121,Thursday,False,53.06,33.98,11.7,1.1,0.0,0.0,0.0,0.0,7.158195200000001,3.2,False,False,,False,False,False
2025-03-28,102857,18598,87183,72863,29994,14320,4278,57743,121455,2128,Friday,False,62.959999999999994,46.04,17.2,7.8,0.03149606299212599,0.8,0.0,0.0,4.921259200000001,2.2,False,False,,True,False,False
2025-03-29,104573,38926,100734,73058,31515,27676,11250,62471,143499,2122,Saturday,True,80.96,42.980000000000004,27.2,6.1,0.0,0.0,0.0,0.0,8.2766632,3.7,True,False,,False,False,False
2025-03-30,71200,15933,60687,48757,22443,11930,4003,38525,87133,2100,Sunday,True,48.02,42.08,8.9,5.6,0.03937007874015748,1.0,0.0,0.0,6.4871144,2.9,False,False,,True,False,False
2025-03-31,89235,13538,70118,59750,29485,10368,3170,51633,102773,2118,Monday,False,73.04,44.96,22.8,7.2,1.2401574803149606,31.5,0.0,0.0,3.1317104,1.4,False,False,,True,True,False
2025-04-01,107098,13775,83850,73225,33873,10625,3150,62107,120873,2124,Tuesday,False,57.92,41.0,14.4,5.0,0.07874015748031496,2.0,0.0,0.0,7.158195200000001,3.2,False,False,,True,False,False
2025-04-02,101173,11641,79957,70707,30466,9250,2391,58208,112814,2110,Wednesday,False,48.92,37.04,9.4,2.8,0.0,0.0,0.0,0.0,7.6055824,3.4,True,False,,False,False,False
2025-04-03,111727,17156,92781,79120,32607,13661,3495,66080,128883,2123,Thursday,False,73.04,44.06,22.8,6.7,0.05118110236220473,1.3,0.0,0.0,5.3686464,2.4,False,False,,True,False,False
2025-04-04,118758,25102,104122,84600,34158,19522,5580,69889,143860,2125,Friday,False,73.04,57.02,22.8,13.9,0.0905511811023622,2.3,0.0,0.0,4.6975656,2.1,False,False,,True,False,False
2025-04-05,64183,12992,55959,45939,18244,10020,2972,35848,77175,2091,Saturday,True,59.0,42.980000000000004,15.0,6.1,0.1889763779527559,4.8,0.0,0.0,8.2766632,3.7,False,False,,True,False,False
2025-04-06,74841,16779,65055,52200,22641,12855,3924,40557,91620,2106,Sunday,True,55.94,42.980000000000004,13.3,6.1,0.7598425196850395,19.3,0.0,0.0,3.355404,1.5,False,False,,True,True,False
2025-04-07,65164,6326,51882,46580,18584,5302,1024,34614,71490,2094,Monday,False,50.0,39.02,10.0,3.9,0.12992125984251968,3.3,0.0,0.0,6.9345016,3.1,False,False,,True,False,False
2025-04-08,95571,10094,75104,66909,28662,8195,1899,54221,105665,2111,Tuesday,False,44.96,35.06,7.2,1.7,0.0,0.0,0.0,0.0,9.842518400000001,4.4,False,False,,False,False,False
2025-04-09,100936,12012,80840,71322,29614,9518,2494,57804,112948,2119,Wednesday,False,48.92,31.1,9.4,-0.5,0.0,0.0,0.0,0.0,6.2634208,2.8,False,False,,False,False,False
2025-04-10,96900,11656,77715,68309,28591,9406,2250,55153,108556,2115,Thursday,False,51.08,39.92,10.6,4.4,0.011811023622047244,0.3,0.0,0.0,4.921259200000001,2.2,False,False,,True,False,False
2025-04-11,64307,7478,53219,46990,17317,6229,1249,34618,71785,2101,Friday,False,46.04,39.92,7.8,4.4,0.40944881889763785,10.4,0.0,0.0,8.5003568,3.8,False,False,,True,False,False
2025-04-12,38526,5028,32031,27878,10648,4153,875,19961,43554,2037,Saturday,True,39.92,35.96,4.4,2.2,0.6299212598425197,16.0,0.0,0.0,9.171437599999999,4.1,False,False,,True,True,False
2025-04-13,77736,18613,67466,53636,24100,13830,4783,43617,96349,2114,Sunday,True,57.92,39.02,14.4,3.9,0.0,0.0,0.0,0.0,5.3686464,2.4,False,False,,False,False,False
2025-04-14,101290,17057,82687,69820,31470,12867,4190,59339,118347,2120,Monday,False,66.02,48.02,18.9,8.9,0.07086614173228346,1.8,0.0,0.0,2.9080168,1.3,False,False,,True,False,False
2025-04-15,113284,19274,92367,78159,35125,14208,5066,68382,132558,2124,Tuesday,False,69.08,48.02,20.6,8.9,0.011811023622047244,0.3,0.0,0.0,7.158195200000001,3.2,False,False,,True,False,False
2025-04-16,98887,13241,78931,68717,30170,10214,3027,58183,112128,2108,Wednesday,False,50.0,44.06,10.0,6.7,0.0,0.0,0.0,0.0,10.5135992,4.7,False,False,,False,False,False
2025-04-17,113822,23493,95075,78358,35464,16717,6776,69490,137315,2126,Thursday,False,64.04,42.08,17.8,5.6,0.0,0.0,0.0,0.0,6.710808,3.0,False,False,,False,False,False
2025-04-18,106845,27874,94800,74462,32383,20338,7536,64239,134719,2115,Friday,False,68.0,48.02,20.0,8.9,0.0,0.0,0.0,0.0,3.8027912,1.7,False,False,,False,False,False
2025-04-19,110801,44896,109471,77601,33200,31870,13026,68735,155697,2131,Saturday,True,84.91999999999999,53.96,29.4,12.2,0.0,0.0,0.0,0.0,6.2634208,2.8,False,False,,False,False,False
2025-04-20,86348,31263,80894,58886,27462,22008,9255,51387,117611,2120,Sunday,True,73.04,55.04,22.8,12.8,0.0,0.0,0.0,0.0,6.710808,3.0,False,False,,False,False,False
2025-04-21,101640,14643,79052,68045,33595,11007,3636,57782,116283,2124,Monday,False,57.02,50.0,13.9,10.0,0.0,0.0,0.0,0.0,6.710808,3.0,True,False,,False,False,False
2025-04-22,134824,23818,107371,90002,44822,17369,6449,81063,158642,2129,Tuesday,False,82.04,53.06,27.8,11.7,0.0,0.0,0.0,0.0,3.5790976000000003,1.6,False,False,,False,False,False
2025-04-23,139225,25153,108621,90740,48485,17881,7272,83541,164378,2124,Wednesday,False,75.92,53.96,24.4,12.2,0.0,0.0,0.0,0.0,2.9080168,1.3,False,False,,False,False,False
2025-04-24,142646,28772,111420,91402,51244,20018,8754,87192,171418,2130,Thursday,False,77.0,55.94,25.0,13.3,0.0,0.0,0.0,0.0,3.1317104,1.4,False,False,,False,False,False
2025-04-25,135824,33089,114519,90959,44865,23560,9529,80976,168913,2131,Friday,False,77.0,60.08,25.0,15.6,0.0,0.0,0.0,0.0,6.039727200000001,2.7,True,False,,False,False,False
2025-04-26,92950,36603,86352,64671,28279,21681,14922,58891,129553,2105,Saturday,True,73.94,53.06,23.3,11.7,0.8188976377952757,20.8,0.0,0.0,4.921259200000001,2.2,False,False,,True,True,False
2025-04-27,92892,28761,84153,64025,28867,20128,8633,51163,121653,2103,Sunday,True,59.0,48.02,15.0,8.9,0.0,0.0,0.0,0.0,8.5003568,3.8,False,False,,False,False,False
2025-04-28,128613,24307,102812,85304,43309,17508,6799,75545,152920,2123,Monday,False,75.92,51.08,24.4,10.6,0.0,0.0,0.0,0.0,3.355404,1.5,False,False,,False,False,False
2025-04-29,143182,26500,116077,96523,46659,19554,6946,86411,169682,2125,Tuesday,False,78.98,55.94,26.1,13.3,0.0,0.0,0.0,0.0,4.921259200000001,2.2,False,False,,False,False,False
2025-04-30,147273,27398,119070,98857,48416,20213,7185,88619,174671,2122,Wednesday,False,73.04,59.0,22.8,15.0,0.0,0.0,0.0,0.0,5.8160336,2.6,False,False,,False,False,False
2025-05-01,141422,27854,116644,96122,45300,20522,7332,85944,169276,2118,Thursday,False,71.06,51.98,21.7,11.1,0.0,0.0,0.0,0.0,5.3686464,2.4,False,False,,False,False,False
2025-05-02,142276,37146,127941,100277,41999,27664,9482,85943,179422,2112,Friday,False,84.02,57.02,28.9,13.9,0.0,0.0,0.0,0.0,2.236936,1.0,False,False,,False,False,False
2025-05-03,128832,51132,126457,90223,38609,36234,14898,79945,179964,2095,Saturday,True,84.91999999999999,62.959999999999994,29.4,17.2,0.9488188976377954,24.1,0.0,0.0,2.9080168,1.3,False,False,,True,True,False
2025-05-04,71041,19821,61878,47990,23051,13888,5933,40019,90862,2089,Sunday,True,69.08,60.08,20.6,15.6,0.14960629921259844,3.8,0.0,0.0,2.9080168,1.3,False,False,,True,False,False
2025-05-05,67145,8164,51819,45449,21696,6370,1794,36698,75309,2085,Monday,False,60.980000000000004,57.02,16.1,13.9,0.7401574803149606,18.8,0.0,0.0,6.4871144,2.9,False,False,,True,True,False
2025-05-06,103999,14464,82973,71592,32407,11381,3083,60265,118463,2117,Tuesday,False,64.04,57.02,17.8,13.9,0.24015748031496062,6.1,0.0,0.0,3.5790976000000003,1.6,False,False,,True,False,False
2025-05-07,146835,27408,121232,100618,46217,20614,6794,89148,174243,2122,Wednesday,False,73.94,55.04,23.3,12.8,0.01968503937007874,0.5,0.0,0.0,1.5658552,0.7,False,False,,True,False,False
2025-05-08,143567,27828,119737,98653,44914,21084,6744,87678,171395,2126,Thursday,False,78.08,60.08,25.6,15.6,0.0,0.0,0.0,0.0,4.6975656,2.1,True,False,,False,False,False
2025-05-09,75997,12570,65592,55511,20486,10081,2489,42832,88567,2101,Friday,False,60.08,51.08,15.6,10.6,0.6889763779527559,17.5,0.0,0.0,7.158195200000001,3.2,False,False,,True,True,False
2025-05-10,126831,45406,121113,88811,38020,32302,13104,79151,172237,2117,Saturday,True,71.96,50.0,22.2,10.0,0.0,0.0,0.0,0.0,5.59234,2.5,True,False,,False,False,False
2025-05-11,111211,40723,103092,75295,35916,27797,12926,67512,151934,2120,Sunday,True,77.0,57.92,25.0,14.4,0.0,0.0,0.0,0.0,2.9080168,1.3,False,False,,False,False,False
2025-05-12,135283,25579,104778,86776,48507,18002,7577,79218,160862,2119,Monday,False,71.96,57.02,22.2,13.9,0.0,0.0,0.0,0.0,2.6843232,1.2,False,False,,False,False,False
2025-05-13,116318,16806,88322,75839,40479,12483,4323,67372,133124,2119,Tuesday,False,69.08,57.92,20.6,14.4,0.16141732283464566,4.1,0.0,0.0,3.1317104,1.4,False,False,,True,False,False
2025-05-14,60114,7142,49422,43559,16555,5863,1279,32542,67256,2093,Wednesday,False,62.059999999999995,55.94,16.7,13.3,1.220472440944882,31.0,0.0,0.0,6.2634208,2.8,False,False,,True,True,False
2025-05-15,137512,25258,115984,96346,41166,19638,5620,82214,162770,2125,Thursday,False,69.08,59.0,20.6,15.0,0.0,0.0,0.0,0.0,4.0264848,1.8,False,False,,False,False,False
2025-05-16,126459,28287,113021,90893,35566,22128,6159,74051,154746,2107,Friday,False,71.96,60.980000000000004,22.2,16.1,0.11023622047244094,2.8,0.0,0.0,1.3421616,0.6,False,False,,True,False,False
2025-05-17,135281,55425,135296,95873,39408,39423,16002,84603,190706,2117,Saturday,True,82.04,62.959999999999994,27.8,17.2,0.0,0.0,0.0,0.0,4.0264848,1.8,True,False,,False,False,False
2025-05-18,114810,42585,102027,74255,40555,27772,14813,67966,157395,2115,Sunday,True,73.04,60.980000000000004,22.8,16.1,0.0,0.0,0.0,0.0,9.171437599999999,4.1,False,False,,False,False,False
2025-05-19,127381,24813,97252,80226,47155,17026,7787,74130,152194,2127,Monday,False,69.08,51.08,20.6,10.6,0.0,0.0,0.0,0.0,8.5003568,3.8,False,False,,False,False,False
2025-05-20,140058,26101,108344,89928,50130,18416,7685,84021,166159,2126,Tuesday,False,66.92,48.92,19.4,9.4,0.0,0.0,0.0,0.0,5.8160336,2.6,False,False,,False,False,False
2025-05-21,95550,12641,74901,64941,30609,9960,2681,53607,108191,2116,Wednesday,False,59.0,48.92,15.0,9.4,0.0905511811023622,2.3,0.0,0.0,5.59234,2.5,False,False,,True,False,False
2025-05-22,59008,8097,49942,43232,15776,6710,1387,31882,67105,2099,Thursday,False,51.08,48.02,10.6,8.9,0.9015748031496063,22.9,0.0,0.0,7.829276,3.5,False,False,,True,True,False
2025-05-23,99736,19773,85602,70246,29490,15356,4417,55273,119509,2123,Friday,False,62.959999999999994,46.94,17.2,8.3,0.25984251968503935,6.6,0.0,0.0,1.3421616,0.6,False,False,,True,False,False
2025-05-24,87461,30382,82725,60714,26747,22011,8371,50161,117843,2118,Saturday,True,64.04,48.02,17.8,8.9,0.0,0.0,0.0,0.0,5.8160336,2.6,True,False,,False,False,False
2025-05-25,85857,34414,83545,59156,26701,24389,10025,49956,120271,2123,Sunday,True,66.02,51.98,18.9,11.1,0.0,0.0,0.0,0.0,4.921259200000001,2.2,False,False,,False,False,False
2025-05-26,100175,40639,95050,67149,33026,27901,12738,58137,140814,2131,Monday,False,73.04,51.98,22.8,11.1,0.0,0.0,0.0,0.0,3.8027912,1.7,False,True,Memorial Day,False,False,False
2025-05-27,136188,25160,110354,91751,44437,18603,6557,79517,161348,2129,Tuesday,False,73.94,57.02,23.3,13.9,0.0,0.0,0.0,0.0,2.0132424,0.9,False,False,,False,False,False
2025-05-28,89823,12661,71988,62284,27539,9704,2957,48980,102484,2124,Wednesday,False,64.94,51.98,18.3,11.1,0.4881889763779528,12.4,0.0,0.0,3.1317104,1.4,False,False,,True,False,False
2025-05-29,125342,23107,106549,88458,36884,18091,5016,75041,148449,2134,Thursday,False,66.92,55.04,19.4,12.8,0.0984251968503937,2.5,0.0,0.0,3.5790976000000003,1.6,False,False,,True,False,False
2025-05-30,136881,32531,123650,98410,38471,25240,7291,81441,169412,2134,Friday,False,75.02,62.059999999999995,23.9,16.7,0.0,0.0,0.0,0.0,3.5790976000000003,1.6,True,False,,False,False,False
2025-05-31,113117,36648,108875,81155,31962,27720,8928,68218,149765,2126,Saturday,True,66.92,53.06,19.4,11.7,0.46062992125984253,11.7,0.0,0.0,8.947744,4.0,False,False,,True,False,False
2025-06-01,106037,34029,99047,74349,31688,24698,9331,61031,140066,2124,Sunday,True,66.02,50.0,18.9,10.0,0.0,0.0,0.0,0.0,6.710808,3.0,False,False,,False,False,False
2025-06-02,133018,26262,111107,91196,41822,19911,6351,77782,159280,2128,Monday,False,71.06,53.06,21.7,11.7,0.0,0.0,0.0,0.0,2.236936,1.0,False,False,,False,False,False
2025-06-03,150280,29473,126131,103762,46518,22369,7104,91097,179753,2125,Tuesday,False,78.98,55.94,26.1,13.3,0.0,0.0,0.0,0.0,1.7895488000000002,0.8,False,False,,False,False,False
2025-06-04,159479,32747,135456,110448,49031,25008,7739,96248,192226,2126,Wednesday,False,82.94,62.059999999999995,28.3,16.7,0.0,0.0,0.0,0.0,3.355404,1.5,False,False,,False,False,False
2025-06-05,152454,34558,132637,106352,46102,26285,8273,93846,187012,2126,Thursday,False,87.08000000000001,69.98,30.6,21.1,0.0,0.0,0.0,0.0,4.2501784,1.9,False,False,,False,False,False
2025-06-06,144524,39900,133213,102797,41727,30416,9484,87026,184424,2126,Friday,False,84.02,71.06,28.9,21.7,0.01968503937007874,0.5,0.0,0.0,3.1317104,1.4,False,False,,True,False,False
2025-06-07,95682,32503,92355,68068,27614,24287,8216,56778,128185,2105,Saturday,True,75.92,66.02,24.4,18.9,0.7007874015748032,17.8,0.0,0.0,2.9080168,1.3,False,False,,True,True,False
2025-06-08,110576,40054,105347,76339,34237,29008,11046,65327,150630,2111,Sunday,True,75.92,62.959999999999994,24.4,17.2,0.0,0.0,0.0,0.0,6.710808,3.0,True,False,,False,False,False
2025-06-09,113777,20306,93444,77725,36052,15719,4587,65020,134083,2123,Monday,False,64.04,62.059999999999995,17.8,16.7,0.011811023622047244,0.3,0.0,0.0,4.921259200000001,2.2,False,False,,True,False,False
2025-06-10,122749,22293,101581,84308,38441,17273,5020,71559,145042,2124,Tuesday,False,73.04,62.059999999999995,22.8,16.7,0.4015748031496063,10.2,0.0,0.0,2.4606296000000003,1.1,False,False,,True,False,False
2025-06-11,159857,33257,132440,107643,52214,24797,8460,95514,193114,2124,Wednesday,False,80.96,64.94,27.2,18.3,0.0,0.0,0.0,0.0,3.1317104,1.4,False,False,,False,False,False
2025-06-12,157013,35094,134366,107946,49067,26420,8674,94661,192107,2127,Thursday,False,87.08000000000001,69.98,30.6,21.1,0.0,0.0,0.0,0.0,3.8027912,1.7,False,False,,False,False,False
2025-06-13,148202,38136,132561,103580,44622,28981,9155,87135,186338,2125,Friday,False,78.08,66.92,25.6,19.4,0.0,0.0,0.0,0.0,4.6975656,2.1,False,False,,False,False,False
2025-06-14,69893,18473,64467,50297,19596,14170,4303,39984,88366,2107,Saturday,True,68.0,59.0,20.0,15.0,0.2283464566929134,5.8,0.0,0.0,7.829276,3.5,False,False,,True,False,False
2025-06-15,78622,20825,70607,54975,23647,15632,5193,43354,99447,2111,Sunday,True,64.04,59.0,17.8,15.0,0.03149606299212599,0.8,0.0,0.0,4.473872,2.0,False,False,,True,False,False
2025-06-16,118790,21033,96589,80422,38368,16167,4866,67265,139823,2124,Monday,False,69.08,60.08,20.6,15.6,0.14960629921259844,3.8,0.0,0.0,6.2634208,2.8,False,False,,True,False,False
2025-06-17,125523,20927,101659,85617,39906,16042,4885,72835,146450,2132,Tuesday,False,66.92,62.059999999999995,19.4,16.7,0.01968503937007874,0.5,0.0,0.0,3.1317104,1.4,False,False,,True,False,False
2025-06-18,146910,30828,125597,101926,44984,23671,7157,88166,177738,2128,Wednesday,False,84.02,64.94,28.9,18.3,0.03149606299212599,0.8,0.0,0.0,1.5658552,0.7,False,False,,True,False,False
2025-06-19,111860,29561,101712,79280,32580,22432,7129,63151,141421,2122,Thursday,False,87.98,69.98,31.1,21.1,0.6496062992125985,16.5,0.0,0.0,4.0264848,1.8,False,True,Juneteenth National Independence Day,True,True,False
2025-06-20,138815,39127,127987,98179,40636,29808,9319,81315,177942,2125,Friday,False,82.04,66.92,27.8,19.4,0.0,0.0,0.0,0.0,7.829276,3.5,False,False,,False,False,False
2025-06-21,121454,50224,124515,87163,34291,37352,12872,73329,171678,2134,Saturday,True,86.0,71.96,30.0,22.2,0.0,0.0,0.0,0.0,1.7895488000000002,0.8,False,False,,False,False,False
2025-06-22,99483,35759,98111,71040,28443,27071,8688,57418,135242,2123,Sunday,True,87.98,71.06,31.1,21.7,0.0984251968503937,2.5,0.0,0.0,5.1449527999999995,2.3,False,False,,True,False,False
2025-06-23,128353,27212,113361,91860,36493,21501,5711,74529,155565,2130,Monday,False,96.08000000000001,80.06,35.6,26.7,0.0,0.0,0.0,0.0,2.0132424,0.9,False,False,,False,False,False
2025-06-24,137086,27239,120662,99135,37951,21527,5712,81043,164325,2126,Tuesday,False,98.96000000000001,80.96,37.2,27.2,0.0,0.0,0.0,0.0,2.9080168,1.3,False,False,,False,False,False
2025-06-25,141440,29073,123754,100897,40543,22857,6216,85997,170513,2123,Wednesday,False,96.08000000000001,80.96,35.6,27.2,0.0,0.0,0.0,0.0,2.6843232,1.2,False,False,,False,False,False
2025-06-26,144466,31595,122715,98986,45480,23729,7866,87327,176061,2126,Thursday,False,84.91999999999999,66.02,29.4,18.9,0.0,0.0,0.0,0.0,9.6188248,4.3,True,False,,False,False,False
2025-06-27,133459,33596,117779,92306,41153,25473,8123,80096,167055,2120,Friday,False,71.96,62.059999999999995,22.2,16.7,0.07086614173228346,1.8,0.0,0.0,6.2634208,2.8,False,False,,True,False,False
2025-06-28,118058,44471,117988,84691,33367,33297,11174,72066,162529,2104,Saturday,True,82.94,62.959999999999994,28.3,17.2,0.05118110236220473,1.3,0.0,0.0,1.7895488000000002,0.8,False,False,,True,False,False
2025-06-29,111165,43751,112087,79332,31833,32755,10996,67564,154916,2096,Sunday,True,89.06,77.0,31.7,25.0,0.0,0.0,0.0,0.0,3.8027912,1.7,False,False,,False,False,False
2025-06-30,125384,28201,107695,86410,38974,21285,6916,74503,153585,2120,Monday,False,89.96000000000001,71.06,32.2,21.7,0.0,0.0,0.0,0.0,3.355404,1.5,True,False,,False,False,False
2025-07-01,102328,19186,86541,71756,30572,14785,4401,59676,121514,2122,Tuesday,False,89.06,71.96,31.7,22.2,0.42913385826771655,10.9,0.0,0.0,2.6843232,1.2,False,False,,True,False,False
2025-07-02,131026,29528,113978,91320,39706,22658,6870,79128,160554,2125,Wednesday,False,84.02,71.06,28.9,21.7,0.03149606299212599,0.8,0.0,0.0,1.118468,0.5,False,False,,True,False,False
2025-07-03,114720,30094,105002,81493,33227,23509,6585,66604,144814,2124,Thursday,False,87.98,69.08,31.1,20.6,0.0,0.0,0.0,0.0,2.9080168,1.3,True,False,,False,False,False
2025-07-04,84666,42745,90580,59246,25420,31334,11411,51089,127411,2110,Friday,False,82.94,66.92,28.3,19.4,0.0,0.0,0.0,0.0,3.5790976000000003,1.6,False,True,Independence Day,False,False,False
2025-07-05,87054,41747,91139,60726,26328,30413,11334,53688,128801,2123,Saturday,True,84.02,68.0,28.9,20.0,0.0,0.0,0.0,0.0,3.1317104,1.4,False,False,,False,False,False
2025-07-06,93468,38376,93232,65178,28290,28054,10322,55626,131844,2124,Sunday,True,87.08000000000001,71.96,30.6,22.2,0.0,0.0,0.0,0.0,4.921259200000001,2.2,False,False,,False,False,False
2025-07-07,122260,25722,104090,84422,37838,19668,6054,71164,147982,2123,Monday,False,87.08000000000001,75.92,30.6,24.4,0.0,0.0,0.0,0.0,4.0264848,1.8,True,False,,False,False,False
2025-07-08,127799,24815,109690,90308,37491,19382,5433,76576,152614,2120,Tuesday,False,93.02,73.04,33.9,22.8,0.0905511811023622,2.3,0.0,0.0,3.1317104,1.4,False,False,,True,False,False
2025-07-09,141255,28872,121697,99415,41840,22282,6590,85420,170127,2122,Wednesday,False,89.96000000000001,73.04,32.2,22.8,0.05118110236220473,1.3,0.0,0.0,2.236936,1.0,False,False,,True,False,False
2025-07-10,142404,31137,124357,100203,42201,24154,6983,87370,173541,2121,Thursday,False,84.02,69.98,28.9,21.1,0.1811023622047244,4.6,0.0,0.0,1.7895488000000002,0.8,False,False,,True,False,False
2025-07-11,138265,37481,127360,98606,39659,28754,8727,83990,175746,2122,Friday,False,84.02,73.04,28.9,22.8,0.0,0.0,0.0,0.0,2.4606296000000003,1.1,False,False,,False,False,False
2025-07-12,125496,52616,128847,89959,35537,38888,13728,77396,178112,2119,Saturday,True,82.94,73.94,28.3,23.3,0.0,0.0,0.0,0.0,2.0132424,0.9,False,False,,False,False,False
2025-07-13,117447,44917,115601,82441,35006,33160,11757,70702,162364,2119,Sunday,True,82.94,71.06,28.3,21.7,0.0,0.0,0.0,0.0,3.5790976000000003,1.6,True,False,,False,False,False
2025-07-14,95549,18496,80676,66401,29148,14275,4221,54468,114045,2113,Monday,False,84.91999999999999,73.04,29.4,22.8,2.6417322834645667,67.1,0.0,0.0,2.4606296000000003,1.1,False,False,,True,True,False
2025-07-15,145568,30720,123991,100630,44938,23361,7359,89515,176288,2121,Tuesday,False,86.0,71.96,30.0,22.2,0.0,0.0,0.0,0.0,1.5658552,0.7,False,False,,False,False,False
2025-07-16,149752,32361,130550,105464,44288,25086,7275,91603,182113,2124,Wednesday,False,87.08000000000001,77.0,30.6,25.0,0.0,0.0,0.0,0.0,2.9080168,1.3,True,False,,False,False,False
2025-07-17,146090,33007,128185,102699,43391,25486,7521,89309,179097,2126,Thursday,False,89.96000000000001,75.02,32.2,23.9,0.0,0.0,0.0,0.0,6.710808,3.0,True,False,,False,False,False
2025-07-18,140253,39437,127244,97515,42738,29729,9708,84929,179690,2129,Friday,False,82.04,73.04,27.8,22.8,0.0,0.0,0.0,0.0,5.3686464,2.4,False,False,,False,False,False
2025-07-19,121031,49061,119808,84557,36474,35251,13810,75936,170092,2124,Saturday,True,80.96,69.08,27.2,20.6,0.0,0.0,0.0,0.0,3.5790976000000003,1.6,True,False,,False,False,False
2025-07-20,111690,42105,108925,77956,33734,30969,11136,68101,153795,2121,Sunday,True,87.98,75.02,31.1,23.9,0.0,0.0,0.0,0.0,3.355404,1.5,True,False,,False,False,False
2025-07-21,136724,29636,113653,91571,45153,22082,7554,81267,166360,2127,Monday,False,84.91999999999999,71.06,29.4,21.7,0.0,0.0,0.0,0.0,4.2501784,1.9,False,False,,False,False,False
2025-07-22,151247,31112,123434,100545,50702,22889,8223,91013,182359,2129,Tuesday,False,80.96,66.92,27.2,19.4,0.0,0.0,0.0,0.0,5.8160336,2.6,False,False,,False,False,False
2025-07-23,153884,32001,126856,103171,50713,23685,8316,93420,185885,2129,Wednesday,False,80.06,69.08,26.7,20.6,0.0,0.0,0.0,0.0,2.236936,1.0,False,False,,False,False,False
2025-07-24,150378,33833,127925,102789,47589,25136,8697,92470,184211,2128,Thursday,False,87.08000000000001,69.98,30.6,21.1,0.0,0.0,0.0,0.0,4.2501784,1.9,False,False,,False,False,False
2025-07-25,129902,34076,118663,92244,37658,26419,7657,77304,163978,2124,Friday,False,95.0,75.92,35.0,24.4,0.011811023622047244,0.3,0.0,0.0,4.473872,2.0,False,False,,True,False,False
2025-07-26,124946,52238,124980,87912,37034,37068,15170,77611,177184,2121,Saturday,True,84.91999999999999,73.94,29.4,23.3,0.0,0.0,0.0,0.0,5.1449527999999995,2.3,False,False,,False,False,False
2025-07-27,108417,38614,105378,76635,31782,28743,9871,63760,147031,2124,Sunday,True,84.02,73.04,28.9,22.8,0.0,0.0,0.0,0.0,2.9080168,1.3,True,False,,False,False,False
2025-07-28,134048,28920,113985,91958,42090,22027,6893,79535,162968,2124,Monday,False,93.91999999999999,75.92,34.4,24.4,0.0,0.0,0.0,0.0,3.1317104,1.4,False,False,,False,False,False
2025-07-29,146068,30186,124641,101530,44538,23111,7075,89559,176254,2119,Tuesday,False,96.98,78.08,36.1,25.6,0.0,0.0,0.0,0.0,2.0132424,0.9,False,False,,False,False,False
2025-07-30,142873,28363,121248,99300,43573,21948,6415,86233,171236,2121,Wednesday,False,95.0,75.02,35.0,23.9,0.2795275590551181,7.1,0.0,0.0,2.0132424,0.9,False,False,,True,False,False
2025-07-31,112241,21821,94244,77391,34850,16853,4968,67272,134062,2115,Thursday,False,89.06,64.94,31.7,18.3,0.3188976377952756,8.1,0.0,0.0,6.710808,3.0,False,False,,True,False,False
2025-08-01,132285,33139,118211,92746,39539,25465,7674,77765,165424,2117,Friday,False,73.04,62.959999999999994,22.8,17.2,0.0,0.0,0.0,0.0,5.1449527999999995,2.3,True,False,,False,False,False
2025-08-02,133560,68238,134325,91307,42253,43018,25220,89670,201798,2116,Saturday,True,80.06,62.959999999999994,26.7,17.2,0.0,0.0,0.0,0.0,2.9080168,1.3,False,False,,False,False,False
2025-08-03,117347,46555,114641,81199,36148,33442,13113,71162,163902,2113,Sunday,True,84.02,64.04,28.9,17.8,0.0,0.0,0.0,0.0,2.4606296000000003,1.1,False,False,,False,False,False
2025-08-04,135239,30419,114237,91661,43578,22576,7843,80617,165658,2115,Monday,False,89.06,66.92,31.7,19.4,0.0,0.0,0.0,0.0,2.0132424,0.9,False,False,,False,False,False
2025-08-05,146308,30648,121578,98864,47444,22714,7934,88883,176956,2115,Tuesday,False,86.0,71.06,30.0,21.7,0.0,0.0,0.0,0.0,2.6843232,1.2,False,False,,False,False,False
2025-08-06,139178,27762,114884,94229,44949,20655,7107,83738,166940,2116,Wednesday,False,78.98,64.04,26.1,17.8,0.05905511811023623,1.5,0.0,0.0,4.6975656,2.1,False,False,,True,False,False
2025-08-07,147625,32784,124886,100605,47020,24281,8503,90715,180409,2114,Thursday,False,80.96,64.04,27.2,17.8,0.0,0.0,0.0,0.0,3.8027912,1.7,True,False,,False,False,False
2025-08-08,139343,38357,125700,97154,42189,28546,9811,83402,177700,2108,Friday,False,82.04,62.959999999999994,27.8,17.2,0.0,0.0,0.0,0.0,2.0132424,0.9,False,False,,False,False,False
2025-08-09,132217,68468,131983,90027,42190,41956,26512,89759,200685,2113,Saturday,True,84.91999999999999,64.04,29.4,17.8,0.0,0.0,0.0,0.0,2.236936,1.0,False,False,,False,False,False
2025-08-10,114172,44764,111784,79561,34611,32223,12541,68697,158936,2111,Sunday,True,89.96000000000001,69.08,32.2,20.6,0.0,0.0,0.0,0.0,2.0132424,0.9,False,False,,False,False,False
2025-08-11,133203,29437,112711,90652,42551,22059,7378,79125,162640,2112,Monday,False,89.06,71.96,31.7,22.2,0.0,0.0,0.0,0.0,2.236936,1.0,False,False,,False,False,False
2025-08-12,146971,30891,123717,100607,46364,23110,7781,89130,177862,2118,Tuesday,False,91.03999999999999,71.06,32.8,21.7,0.0,0.0,0.0,0.0,2.9080168,1.3,False,False,,False,False,False
2025-08-13,116609,22773,98848,81316,35293,17532,5241,69084,139382,2104,Wednesday,False,89.06,71.06,31.7,21.7,0.7086614173228347,18.0,0.0,0.0,2.9080168,1.3,False,False,,True,True,False
2025-08-14,144071,31971,126142,101425,42646,24717,7254,88089,176042,2111,Thursday,False,89.06,73.04,31.7,22.8,0.0,0.0,0.0,0.0,2.6843232,1.2,False,False,,False,False,False
2025-08-15,136859,37504,126432,97538,39321,28894,8610,82282,174363,2106,Friday,False,89.06,73.94,31.7,23.3,0.0,0.0,0.0,0.0,5.1449527999999995,2.3,False,False,,False,False,False
2025-08-16,130203,69505,134509,91072,39131,43437,26068,91143,199708,2101,Saturday,True,84.02,73.94,28.9,23.3,0.0,0.0,0.0,0.0,2.4606296000000003,1.1,False,False,,False,False,False
2025-08-17,101705,38149,100728,72640,29065,28088,10061,61962,139854,2101,Sunday,True,91.03999999999999,73.04,32.8,22.8,0.6614173228346457,16.8,0.0,0.0,3.1317104,1.4,False,False,,True,True,False
2025-08-18,127493,28013,107532,86653,40840,20879,7134,75514,155506,2101,Monday,False,75.02,66.02,23.9,18.9,0.0,0.0,0.0,0.0,5.8160336,2.6,False,False,,False,False,False
2025-08-19,143556,30399,120902,98159,45397,22743,7656,86455,173955,2109,Tuesday,False,77.0,64.94,25.0,18.3,0.0,0.0,0.0,0.0,6.710808,3.0,False,False,,False,False,False
2025-08-20,80557,12366,66413,56673,23884,9740,2626,45348,92923,2087,Wednesday,False,69.98,57.92,21.1,14.4,0.5118110236220472,13.0,0.0,0.0,7.3818888,3.3,False,False,,True,True,False
2025-08-21,124908,25235,107500,87878,37030,19622,5613,74646,150143,2105,Thursday,False,71.96,59.0,22.2,15.0,0.27165354330708663,6.9,0.0,0.0,9.842518400000001,4.4,False,False,,True,False,False
2025-08-22,134425,36764,123678,95615,38810,28063,8701,80798,171189,2104,Friday,False,82.94,57.92,28.3,14.4,0.0,0.0,0.0,0.0,4.921259200000001,2.2,False,False,,False,False,False
2025-08-23,121622,53741,123354,86468,35154,36886,16855,77355,175363,2098,Saturday,True,82.04,66.92,27.8,19.4,0.0,0.0,0.0,0.0,5.8160336,2.6,False,False,,False,False,False
2025-08-24,111114,41366,107080,77152,33962,29928,11438,67907,152480,2103,Sunday,True,80.06,66.92,26.7,19.4,0.0,0.0,0.0,0.0,2.4606296000000003,1.1,False,False,,False,False,False
2025-08-25,128668,27313,108634,88020,40648,20614,6699,75648,155981,2102,Monday,False,86.0,69.98,30.0,21.1,0.0,0.0,0.0,0.0,3.355404,1.5,False,False,,False,False,False
2025-08-26,141533,29204,118688,96729,44804,21959,7245,85289,170737,2106,Tuesday,False,78.98,62.959999999999994,26.1,17.2,0.0,0.0,0.0,0.0,4.921259200000001,2.2,False,False,,False,False,False
2025-08-27,142309,29387,120680,98332,43977,22348,7039,85462,171696,2100,Wednesday,False,75.02,60.980000000000004,23.9,16.1,0.0,0.0,0.0,0.0,4.6975656,2.1,False,False,,False,False,False
2025-08-28,137333,31164,119882,96029,41304,23853,7311,82944,168497,2100,Thursday,False,78.08,60.980000000000004,25.6,16.1,0.0,0.0,0.0,0.0,1.7895488000000002,0.8,False,False,,False,False,False
2025-08-29,123251,35094,113984,87175,36076,26809,8285,73272,158345,2098,Friday,False,78.08,64.94,25.6,18.3,0.0,0.0,0.0,0.0,4.0264848,1.8,False,False,,False,False,False
2025-08-30,103467,46163,105587,72396,31071,33191,12972,64795,149630,2085,Saturday,True,75.92,57.02,24.4,13.9,0.0,0.0,0.0,0.0,2.4606296000000003,1.1,False,False,,False,False,False
2025-08-31,97894,45611,100975,68223,29671,32752,12859,61414,143505,2083,Sunday,True,78.98,59.0,26.1,15.0,0.0,0.0,0.0,0.0,3.1317104,1.4,False,False,,False,False,False
2025-09-01,102671,39548,99386,70720,31951,28666,10882,60174,142219,2081,Monday,False,78.08,64.04,25.6,17.8,0.0,0.0,0.0,0.0,4.2501784,1.9,False,True,Labor Day,False,False,False
2025-09-02,143649,27572,118533,97780,45869,20753,6819,86670,171221,2101,Tuesday,False,78.98,62.059999999999995,26.1,16.7,0.0,0.0,0.0,0.0,3.8027912,1.7,False,False,,False,False,False
2025-09-03,155283,28979,127571,105833,49450,21738,7241,94097,184262,2103,Wednesday,False,78.98,60.980000000000004,26.1,16.1,0.0,0.0,0.0,0.0,2.4606296000000003,1.1,False,False,,False,False,False
2025-09-04,152587,29101,126288,104175,48412,22113,6988,92749,181688,2103,Thursday,False,77.0,64.04,25.0,17.8,0.4015748031496063,10.2,0.0,0.0,3.5790976000000003,1.6,False,False,,True,False,False
2025-09-05,154516,35968,136155,108643,45873,27512,8456,93382,190484,2102,Friday,False,82.04,66.02,27.8,18.9,0.16929133858267717,4.3,0.0,0.0,2.236936,1.0,False,False,,True,False,False
2025-09-06,104778,32444,98166,74163,30615,24003,8441,64066,137222,2084,Saturday,True,86.0,64.94,30.0,18.3,1.0118110236220472,25.7,0.0,0.0,3.8027912,1.7,False,False,,True,True,False
2025-09-07,88818,23452,79623,61857,26961,17766,5686,51380,112270,2080,Sunday,True,69.08,59.0,20.6,15.0,0.6299212598425197,16.0,0.0,0.0,0.8947744000000001,0.4,False,False,,True,True,False
2025-09-08,147920,27836,119973,99394,48526,20579,7257,87893,175756,2104,Monday,False,73.04,55.94,22.8,13.3,0.0,0.0,0.0,0.0,3.1317104,1.4,False,False,,False,False,False
2025-09-09,159591,27912,127986,107048,52543,20938,6974,97010,187503,2103,Tuesday,False,73.04,57.92,22.8,14.4,0.0,0.0,0.0,0.0,6.710808,3.0,False,False,,False,False,False
2025-09-10,136653,23589,111429,93211,43442,18218,5371,83073,160242,2099,Wednesday,False,73.04,60.08,22.8,15.6,0.07874015748031496,2.0,0.0,0.0,6.039727200000001,2.7,False,False,,True,False,False
2025-09-11,165268,34351,137523,111899,53369,25624,8727,102055,199619,2097,Thursday,False,78.98,60.980000000000004,26.1,16.1,0.0,0.0,0.0,0.0,3.355404,1.5,False,False,,False,False,False
2025-09-12,159665,40161,142240,111679,47986,30561,9600,98793,199826,2094,Friday,False,78.08,62.959999999999994,25.6,17.2,0.0,0.0,0.0,0.0,2.9080168,1.3,False,False,,False,False,False
2025-09-13,141993,53037,139687,100553,41440,39134,13903,91088,195030,2087,Saturday,True,77.0,64.04,25.0,17.8,0.0,0.0,0.0,0.0,2.236936,1.0,False,False,,False,False,False
2025-09-14,128715,44771,121492,88822,39893,32670,12101,78351,173486,2094,Sunday,True,80.96,64.04,27.2,17.8,0.0,0.0,0.0,0.0,0.8947744000000001,0.4,False,False,,False,False,False
2025-09-15,148433,27540,119015,98200,50233,20815,6725,88615,175973,2099,Monday,False,78.98,66.02,26.1,18.9,0.0,0.0,0.0,0.0,4.921259200000001,2.2,False,False,,False,False,False
2025-09-16,158644,27201,127330,106709,51935,20621,6580,96063,185845,2100,Tuesday,False,73.94,66.02,23.3,18.9,0.0,0.0,0.0,0.0,6.9345016,3.1,False,False,,False,False,False
2025-09-17,146026,23170,118241,100299,45727,17942,5228,86242,169196,2100,Wednesday,False,69.98,62.959999999999994,21.1,17.2,0.0,0.0,0.0,,8.0529696,3.6,True,False,,False,False,False
2025-09-18,166220,32964,140096,114940,51280,25156,7808,102195,199184,2103,Thursday,False,82.94,64.04,28.3,17.8,0.011811023622047244,0.3,0.0,0.0,2.0132424,0.9,False,False,,True,False,False
2025-09-19,162306,39230,144432,114490,47816,29942,9288,98504,201536,2099,Friday,False,84.02,68.0,28.9,20.0,0.0,0.0,0.0,0.0,4.0264848,1.8,False,False,,False,False,False
2025-09-20,138899,51262,135285,98126,40773,37159,14103,87636,190161,2088,Saturday,True,73.04,60.980000000000004,22.8,16.1,0.0,0.0,0.0,0.0,6.2634208,2.8,False,False,,False,False,False
2025-09-21,120590,40726,113608,83857,36733,29751,10975,73079,161316,2081,Sunday,True,71.06,57.92,21.7,14.4,0.0,0.0,0.0,0.0,4.2501784,1.9,False,False,,False,False,False
2025-09-22,141130,26765,115924,95546,45584,20378,6387,83580,167895,2090,Monday,False,73.04,57.02,22.8,13.9,0.0,0.0,0.0,0.0,1.7895488000000002,0.8,False,False,,False,False,False
2025-09-23,148278,30466,124552,101637,46641,22915,7551,91699,178744,2088,Tuesday,False,82.94,64.94,28.3,18.3,0.0,0.0,0.0,0.0,3.1317104,1.4,False,False,,False,False,False
2025-09-24,144952,27267,120597,99662,45290,20935,6332,89576,172219,2090,Wednesday,False,80.06,69.98,26.7,21.1,0.07874015748031496,2.0,0.0,0.0,2.6843232,1.2,False,False,,True,False,False
2025-09-25,126089,21988,107327,89682,36407,17645,4343,76129,148077,2092,Thursday,False,77.0,69.98,25.0,21.1,0.27165354330708663,6.9,0.0,0.0,2.9080168,1.3,False,False,,True,False,False
2025-09-26,162755,39120,144618,114499,48256,30119,9001,97715,201875,2101,Friday,False,82.04,68.0,27.8,20.0,0.0,0.0,0.0,0.0,2.6843232,1.2,False,False,,False,False,False
2025-09-27,137233,48439,133216,97436,39797,35780,12659,85812,185672,2095,Saturday,True,78.98,66.02,26.1,18.9,0.011811023622047244,0.3,0.0,0.0,1.118468,0.5,False,False,,True,False,False
2025-09-28,125200,40829,116548,86989,38211,29559,11270,74320,166029,2097,Sunday,True,82.94,64.04,28.3,17.8,0.0984251968503937,2.5,0.0,0.0,2.0132424,0.9,False,False,,True,False,False
2025-09-29,149653,26542,120882,100778,48875,20104,6438,87405,176195,2111,Monday,False,78.08,66.92,25.6,19.4,0.0,0.0,0.0,0.0,4.0264848,1.8,False,False,,False,False,False
2025-09-30,164590,28103,132111,110861,53729,21250,6853,98569,192693,2108,Tuesday,False,80.96,64.04,27.2,17.8,0.0,0.0,0.0,0.0,4.473872,2.0,False,False,,False,False,False
2025-10-01,159180,26846,127860,107594,51586,20266,6580,93393,186026,2119,Wednesday,False,69.08,55.94,20.6,13.3,0.0,0.0,0.0,0.0,7.6055824,3.4,False,False,,False,False,False
2025-10-02,142867,27116,117300,96948,45919,20352,6764,85885,169983,2115,Thursday,False,66.02,53.06,18.9,11.7,0.0,0.0,0.0,0.0,4.6975656,2.1,False,False,,False,False,False
2025-10-03,152771,33881,131946,106466,46305,25480,8401,89682,186652,2125,Friday,False,71.06,53.96,21.7,12.2,0.0,0.0,0.0,0.0,2.4606296000000003,1.1,False,False,,False,False,False
2025-10-04,138965,49031,133734,98098,40867,35636,13395,85722,187996,2118,Saturday,True,82.04,57.92,27.8,14.4,0.0,0.0,0.0,0.0,1.5658552,0.7,False,False,,False,False,False
2025-10-05,126719,42343,117168,86958,39761,30210,12133,75787,169062,2105,Sunday,True,84.02,64.04,28.9,17.8,0.0,0.0,0.0,0.0,0.6710808,0.3,False,False,,False,False,False
2025-10-06,146837,26858,117158,97236,49601,19922,6936,86163,173695,2116,Monday,False,80.06,64.04,26.7,17.8,0.0,0.0,0.0,0.0,2.9080168,1.3,False,False,,False,False,False
2025-10-07,159303,27460,126495,105997,53306,20498,6962,95413,186763,2118,Tuesday,False,80.06,66.02,26.7,18.9,0.0,0.0,0.0,0.0,3.8027912,1.7,False,False,,False,False,False
2025-10-08,126246,20936,102705,86626,39620,16079,4857,73381,147182,2113,Wednesday,False,71.96,55.94,22.2,13.3,0.27165354330708663,6.9,0.0,0.0,4.921259200000001,2.2,False,False,,True,False,False
2025-10-09,147542,25722,119553,99990,47552,19563,6159,87790,173264,2119,Thursday,False,59.0,48.02,15.0,8.9,0.0,0.0,0.0,0.0,6.710808,3.0,False,False,,False,False,False
2025-10-10,139808,30775,121536,97918,41890,23618,7157,82460,170583,2123,Friday,False,62.059999999999995,46.04,16.7,7.8,0.0,0.0,0.0,0.0,3.1317104,1.4,False,False,,False,False,False
2025-10-11,93047,27435,88272,67259,25788,21013,6422,55709,120482,2106,Saturday,True,64.04,57.92,17.8,14.4,0.0905511811023622,2.3,0.0,0.0,5.1449527999999995,2.3,False,False,,True,False,False
2025-10-12,60231,15663,54636,42744,17487,11892,3771,34727,75894,2076,Sunday,True,62.959999999999994,55.04,17.2,12.8,0.6614173228346457,16.8,0.0,0.0,11.6320672,5.2,False,False,,True,True,False
2025-10-13,54213,6853,43873,38328,15885,5545,1308,28587,61066,2066,Monday,False,57.92,53.06,14.4,11.7,0.9015748031496063,22.9,0.0,0.0,12.303148,5.5,False,True,Columbus Day,True,True,False
2025-10-14,129892,18746,103760,89119,40773,14641,4105,75015,148638,2122,Tuesday,False,60.980000000000004,53.06,16.1,11.7,0.0,0.0,0.0,0.0,6.710808,3.0,False,False,,False,False,False
2025-10-15,148296,24377,121049,102311,45985,18738,5639,88299,172673,2124,Wednesday,False,68.0,51.98,20.0,11.1,0.0,0.0,0.0,0.0,4.0264848,1.8,False,False,,False,False,False
2025-10-16,140455,23368,115781,97724,42731,18057,5311,83249,163823,2126,Thursday,False,60.980000000000004,46.04,16.1,7.8,0.0,0.0,0.0,0.0,5.1449527999999995,2.3,False,False,,False,False,False
2025-10-17,140527,29349,122801,99981,40546,22820,6529,82548,169876,2124,Friday,False,62.959999999999994,46.94,17.2,8.3,0.0,0.0,0.0,0.0,4.473872,2.0,False,False,,False,False,False
2025-10-18,126683,42461,121449,90252,36431,31197,11264,77371,169144,2127,Saturday,True,64.94,48.02,18.3,8.9,0.0,0.0,0.0,0.0,1.7895488000000002,0.8,False,False,,False,False,False
2025-10-19,117809,37494,110755,82973,34836,27782,9712,70551,155303,2126,Sunday,True,69.98,55.04,21.1,12.8,0.0,0.0,0.0,0.0,4.6975656,2.1,False,False,,False,False,False
2025-10-20,104772,14809,74266,64094,40678,10172,4637,60873,119581,2113,Monday,False,68.0,53.96,20.0,12.2,0.011811023622047244,0.3,0.0,0.0,6.710808,3.0,False,False,,True,False,False
2025-10-21,145225,23406,115733,98065,47160,17668,5738,86630,168631,2118,Tuesday,False,66.02,50.0,18.9,10.0,0.03149606299212599,0.8,0.0,0.0,4.2501784,1.9,False,False,,True,False,False
2025-10-22,142376,21247,115322,98533,43843,16789,4458,83674,163623,2121,Wednesday,False,62.059999999999995,53.06,16.7,11.7,0.27165354330708663,6.9,0.0,0.0,5.3686464,2.4,False,False,,True,False,False
2025-10-23,140615,22264,116325,98592,42023,17733,4531,83133,162879,2128,Thursday,False,60.08,50.0,15.6,10.0,0.0,0.0,0.0,0.0,4.921259200000001,2.2,False,False,,False,False,False
2025-10-24,136704,27506,119993,98179,38525,21814,5692,79489,164210,2129,Friday,False,59.0,46.04,15.0,7.8,0.0,0.0,0.0,0.0,5.1449527999999995,2.3,False,False,,False,False,False
2025-10-25,114608,33908,108692,82816,31792,25876,8032,68537,148516,2121,Saturday,True,57.92,44.96,14.4,7.2,0.0,0.0,0.0,0.0,3.8027912,1.7,False,False,,False,False,False
2025-10-26,104119,29288,95706,73798,30321,21908,7380,60459,133407,2117,Sunday,True,59.0,48.02,15.0,8.9,0.0,0.0,0.0,0.0,3.8027912,1.7,False,False,,False,False,False
2025-10-27,123221,18424,99689,85175,38046,14514,3910,69261,141645,2123,Monday,False,55.04,42.980000000000004,12.8,6.1,0.0,0.0,0.0,0.0,4.6975656,2.1,False,False,,False,False,False
2025-10-28,130403,16787,104609,91197,39206,13412,3375,75187,147190,2127,Tuesday,False,53.96,42.980000000000004,12.2,6.1,0.0,0.0,0.0,0.0,9.3951312,4.2,False,False,,False,False,False
2025-10-29,137393,19068,111800,96516,40877,15284,3784,80618,156461,2112,Wednesday,False,55.94,48.02,13.3,8.9,0.01968503937007874,0.5,0.0,0.0,8.7240504,3.9,False,False,,True,False,False
2025-10-30,67263,9114,57530,49816,17447,7714,1400,39016,76377,2048,Thursday,False,62.959999999999994,50.0,17.2,10.0,1.830708661417323,46.5,0.0,0.0,8.2766632,3.7,False,False,,True,True,False
2025-10-31,130636,26577,117315,95772,34864,21543,5034,77551,157213,2084,Friday,False,57.92,51.08,14.4,10.6,0.0,0.0,0.0,0.0,9.3951312,4.2,False,False,,False,False,False
2025-11-01,113048,36348,109933,82060,30988,27873,8475,70564,149396,2076,Saturday,True,57.92,48.02,14.4,8.9,0.0,0.0,0.0,0.0,7.829276,3.5,False,False,,False,False,False
2025-11-02,109884,36931,105068,77236,32648,27832,9099,63783,146815,2081,Sunday,True,59.0,42.980000000000004,15.0,6.1,0.0,0.0,0.0,0.0,2.0132424,0.9,False,False,,False,False,False
2025-11-03,120438,18307,97019,82651,37787,14368,3939,70499,138745,2115,Monday,False,59.0,50.0,15.0,10.0,0.03937007874015748,1.0,0.0,0.0,2.9080168,1.3,False,False,,True,False,False
2025-11-04,132453,19413,107397,92405,40048,14992,4421,76640,151866,2123,Tuesday,False,59.0,46.94,15.0,8.3,0.0,0.0,0.0,0.0,8.2766632,3.7,False,False,,False,False,False
2025-11-05,138562,20382,112809,96609,41953,16200,4182,81369,158944,2124,Wednesday,False,66.02,48.02,18.9,8.9,0.0,0.0,0.0,0.0,4.921259200000001,2.2,True,False,,False,False,False
2025-11-06,126903,18409,104269,89389,37514,14880,3529,74281,145312,2120,Thursday,False,57.02,42.08,13.9,5.6,0.0,0.0,0.0,0.0,7.3818888,3.3,False,False,,False,False,False
2025-11-07,126801,23558,110051,91102,35699,18949,4609,73721,150359,2128,Friday,False,60.980000000000004,41.0,16.1,5.0,0.0,0.0,0.0,0.0,2.9080168,1.3,True,False,,False,False,False
2025-11-08,116930,37453,111967,83785,33145,28182,9271,71275,154383,2123,Saturday,True,64.94,53.96,18.3,12.2,0.16141732283464566,4.1,0.0,0.0,4.2501784,1.9,False,False,,True,False,False
2025-11-09,77768,19076,69949,55160,22608,14789,4287,44356,96844,2108,Sunday,True,62.959999999999994,53.96,17.2,12.2,0.1889763779527559,4.8,0.0,0.0,3.1317104,1.4,False,False,,True,False,False
2025-11-10,95641,10994,74872,66036,29605,8836,2158,52306,106635,2115,Monday,False,59.0,35.06,15.0,1.7,0.2204724409448819,5.6,0.0,0.0,6.2634208,2.8,False,False,,True,False,False
2025-11-11,87644,9025,69180,61692,25952,7488,1537,48913,96669,2088,Tuesday,False,41.0,33.08,5.0,0.6,0.0,0.0,0.0,0.0,9.3951312,4.2,True,True,Veterans Day,False,False,False
2025-11-12,112491,12270,88899,78804,33687,10095,2175,64651,124761,2116,Wednesday,False,50.0,37.94,10.0,3.3,0.0,0.0,0.0,0.0,5.3686464,2.4,False,False,,False,False,False
2025-11-13,115507,14269,93729,81992,33515,11737,2532,67442,129776,2115,Thursday,False,51.08,42.08,10.6,5.6,0.011811023622047244,0.3,0.0,0.0,7.158195200000001,3.2,False,False,,True,False,False
2025-11-14,117624,19225,99421,84038,33586,15383,3842,67044,136849,2125,Friday,False,51.08,39.92,10.6,4.4,0.0,0.0,0.0,0.0,5.59234,2.5,False,False,,False,False,False
2025-11-15,94783,22138,83754,66883,27900,16871,5267,54699,116921,2125,Saturday,True,50.0,39.92,10.0,4.4,0.07086614173228346,1.8,0.0,0.0,2.9080168,1.3,False,False,,True,False,False
2025-11-16,81227,16377,68943,56514,24713,12429,3948,44448,97604,2104,Sunday,True,55.94,41.0,13.3,5.0,0.05905511811023623,1.5,0.0,0.0,10.5135992,4.7,False,False,,True,False,False
2025-11-17,94586,9542,72456,64707,29879,7749,1793,52191,104128,2107,Monday,False,44.06,37.04,6.7,2.8,0.0,0.0,0.0,0.0,10.7372928,4.8,False,False,,False,False,False
2025-11-18,108963,11127,85168,76079,32884,9089,2038,61602,120090,2121,Tuesday,False,44.96,37.04,7.2,2.8,0.0,0.0,0.0,0.0,6.039727200000001,2.7,False,False,,False,False,False
2025-11-19,95809,11249,78959,69527,26282,9432,1817,54398,107058,2113,Wednesday,False,46.94,39.02,8.3,3.9,0.16929133858267717,4.3,0.0,0.0,3.355404,1.5,False,False,,True,False,False
2025-11-20,115350,14045,94522,82954,32396,11568,2477,66240,129395,2127,Thursday,False,46.94,37.94,8.3,3.3,0.0,0.0,0.0,0.0,2.9080168,1.3,False,False,,False,False,False
2025-11-21,116658,18545,100949,85635,31023,15314,3231,65733,135203,2134,Friday,False,51.98,44.06,11.1,6.7,0.0,0.0,0.0,0.0,3.5790976000000003,1.6,False,False,,False,False,False
2025-11-22,86302,19179,78175,62894,23408,15281,3898,48191,105481,2116,Saturday,True,51.98,39.92,11.1,4.4,0.20078740157480315,5.1,0.0,0.0,3.1317104,1.4,False,False,,True,False,False
2025-11-23,77340,15615,66795,54635,22705,12160,3455,41054,92955,2122,Sunday,True,48.92,35.96,9.4,2.2,0.0,0.0,0.0,0.0,3.355404,1.5,False,False,,False,False,False
2025-11-24,102452,13782,81665,70635,31817,11030,2752,56654,116234,2136,Monday,False,51.98,42.980000000000004,11.1,6.1,0.0,0.0,0.0,0.0,3.8027912,1.7,False,False,,False,False,False
2025-11-25,76626,9639,62435,54528,22098,7907,1732,41005,86265,2112,Tuesday,False,57.92,46.04,14.4,7.8,0.7401574803149606,18.8,0.0,0.0,3.1317104,1.4,False,False,,True,True,False
2025-11-26,87949,14506,74462,62515,25434,11947,2559,47260,102455,2123,Wednesday,False,59.0,48.92,15.0,9.4,0.11811023622047245,3.0,0.0,0.0,6.4871144,2.9,False,False,,True,False,False
2025-11-27,36164,9046,32897,25719,10445,7178,1868,18381,45210,2080,Thursday,False,48.92,35.96,9.4,2.2,0.0,0.0,0.0,0.0,8.2766632,3.7,False,True,Thanksgiving Day,False,False,False
2025-11-28,45531,8207,38680,32095,13436,6585,1622,24033,53738,2097,Friday,False,42.980000000000004,33.08,6.1,0.6,0.0,0.0,0.0,0.0,7.158195200000001,3.2,False,False,,False,False,False
2025-11-29,53474,10970,46650,37959,15515,8691,2279,27888,64444,2105,Saturday,True,42.08,32.0,5.6,0.0,0.0,0.0,0.0,0.0,6.039727200000001,2.7,False,False,,False,False,False
2025-11-30,42499,5935,35114,30220,12279,4894,1041,21022,48434,2068,Sunday,True,46.94,37.04,8.3,2.8,0.11023622047244094,2.8,0.0,0.0,4.2501784,1.9,False,False,,True,False,False
2025-12-01,91772,8827,71079,63903,27869,7176,1651,49388,100599,2137,Monday,False,42.980000000000004,33.98,6.1,1.1,0.0,0.0,0.0,0.0,5.3686464,2.4,False,False,,False,False,False
2025-12-02,60165,4702,47669,43624,16541,4045,657,32629,64867,2090,Tuesday,False,39.92,33.98,4.4,1.1,0.7795275590551182,19.8,0.0,0.0,5.8160336,2.6,False,False,,True,True,False
2025-12-03,94594,9591,74701,66853,27741,7848,1743,52994,104185,2132,Wednesday,False,41.0,30.92,5.0,-0.6,0.0,0.0,0.0,0.0,6.2634208,2.8,False,False,,False,False,False
2025-12-04,90958,8792,71333,63966,26992,7367,1425,52020,99750,2117,Thursday,False,41.0,24.08,5.0,-4.4,0.0,0.0,0.0,0.0,5.8160336,2.6,False,False,,False,False,False
2025-12-05,79248,8412,63792,56844,22404,6948,1464,43416,87660,2114,Friday,False,32.0,19.939999999999998,0.0,-6.7,0.0,0.0,0.0,0.0,5.3686464,2.4,False,False,,False,False,False
2025-12-06,75738,12995,64256,53956,21782,10300,2695,42259,88733,2104,Saturday,True,42.08,30.02,5.6,-1.1,0.01968503937007874,0.5,0.0,0.0,3.8027912,1.7,False,False,,True,False,False
2025-12-07,70403,11116,57552,49004,21399,8548,2568,37378,81519,2114,Sunday,True,42.980000000000004,33.98,6.1,1.1,0.0,0.0,0.0,0.0,3.8027912,1.7,False,False,,False,False,False
2025-12-08,73640,5767,55716,50986,22654,4730,1037,40732,79407,2111,Monday,False,37.94,21.92,3.3,-5.6,0.0,0.0,0.0,0.0,8.0529696,3.6,False,False,,False,False,False
2025-12-09,80727,6590,61810,56383,24344,5427,1163,45463,87317,2090,Tuesday,False,35.06,19.04,1.7,-7.2,0.0,0.0,0.0,0.0,4.6975656,2.1,False,False,,False,False,False
2025-12-10,81332,7602,64008,57681,23651,6327,1275,45685,88934,2108,Wednesday,False,46.94,32.0,8.3,0.0,0.07086614173228346,1.8,0.0,0.0,6.9345016,3.1,False,False,,True,False,False
2025-12-11,84168,8004,66163,59612,24556,6551,1453,48427,92172,2112,Thursday,False,41.0,28.04,5.0,-2.2,0.0,0.0,0.0,0.0,10.7372928,4.8,False,False,,False,False,False
2025-12-12,82128,9261,67124,59405,22723,7719,1542,45498,91389,2123,Friday,False,35.06,24.98,1.7,-3.9,0.0,0.0,0.0,0.0,8.0529696,3.6,False,False,,False,False,False
2025-12-13,73925,13071,64086,53698,20227,10388,2683,40831,86996,2110,Saturday,True,41.0,26.96,5.0,-2.8,0.03149606299212599,0.8,0.0,0.0,4.0264848,1.8,False,False,,True,False,False
2025-12-14,21711,2431,18358,16272,5439,2086,345,11408,24142,1838,Sunday,True,33.08,19.04,0.6,-7.2,0.5118110236220472,13.0,74.0,25.0,6.710808,3.0,False,False,,True,True,True
2025-12-15,49518,3515,38555,35513,14005,3042,473,27649,53033,1998,Monday,False,28.94,19.04,-1.7,-7.2,0.0,0.0,0.0,51.0,8.947744,4.0,False,False,,False,False,False
2025-12-16,65555,5242,51658,47205,18350,4453,789,37354,70797,2060,Tuesday,False,32.0,24.08,0.0,-4.4,0.0,0.0,0.0,51.0,5.3686464,2.4,False,False,,False,False,False
2025-12-17,82298,8021,66284,59534,22764,6750,1271,46956,90319,2103,Wednesday,False,46.94,30.02,8.3,-1.1,0.0,0.0,0.0,51.0,5.1449527999999995,2.3,False,False,,False,False,False
2025-12-18,93801,11494,77656,68020,25781,9636,1858,53710,105295,2129,Thursday,False,50.0,35.96,10.0,2.2,0.01968503937007874,0.5,0.0,25.0,4.473872,2.0,False,False,,True,False,False
2025-12-19,54988,7396,47872,41487,13501,6385,1011,29510,62384,2098,Friday,False,57.92,32.0,14.4,0.0,1.1614173228346458,29.5,0.0,0.0,10.289905599999999,4.6,False,False,,True,True,False
2025-12-20,60519,10636,52682,43984,16535,8698,1938,31626,71155,2111,Saturday,True,37.94,30.02,3.3,-1.1,0.0,0.0,0.0,0.0,6.9345016,3.1,False,False,,False,False,False
2025-12-21,49354,8468,41989,35183,14171,6806,1662,24847,57822,2093,Sunday,True,46.04,28.94,7.8,-1.7,0.0,0.0,0.0,0.0,9.171437599999999,4.1,False,False,,False,False,False
2025-12-22,61541,7042,49363,43578,17963,5785,1257,32334,68583,2129,Monday,False,39.02,28.04,3.9,-2.2,0.0,0.0,0.0,0.0,6.710808,3.0,False,False,,False,False,False
2025-12-23,43476,4911,35936,31714,11762,4222,689,22092,48387,2089,Tuesday,False,39.92,35.06,4.4,1.7,0.2204724409448819,5.6,0.0,0.0,4.0264848,1.8,False,False,,True,False,False
2025-12-24,44035,6773,37012,31493,12542,5519,1254,22474,50808,2088,Wednesday,False,46.04,35.06,7.8,1.7,0.0,0.0,0.0,0.0,8.0529696,3.6,False,False,,False,False,False
2025-12-25,20263,5249,18560,14466,5797,4094,1155,10433,25512,2021,Thursday,False,48.92,28.94,9.4,-1.7,0.0,0.0,0.0,0.0,6.2634208,2.8,False,True,Christmas Day,False,False,False
2025-12-26,26808,3312,21629,18880,7928,2749,563,12953,30120,2032,Friday,False,28.94,19.939999999999998,-1.7,-6.7,0.27165354330708663,6.9,43.0,0.0,4.921259200000001,2.2,False,False,,True,False,True
2025-12-27,11408,1449,9623,8364,3044,1259,190,5538,12857,1787,Saturday,True,30.92,24.98,-0.6,-3.9,0.2204724409448819,5.6,66.0,102.0,6.4871144,2.9,False,False,,True,False,True
2025-12-28,20884,2594,17186,15023,5861,2163,431,10002,23478,1929,Sunday,True,39.02,21.92,3.9,-5.6,0.0,0.0,0.0,102.0,3.355404,1.5,True,False,,False,False,False
2025-12-29,36986,4162,30023,26477,10509,3546,616,18799,41148,2060,Monday,False,48.92,30.92,9.4,-0.6,0.07874015748031496,2.0,0.0,51.0,6.710808,3.0,False,False,,True,False,False
2025-12-30,44358,4913,36015,31893,12465,4122,791,22770,49271,2061,Tuesday,False,33.08,26.96,0.6,-2.8,0.0,0.0,0.0,0.0,12.7505352,5.7,False,False,,False,False,False
2025-12-31,44759,6365,37898,32562,12197,5336,1029,21899,51124,2079,Wednesday,False,33.08,26.96,0.6,-2.8,0.0,0.0,0.0,0.0,7.158195200000001,3.2,True,False,,False,False,False
