station_id,station_name,lat,lng,first_trip_date,last_trip_date,months_active,n_trips,n_trips_2024,n_trips_2025,zone_boundary_m,in_zone_polygon,in_zone
1234.56,Morgan HCT Charging,40.708948,-73.932777,2025-06-18,2025-12-30,7,862,0,862,3587.4,False,False
1964.01,101 St & Fort Hamilton Pkwy,40.61124,-74.03282,2025-11-27,2025-12-31,2,40,0,40,9988.5,False,False
2009.04,Shore Rd & 4 Ave,40.6115,-74.03513,2025-11-28,2025-12-31,2,42,0,42,10001.1,False,False
2042.01,4 Ave & 99 St,40.61327,-74.03315,2025-11-22,2025-12-31,2,44,0,44,9774.4,False,False
2086.07,99 St & 3 Ave,40.61451,-74.03502,2025-11-22,2025-12-31,2,61,0,61,9674.6,False,False
2118.13,Fort Hamilton Pkwy & 95 St,40.61466,-74.02946,2025-11-26,2025-12-25,2,22,0,22,9563.8,False,False
2127.03,Shore Rd & 97 St,40.61529,-74.03779,2025-11-21,2025-12-31,2,45,0,45,9646.2,False,False
2158.08,4 Ave & 94 St,40.61689,-74.03091,2025-11-26,2025-12-30,2,110,0,110,9344.5,False,False
2190.08,Fort Hamilton Pkwy & 92 St,40.61717,-74.02744,2025-11-21,2025-12-31,2,61,0,61,9261.2,False,False
2200.07,96 St & Marine Ave,40.61699,-74.03568,2025-11-22,2025-12-31,2,105,0,105,9420.7,False,False
2231.10,3 Ave & 92 St,40.61946,-74.03261,2025-11-14,2025-12-31,2,127,0,127,9096.0,False,False
2240.06,Shore Rd & Oliver St,40.61919,-74.0402,2025-11-20,2025-12-31,2,52,0,52,9284.5,False,False
2261.04,5 Ave & 88 St,40.62021,-74.02717,2025-10-30,2025-12-31,3,259,0,259,8926.0,False,False
2303.05,4 Ave & 87 St,40.62184,-74.02863,2025-11-14,2025-12-31,2,176,0,176,8770.6,False,False
2312.02,Colonial Rd & 89 St,40.62254,-74.03726,2025-10-31,2025-12-31,3,230,0,230,8860.4,False,False
2335.08,Fort Hamilton Pkwy & 85 St,40.62095,-74.02388,2025-11-07,2025-12-31,2,185,0,185,8802.3,False,False
2345.04,Ridge Blvd & 89 St,40.62194,-74.03477,2025-11-06,2025-12-31,2,126,0,126,8871.0,False,False
2345.05,89 St & 3 Ave,40.62137,-74.03209,2025-11-23,2025-12-31,2,48,0,48,8880.4,False,False
2377.01,4 Ave & 85 St,40.62354,-74.02817,2025-11-07,2025-12-31,2,347,0,347,8578.8,False,False
2387.07,86 St & Ridge Blvd,40.62402,-74.03396,2025-10-23,2025-12-31,3,258,0,258,8631.4,False,False
2419.03,84 St & 3 Ave,40.62503,-74.03059,2025-10-31,2025-12-31,3,140,0,140,8458.1,False,False
2453.05,4 Ave & 81 St,40.62643,-74.02707,2025-10-23,2025-12-31,3,197,0,197,8247.7,False,False
2463.04,Ridge Blvd & 82 St,40.62711,-74.0326,2025-10-23,2025-12-29,3,97,0,97,8272.3,False,False
2472.02,Shore Rd & 86 St,40.62561,-74.04079,2025-11-15,2025-12-29,2,51,0,51,8621.0,False,False
2488.09,6 Ave & 78 St,40.62569,-74.02119,2025-10-09,2025-12-31,3,286,0,286,8253.1,False,False
2497.07,3 Ave & 81 St,40.627,-74.02948,2025-10-14,2025-12-31,3,340,0,340,8225.5,False,False
2506.10,83 St & Narrows Ave,40.62757,-74.03838,2025-10-15,2025-12-25,3,244,0,244,8353.1,False,False
2506.11,Colonial Rd & 83 St,40.62691,-74.03564,2025-10-14,2025-12-31,3,310,0,310,8358.4,False,False
2533.04,79 St & 5 Ave,40.62646,-74.02367,2025-10-09,2025-12-30,3,347,0,347,8197.0,False,False
2569.07,6 Ave & 74 St,40.629233,-74.019864,2025-11-21,2025-12-30,2,74,0,74,7850.9,False,False
2578.16,3 Ave & 77 St,40.62991,-74.02834,2025-10-02,2025-12-31,3,705,0,705,7890.9,False,False
2578.17,4 Ave & 76 St,40.63005,-74.0255,2025-11-08,2025-12-30,2,219,0,219,7830.3,False,False
2615.05,Bay Ridge Pkwy & 5 Ave,40.62967,-74.02275,2025-10-10,2025-12-31,3,340,0,340,7834.6,False,False
2625.01,78 St & Ridge Blvd,40.62994,-74.03121,2025-10-14,2025-12-30,3,170,0,170,7940.7,False,False
2635.08,Shore Rd & 80 St,40.63074,-74.03962,2025-10-10,2025-12-28,3,161,0,161,8051.5,False,False
2660.09,4 Ave & 72 St,40.63283,-74.02439,2025-10-03,2025-12-30,3,344,0,344,7511.5,False,False
2671.05,77 St & Colonial Rd,40.63121,-74.03318,2025-11-21,2025-12-31,2,62,0,62,7845.3,False,False
2698.07,68 St & 5 Ave,40.63416,-74.02058,2025-09-26,2025-12-31,4,444,0,444,7317.8,False,False
2708.07,73 St & Ridge Blvd,40.63349,-74.02976,2025-10-03,2025-12-31,3,488,0,488,7530.6,False,False
2717.06,Shore Rd & 74 St,40.63414,-74.03699,2025-09-20,2025-12-31,4,589,0,589,7625.2,False,False
2733.03,67 St & Erik Pl,40.633385,-74.016562,2024-01-01,2025-12-31,24,4505,2582,1923,7366.6,False,False
2743.04,68 St & 4 Ave,40.63537,-74.02342,2025-10-11,2025-12-31,3,537,0,537,7221.0,False,False
2754.05,Colonial Rd & 71 St,40.63537,-74.03202,2025-11-14,2025-12-31,2,155,0,155,7375.8,False,False
2782.02,5 Ave & 67 St,40.635679,-74.020005,2024-01-01,2025-12-31,24,5810,3175,2635,7145.0,False,False
2793.07,Ovington Ave & 3 Ave,40.63487,-74.02625,2025-09-26,2025-12-31,4,916,0,916,7318.5,False,False
2818.01,Ditmas Ave & McDonald Ave,40.63548,-73.97825,2025-11-26,2025-12-31,2,158,0,158,7574.7,False,False
2821.05,7 Ave & 62 St,40.63556,-74.01298,2024-01-01,2025-12-31,17,4139,797,3342,7107.3,False,False
2821.06,62 St & 7 Ave,40.635928,-74.013256,2024-05-28,2024-12-25,8,1982,1982,0,7067.7,False,False
2832.03,4 Ave & Shore Road Dr,40.637033,-74.022141,2024-01-01,2025-12-31,24,6929,3976,2953,7022.2,False,False
2843.01,Colonial Rd & 68 St,40.63841,-74.03093,2025-09-19,2025-12-31,4,615,0,615,7027.4,False,False
2843.13,70 St & Ridge Blvd,40.63596,-74.02908,2025-09-26,2025-12-31,4,434,0,434,7251.7,False,False
2861.02,57 St & 7 Ave,40.638566,-74.010147,2024-01-01,2025-12-31,24,5237,2645,2592,6768.5,False,False
2868.03,15 Ave & 37 St,40.63899,-73.98074,2025-11-07,2025-12-31,2,143,0,143,7138.3,False,False
2872.02,63 St & 5 Ave,40.63766,-74.01782,2024-01-01,2025-12-31,24,2447,965,1482,6906.1,False,False
2883.03,3 Ave & Wakeman Pl,40.638246,-74.024714,2024-01-01,2025-12-31,24,5437,2745,2692,6927.4,False,False
2898.01,Cortelyou Rd & Stratford Rd,40.63966,-73.96807,2024-01-01,2025-12-31,24,18752,9691,9061,7499.7,False,False
2908.02,E 3 St & Cortelyou Rd,40.63828,-73.9765,2025-10-23,2025-12-31,3,412,0,412,7339.2,False,False
2912.08,6 Ave & 60 St,40.638196,-74.013821,2024-01-01,2025-12-31,23,3445,2009,1436,6819.9,False,False
2923.01,62 St & 4 Ave,40.639859,-74.019776,2024-01-01,2025-12-31,24,3179,1586,1593,6684.4,False,False
2932.03,Wakeman Pl & Ridge Blvd,40.639421,-74.026823,2024-01-01,2025-12-31,24,7598,4396,3202,6836.2,False,False
2942.07,Shore Pkwy Greenway & Bay Ridge Ave,40.63896,-74.03678,2025-09-19,2025-12-31,4,882,0,882,7114.2,False,False
2947.05,Cortelyou Rd & E 8 St,40.63874,-73.97063,2025-10-02,2025-12-31,3,1298,0,1298,7493.7,False,False
2951.05,55 St & 7 Ave,40.639673,-74.008957,2024-01-01,2025-12-31,24,5462,2865,2597,6645.7,False,False
2957.08,Ave C & McDonald Ave,40.6403436,-73.9791522,2025-11-27,2025-12-31,2,54,0,54,7044.7,False,False
2961.05,59 St & 5 Ave,40.640125,-74.015726,2024-01-01,2025-12-31,24,3360,1751,1609,6618.3,False,False
2971.02,64 St & 3 Ave,40.639978,-74.02324,2024-01-02,2025-12-31,24,1217,593,624,6716.5,False,False
2981.03,Colonial Rd & Wakeman Pl,40.64067,-74.0294,2025-09-11,2025-12-31,4,223,0,223,6752.9,False,False
2984.04,Cortelyou Rd & Argyle Rd,40.64034,-73.96603,2024-01-01,2025-12-31,24,14294,7516,6778,7515.1,False,False
2996.05,Ocean Pkwy & Ave C,40.64078,-73.97395,2025-10-02,2025-12-31,3,1423,0,1423,7170.5,False,False
3000.08,6 Ave & 55 St,40.640831,-74.010996,2024-01-01,2025-12-31,24,4319,2154,2165,6519.3,False,False
3007.05,Church Ave & Story St,40.642031,-73.981073,2024-01-01,2025-12-31,24,7996,3792,4204,6812.9,False,False
3011.03,59 St & 4 Ave,40.641269,-74.017651,2024-01-01,2025-12-31,24,10227,4915,5312,6508.0,False,False
3019.02,65 St & 2 Ave,40.640493,-74.02564,2024-01-01,2025-12-29,24,971,460,511,6699.3,False,False
3019.03,Keegan Rd & 2 Ave,40.64243139706092,-74.0255355834961,2024-01-02,2025-12-31,24,1871,911,960,6487.9,False,False
3022.01,Cortelyou Rd & E 19 St,40.64269,-73.96099,2024-01-01,2025-12-31,24,12473,6347,6126,7509.5,False,False
3034.02,Matthews Ct & Coney Island Ave,40.64235,-73.96951,2024-01-01,2025-12-31,24,5719,2825,2894,7180.0,False,False
3038.08,50 St & 7 Ave,40.642501,-74.006055,2024-01-01,2025-12-31,24,10220,5124,5096,6338.8,False,False
3046.03,E 3 St & Church Ave,40.643817,-73.977433,2024-01-01,2025-12-31,24,8542,4113,4429,6744.4,False,False
3050.03,55 St & 5 Ave,40.642408,-74.013318,2024-01-01,2025-12-31,23,4104,2000,2104,6352.6,False,False
3056.05,12 Ave & 36 St,40.643546,-73.986418,2024-01-01,2025-12-31,24,9045,4716,4329,6508.9,False,False
3056.07,37 St & 13 Ave,40.64166,-73.98505,2025-09-26,2025-12-31,4,396,0,396,6742.3,False,False
3070.04,E 16 St & Cortelyou Rd,40.64173,-73.96364,2024-01-01,2025-12-31,24,14775,7612,7163,7482.8,False,False
3080.01,E 8 St & Beverley Rd,40.64369,-73.97163,2025-09-25,2025-12-31,4,586,0,586,6966.1,False,False
3084.05,52 St & 6 Ave,40.642703,-74.009441,2024-01-01,2025-12-31,23,2985,1400,1585,6310.7,False,False
3087.01,Cortelyou Rd & E 34 St,40.64454,-73.94486,2024-01-02,2025-12-31,24,3817,1917,1900,7784.7,False,False
3090.06,Church Ave & McDonald Ave,40.642809,-73.979239,2024-01-01,2025-12-31,24,12375,5979,6396,6788.5,False,False
3093.07,57 St & 4 Ave,40.642622,-74.016866,2024-01-01,2025-12-31,24,6174,3580,2594,6352.3,False,False
3099.01,37 St & Fort Hamilton Pkwy,40.64417,-73.98923,2025-09-25,2025-12-31,4,724,0,724,6376.2,False,False
3113.06,Rugby Rd & Beverley Rd,40.64435,-73.96591,2024-01-01,2025-12-31,24,7728,4133,3595,7135.9,False,False
3113.10,Stratford Rd & Beverley Rd,40.64378,-73.96867,2024-01-01,2025-12-31,24,6699,3788,2911,7074.6,False,False
3117.05,46 St & 7 Ave,40.644743,-74.003754,2024-01-01,2025-12-31,22,11429,5573,5856,6102.8,False,False
3121.01,Cortelyou Rd & Albany Ave,40.64483,-73.93853,2024-01-01,2025-12-31,24,2747,1275,1472,7971.8,False,False
3125.09,Ocean Pkwy & Church Ave,40.644718957635746,-73.97451460361481,2024-01-01,2025-12-31,24,17478,9126,8352,6756.1,False,False
3129.08,53 St & 5 Ave,40.643371,-74.011884,2024-01-01,2025-12-31,24,5959,3580,2379,6240.9,False,False
3132.09,Beverley Rd & Nostrand Ave,40.64507,-73.9488,2024-01-01,2025-12-31,24,8887,4097,4790,7610.9,False,False
3135.04,Chester Ave & 12 Ave,40.644367,-73.984276,2024-01-01,2025-12-31,24,5408,2928,2480,6478.7,False,False
3138.03,56 St & 2 Ave,40.645705,-74.020292,2025-01-06,2025-12-31,12,3459,0,3459,6051.0,False,False
3138.09,58 St & 2 Ave,40.644512,-74.021506,2024-01-01,2025-01-05,13,2865,2838,27,6197.6,False,False
3140.09,Bedford Ave & Beverley Rd,40.64491,-73.95487,2024-01-01,2025-12-31,24,9965,5004,4961,7468.9,False,False
3148.08,E 17 St & Beverley Rd,40.64466,-73.96322,2024-01-01,2025-12-31,24,8911,4616,4295,7225.3,False,False
3148.09,E 19 St & Beverley Rd,40.64483,-73.9613,2024-01-01,2025-12-31,24,7119,3750,3369,7294.7,False,False
3155.01,Schenectady Ave & Cortelyou Rd,40.64535,-73.93268,2024-01-01,2025-12-31,24,2661,1337,1324,8141.7,False,False
3157.08,Turner Pl & Coney Island Ave,40.64521,-73.97073,2024-01-01,2025-12-31,24,10232,4643,5589,6852.6,False,False
3161.02,46 St & 6 Ave,40.645921,-74.005708,2024-01-01,2025-12-31,22,8413,3751,4662,5962.5,False,False
3164.04,Brooklyn Ave & Beverley Rd,40.64575,-73.94331,2024-01-01,2025-12-31,24,1303,687,616,7711.8,False,False
3166.03,Albemarle Rd & McDonald Ave,40.645074,-73.979681,2024-01-01,2025-12-31,24,11748,5895,5853,6542.5,False,False
3169.07,53 St & 4 Ave,40.644862,-74.014531,2024-01-01,2025-12-26,24,9974,3891,6083,6088.4,False,False
3172.01,Tilden Ave & Nostrand Ave,40.64683,-73.94933,2024-01-01,2025-10-27,22,5141,2981,2160,7412.8,False,False
3178.02,57 St & 1 Ave,40.646377,-74.023087,2024-01-02,2025-12-31,24,4192,2085,2107,6018.9,False,False
3180.02,Beverley Rd & Flatbush Ave,40.64499,-73.95818,2024-01-01,2025-12-31,24,14737,7699,7038,7387.4,False,False
3180.09,Albemarle Rd & E 21 St,40.64741,-73.95933,2024-01-01,2025-12-31,24,10626,5375,5251,7104.4,False,False
3184.07,New Utrecht Ave & 9 Ave,40.646249287052434,-73.99452600971485,2025-11-06,2025-12-31,2,526,0,526,6047.6,False,False
3187.01,Beverley Rd & E 49 St,40.64621,-73.93067,2024-01-01,2025-12-31,24,2904,1429,1475,8137.7,False,False
3188.04,Rugby Rd & Albemarle Rd,40.64672,-73.96637,2024-01-01,2025-12-31,24,6137,3205,2932,6891.8,False,False
3192.05,7 Ave & 41 St,40.647379,-74.000911,2024-01-01,2025-12-30,24,23692,11736,11956,5836.3,False,False
3199.01,Caton Ave & E 7 St,40.647718,-73.973663,2024-01-01,2025-12-31,24,13699,6622,7077,6491.8,False,False
3202.06,48 St & 5 Ave,40.646351,-74.009271,2024-01-01,2025-12-31,23,11477,5759,5718,5907.5,False,False
3205.06,Brooklyn Ave & Tilden Ave,40.64725,-73.94352,2024-01-04,2025-12-31,24,1301,694,607,7552.7,False,False
3208.07,Dahill Rd & 12 Ave,40.646037,-73.980963,2024-01-01,2025-12-31,24,7317,3808,3509,6403.2,False,False
3211.06,53 St & 2 Ave,40.64744,-74.018846,2024-01-01,2025-12-31,24,7706,4296,3410,5843.5,False,False
3214.04,Tilden Ave & Lott St,40.64661,-73.95401,2024-01-01,2025-12-31,24,4521,1965,2556,7309.7,False,False
3220.01,58 St & Pier 4,40.646475,-74.026081,2024-01-01,2025-12-31,24,7722,3963,3759,6062.4,False,False
3223.07,Ocean Ave & Tennis Ct,40.64873,-73.96084,2024-01-01,2025-12-31,24,9253,4801,4452,6932.7,False,False
3229.07,E 48 St & Tilden Ave,40.64795,-73.93182,2024-01-01,2025-12-24,24,1317,681,636,7922.5,False,False
3230.01,Caton Ave & E 10 St,40.648481,-73.97058,2024-01-01,2025-12-31,24,12326,4697,7629,6542.8,False,False
3233.02,5 Ave & 44 St,40.64865,-74.00646,2024-08-12,2025-12-31,17,6225,1971,4254,5658.2,False,False
3233.06,44 St & 6 Ave,40.647105,-74.004483,2024-01-01,2024-06-18,6,1947,1947,0,5838.0,False,False
3240.15,Fort Hamilton Pkwy & E 5 St,40.649037,-73.97673,2024-01-01,2025-12-31,24,21084,10254,10830,6245.0,False,False
3243.02,47 St & 3 Ave,40.649143,-74.012384,2024-01-01,2025-12-31,24,3248,1493,1755,5605.1,False,False
3246.06,New York Ave & Snyder Ave,40.64868,-73.94635,2024-01-01,2025-12-31,24,2873,1686,1187,7313.6,False,False
3253.01,52 St & 1 Ave,40.649292,-74.020105,2024-01-01,2025-12-30,24,3715,1941,1774,5657.0,False,False
3256.04,Bedford Ave & Albemarle Rd,40.64796,-73.9556,2024-01-02,2025-12-31,24,6841,3553,3288,7128.1,False,False
3263.01,E 18 St & Church Ave,40.64958,-73.96316,2024-01-01,2025-12-31,24,16269,7489,8780,6765.8,False,False
3266.01,7 Ave & 40 St,40.648169,-74.000057,2024-01-01,2025-12-31,23,10058,4829,5229,5758.9,False,False
3272.01,E 8 St & Caton Ave,40.648055,-73.972432,2024-01-01,2025-12-31,24,12009,6380,5629,6507.7,False,False
3275.03,45 St & 4 Ave,40.649145,-74.009486,2024-01-02,2025-12-31,24,13725,6602,7123,5598.7,False,False
3278.07,Brooklyn Ave & Snyder Ave,40.64915,-73.94368,2024-01-01,2025-12-31,24,2102,954,1148,7355.3,False,False
3280.04,Fort Hamilton Pkwy & E 2 St,40.648005,-73.979342,2024-01-01,2025-12-31,24,17081,8061,9020,6255.7,False,False
3283.05,48 St & 2 Ave,40.650176,-74.015606,2024-01-02,2025-12-31,24,1760,984,776,5510.8,False,False
3286.07,Rogers Ave & Snyder Ave,40.64871,-73.95218,2024-01-01,2025-12-31,24,5579,2887,2692,7136.6,False,False
3294.03,E 21 St & Church Ave,40.65007,-73.96001,2024-01-01,2025-12-31,24,15000,6782,8218,6805.2,False,False
3300.04,E 49 St & Church Ave,40.65182,-73.93135,2024-01-01,2025-12-31,24,3674,1749,1925,7570.8,False,False
3300.06,Snyder Ave & Schenectady Ave,40.65,-73.93296,2024-01-05,2025-12-30,24,1550,861,689,7677.6,False,False
3303.03,Caton Ave & Argyle Rd,40.649681,-73.967829,2024-01-01,2025-12-31,24,13662,6516,7146,6548.8,False,False
3306.03,5 Ave & 41 St,40.649983,-74.005144,2024-01-01,2025-12-31,24,18392,9834,8558,5516.9,False,False
3309.04,Church Ave & E 42 St,40.65127,-73.93818,2024-01-01,2025-12-31,24,2401,1159,1242,7348.0,False,False
3312.07,Prospect Ave & Greenwood Ave,40.651745,-73.975988,2024-01-01,2025-12-31,24,14146,6222,7924,6006.5,False,False
3315.05,44 St & 3 Ave,40.651173,-74.011405,2024-01-01,2025-12-31,24,3289,1805,1484,5377.5,False,False
3318.05,E 34 St & Church Ave,40.65116,-73.94577,2024-01-01,2025-12-31,24,2969,1367,1602,7080.6,False,False
3327.01,Lott St & Erasmus St,40.64949,-73.95408,2024-01-01,2025-12-31,24,3789,2046,1743,7004.3,False,False
3335.09,Caton Ave & St. Pauls Pl,40.65153,-73.96277,2024-01-01,2025-12-31,24,14432,6895,7537,6594.9,False,False
3341.06,Church Ave & E 45 St,40.65159,-73.93535,2024-01-01,2025-12-31,24,2125,860,1265,7426.7,False,False
3344.02,Park Circle & East Dr,40.651566,-73.972212,2024-01-01,2025-12-31,24,50002,26567,23435,6178.8,False,False
3347.03,41 St & 4 Ave,40.651354,-74.007168,2024-01-01,2025-12-31,24,11523,5561,5962,5357.3,False,False
3350.04,E 38 St & Church Ave,40.65106,-73.94193,2024-01-02,2025-12-31,24,2646,1099,1547,7227.0,False,False
3353.04,Greenwood Ave & E 4 St,40.650739,-73.977739,2024-01-01,2025-12-31,24,12455,5933,6522,6038.6,False,False
3356.05,44 St & 2 Ave,40.652502,-74.013587,2024-06-07,2025-12-30,19,2336,926,1410,5240.3,False,False
3356.07,2 Ave & 44 St,40.65230357303063,-74.01344954967499,2024-01-03,2024-06-06,6,472,472,0,5261.4,False,False
3359.01,Church Ave & Nostrand Ave,40.65074,-73.94986,2024-01-01,2025-12-31,23,9990,5574,4416,6992.3,False,False
3359.03,Linden Blvd & Nostrand Ave,40.65272,-73.94994,2024-01-01,2025-12-31,24,9484,4505,4979,6786.0,False,False
3368.04,Caton Ave & Bedford Ave,40.65237,-73.95623,2024-01-01,2025-12-31,24,26419,12379,14040,6646.1,False,False
3373.01,E 51 St & Linden Blvd,40.65399,-73.92967,2024-01-27,2025-12-31,24,3465,1879,1586,7440.8,False,False
3376.02,Parade Pl & Crooke Ave,40.651847,-73.965248,2024-01-01,2025-12-31,24,22352,10798,11554,6460.1,False,False
3376.04,Parkside Ave & Parade Pl,40.6532,-73.96639,2024-01-01,2025-12-31,24,20110,10655,9455,6282.2,False,False
3379.03,5 Ave & 37 St,40.652657,-74.002356,2024-01-01,2025-12-31,24,10194,4429,5765,5242.7,False,False
3382.04,Troy Ave & Linden Blvd,40.6533,-73.93644,2024-01-01,2025-12-31,24,2874,1407,1467,7216.7,False,False
3385.06,Prospect Park SW & Greenwood Ave,40.652563,-73.972573,2024-01-01,2025-12-31,24,25559,11362,14197,6068.4,False,False
3388.02,41 St & 3 Ave,40.652512,-74.008906,2024-01-02,2025-12-31,24,2381,938,1443,5226.5,False,False
3388.03,40 St & 3 Ave,40.6535,-74.00902,2024-01-26,2025-12-31,24,2264,1071,1193,5117.3,False,False
3391.10,E 34 St & Linden Blvd,40.65302,-73.94599,2024-01-01,2025-12-31,24,3185,1196,1989,6885.3,False,False
3394.03,McDonald Ave & Vanderbilt St,40.651654,-73.981231,2024-01-01,2025-12-31,24,8291,4251,4040,5822.4,False,False
3400.04,Rogers Ave & Lenox Rd,40.65378,-73.95273,2024-01-01,2025-12-31,24,13650,6053,7597,6592.7,False,False
3408.05,Ocean Ave & Crooke Ave,40.65326,-73.96172,2024-01-01,2025-12-31,24,16403,8280,8123,6428.4,False,False
3420.01,36 St & 4 Ave,40.654144,-74.00422,2024-01-01,2025-12-31,24,28520,14200,14320,5063.8,False,False
3423.10,Clarkson Ave & E 40 St,40.65592,-73.94068,2024-01-26,2025-12-31,24,4272,1867,2405,6794.1,False,False
3426.02,Prospect Ave & Vanderbilt St,40.653368,-73.976291,2024-01-01,2025-12-31,24,12289,5819,6470,5836.3,False,False
3428.02,42 St & 1 Ave,40.654798,-74.014372,2024-06-06,2025-12-31,19,2297,808,1489,4992.5,False,False
3428.04,2 Ave & 43 St,40.65292829363811,-74.01286482810974,2024-01-01,2024-06-05,6,393,393,0,5189.4,False,False
3431.02,New York Ave & Lenox Rd,40.65458,-73.94716,2024-01-01,2025-12-31,24,14773,6447,8326,6687.5,False,False
3439.03,Bedford Ave & Clarkson Ave,40.65519,-73.9564,2024-01-01,2025-12-31,24,21255,10601,10654,6344.6,False,False
3448.02,Parkside Ave & Ocean Ave,40.65485,-73.96217,2024-01-01,2025-12-31,24,65945,32528,33417,6248.6,False,False
3451.01,34 St & 5 Ave,40.654098,-74.001131,2024-01-01,2025-12-31,23,4886,2342,2544,5097.3,False,False
3454.01,Clarkson Ave & Troy Ave,40.65633,-73.93648,2024-01-01,2025-12-31,24,3442,1400,2042,6922.2,False,False
3457.03,Prospect Park SW & Vanderbilt St,40.65482,-73.973217,2024-01-01,2025-12-31,24,29277,14357,14920,5826.6,False,False
3460.01,2 Ave & 36 St,40.65708866668485,-74.00870203971863,2024-01-01,2025-12-31,24,8475,4074,4401,4720.8,False,False
3460.02,36 St & 3 Ave,40.655716,-74.006664,2024-01-01,2025-12-31,24,21589,11401,10188,4877.1,False,False
3460.05,2 Ave & 39 St,40.655722167971554,-74.01000827550888,2024-01-01,2024-01-22,1,81,81,0,4872.0,False,False
3460.06,2 Ave & 37 St,40.65624,-74.00933,2024-01-23,2025-08-20,20,4737,3576,1161,4814.4,False,False
3463.01,Clarkson Ave & E 37 St,40.65577,-73.9432,2024-01-01,2025-12-31,24,11181,5521,5660,6713.3,False,False
3472.03,Clarkson Ave & Nostrand Ave,40.6555,-73.94975,2024-01-01,2025-12-31,24,14275,6701,7574,6507.4,False,False
3480.04,Parkside Ave & Flatbush Ave,40.65563,-73.95968,2024-01-01,2025-12-31,24,22320,10394,11926,6218.1,False,False
3486.02,Clarkson Ave & Utica Ave,40.65666,-73.93109,2024-01-01,2025-12-31,24,4090,1810,2280,7127.8,False,False
3492.04,34 St & 4 Ave,40.655278,-74.003101,2024-01-01,2025-07-09,18,9378,6411,2967,4947.9,False,False
3495.08,Lenox Rd & E 43 St,40.65496,-73.93765,2024-01-02,2025-12-31,24,3449,1541,1908,7006.7,False,False
3498.09,Prospect Park SW & 16 St,40.657265,-73.974165,2024-01-01,2025-12-31,24,32029,15951,16078,5554.6,False,False
3501.01,39 St & 2 Ave,40.6553997745,-74.0106278658,2025-08-23,2025-12-31,5,1417,0,1417,4908.6,False,False
3504.02,New York Ave & Hawthorne St,40.65794,-73.94735,2024-01-02,2025-09-23,21,7407,4163,3244,6343.4,False,False
3507.04,Prospect Park W & 20 St,40.656633,-73.983864,2024-01-01,2025-11-04,23,15587,8041,7546,5229.3,False,False
3512.03,Winthrop St & Rogers Ave,40.65686,-73.95331,2024-01-01,2025-12-31,24,13713,6225,7488,6256.6,False,False
3515.01,7 Ave & 22 St,40.658029,-73.989605,2024-01-01,2025-12-31,24,12941,5919,7022,4904.9,False,False
3520.01,Flatbush Ave & Fenimore St,40.65798,-73.96051,2024-01-01,2025-12-31,24,18034,9136,8898,5949.1,False,False
3523.06,29 St & 5 Ave,40.656986,-73.998194,2024-01-01,2025-12-31,24,8626,4251,4375,4822.8,False,False
3526.04,Winthrop St & Schenectady Ave,40.6582,-73.9338,2024-01-02,2025-12-31,24,2086,801,1285,6861.2,False,False
3532.02,2 Ave & 32 St,40.659176,-74.006584,2024-01-02,2025-12-31,24,3625,1355,2270,4495.4,False,False
3535.03,Winthrop St & Albany Ave,40.6577,-73.9398,2024-01-01,2025-12-31,24,5469,2858,2611,6654.1,False,False
3538.09,11 Ave & Prospect Ave,40.65629,-73.977335,2024-01-01,2025-12-31,24,31100,15025,16075,5510.9,False,False
3544.02,Winthrop St & Nostrand Ave,40.65707,-73.95005,2024-01-01,2025-12-31,24,12008,5383,6625,6337.7,False,False
3547.04,19 St & 8 Ave,40.658489,-73.985543,2024-01-01,2025-12-31,24,8021,4053,3968,4984.3,False,False
3552.09,Bedford Ave & Fenimore St,40.65815,-73.95674,2024-01-01,2025-12-31,24,16453,7829,8624,6024.9,False,False
3555.04,24 St & 5 Ave,40.659555,-73.995068,2024-01-01,2025-12-31,24,17137,8109,9028,4605.9,False,False
3564.04,30 St & 4 Ave,40.657743,-74.001141,2024-01-01,2025-12-31,24,11824,5726,6098,4698.2,False,False
3567.05,Rutland Rd & E 45 St,40.66034,-73.93618,2024-01-02,2025-12-31,24,3808,1918,1890,6554.2,False,False
3576.10,Rutland Rd & Brooklyn Ave,40.65969,-73.94517,2024-01-01,2025-12-31,23,7606,3192,4414,6251.5,False,False
3579.04,Windsor Pl & Howard Pl,40.659490558938955,-73.98013919591904,2024-01-01,2025-12-31,24,43310,20878,22432,5086.7,False,False
3585.06,Nostrand Ave & Rutland Rd,40.6595,-73.95041,2024-01-01,2025-12-31,24,14660,7070,7590,6079.2,False,False
3588.01,7 Ave & 20 St,40.659053,-73.98854,2024-01-01,2025-12-31,24,19685,9543,10142,4830.2,False,False
3593.01,Maple St & Flatbush Ave,40.66026,-73.96045,2024-01-01,2025-12-31,24,21281,11445,9836,5708.3,False,False
3593.10,Flatbush Ave & Lincoln Rd,40.66131,-73.96091,2024-01-01,2025-12-31,24,40092,20348,19744,5586.0,False,False
3596.04,4 Ave & 26 St,40.660079,-73.998633,2024-01-01,2025-12-31,24,13708,6748,6960,4480.3,False,False
3599.01,Midwood St & Utica Ave,40.66124,-73.93164,2024-01-03,2024-11-18,11,1263,1263,0,6682.2,False,False
3608.06,Maple St & Albany Ave,40.66155,-73.93974,2024-01-01,2025-12-31,24,9880,4439,5441,6285.0,False,False
3611.02,Prospect Park SW & 10 Ave,40.659945,-73.977504,2024-01-01,2025-12-31,24,29725,13961,15764,5154.7,False,False
3617.02,Maple St & New York Ave,40.66104,-73.94795,2024-01-01,2025-12-31,24,14003,6611,7392,6012.9,False,False
3620.02,Windsor Pl & 8 Ave,40.660906,-73.983074,2024-01-01,2025-12-31,24,21485,10676,10809,4832.3,False,False
3625.04,Bedford Ave & Maple St,40.66035,-73.95679,2024-01-01,2025-12-31,24,13749,6362,7387,5793.5,False,False
3625.07,Rogers Ave & Lincoln Rd,40.66127,-73.95352,2024-01-01,2025-12-31,24,23697,11725,11972,5796.4,False,False
3628.11,6 Ave & 21 St,40.66016,-73.990974,2024-01-01,2025-11-26,23,40192,20902,19290,4644.2,False,False
3633.08,Lincoln Rd & Ocean Ave,40.6605,-73.9626,2024-01-01,2025-12-31,24,57089,25820,31269,5634.1,False,False
3639.04,Schenectady Ave & Maple St,40.66178,-73.93445,2024-01-01,2025-12-31,24,3868,1879,1989,6499.2,False,False
3648.08,Kingston Ave & E New York Ave,40.66219,-73.94293,2024-01-01,2025-12-31,24,16723,8849,7874,6091.9,False,False
3651.04,West Drive & Prospect Park West,40.6610633719006,-73.97945255041122,2024-01-01,2025-12-31,24,133100,67960,65140,4964.2,False,False
3657.06,Sterling St & Nostrand Ave,40.66318,-73.95076,2024-01-01,2025-12-31,24,30752,14271,16481,5696.9,False,False
3660.07,7 Ave & 17 St,40.66093779493168,-73.98680448532104,2024-01-01,2025-12-31,24,25190,11775,13415,4693.7,False,False
3665.06,Sterling St & Bedford Ave,40.6627059,-73.9569115,2024-01-01,2025-12-31,24,14367,7108,7259,5545.0,False,False
3668.04,21 St & 4 Ave,40.662584,-73.995554,2024-01-01,2025-12-31,24,22355,11148,11207,4272.2,False,False
3671.01,E New York Ave & Utica Ave,40.662686,-73.931755,2025-03-19,2025-12-31,10,2709,0,2709,6546.4,False,False
3680.04,E New York Ave & Troy Ave,40.66227,-73.93762,2024-01-01,2025-12-31,24,6383,3292,3091,6308.9,False,False
3688.06,Brooklyn Ave & Lefferts Ave,40.662564,-73.945565,2024-01-01,2025-12-31,24,13801,6010,7791,5952.8,False,False
3696.05,Rogers Ave & Sterling St,40.6630619,-73.9538746,2024-01-01,2025-12-31,24,17373,8904,8469,5602.0,False,False
3699.07,17 St & 5 Ave,40.663493,-73.991007,2024-01-01,2025-12-31,24,38954,18187,20767,4297.4,False,False
3704.01,Washington Ave & Empire Blvd,40.66314,-73.9605695,2024-01-01,2025-12-31,24,20739,10866,9873,5400.6,False,False
3704.04,Flatbush Ave & Ocean Ave,40.663657,-73.963014,2024-01-01,2025-12-31,24,40933,21544,19389,5288.0,False,False
3707.01,23 St & 3 Ave,40.662611,-73.998623,2024-01-01,2025-12-31,24,4337,2231,2106,4206.6,False,False
3710.07,Lefferts Ave & Schenectady Ave,40.66343,-73.93472,2024-01-01,2025-12-31,24,15528,8258,7270,6335.3,False,False
3719.02,Lefferts Ave & Albany Ave,40.66288,-73.94019,2024-01-01,2025-12-31,24,13420,6391,7029,6138.9,False,False
3722.04,Prospect Park West & 8 St,40.66514681533792,-73.97637605667114,2024-01-01,2025-12-31,24,74365,36528,37837,4716.0,False,False
3728.04,Empire Blvd & New York Ave,40.66403,-73.94769,2024-01-01,2025-12-31,24,7939,4038,3901,5727.4,False,False
3728.05,New York Ave & Montgomery St,40.66509,-73.94824,2024-01-01,2025-12-31,24,9564,5015,4549,5601.9,False,False
3731.11,14 St & 7 Ave,40.663779,-73.98396846,2024-01-01,2025-12-31,24,61528,29971,31557,4516.0,False,False
3736.03,Bedford Ave & Montgomery St,40.665816,-73.956934,2024-01-01,2025-12-31,24,15034,7531,7503,5222.8,False,False
3739.06,4 Ave & 17 St,40.665507,-73.993037,2024-01-01,2025-12-31,24,15899,8023,7876,4029.0,False,False
3742.11,Carroll St & Rochester Ave,40.66598,-73.9284,2024-01-01,2025-12-31,24,9182,4774,4408,6431.8,False,False
3751.05,Crown St & Troy Ave,40.66559,-73.93712,2024-01-01,2025-12-31,24,14796,6610,8186,6024.0,False,False
3759.07,Kingston Ave & Montgomery St,40.66481,-73.94269,2024-01-01,2025-12-31,24,19524,10013,9511,5848.5,False,False
3762.08,10 St & 7 Ave,40.6662078,-73.98199886,2024-01-01,2025-12-31,24,76886,37703,39183,4366.3,False,False
3768.02,Crown St & Rogers Ave,40.66639,-73.95346,2024-01-01,2025-12-31,24,18586,9047,9539,5279.1,False,False
3771.06,14 St & 5 Ave,40.666287,-73.98895053,2024-01-01,2025-12-31,24,58511,28005,30506,4080.2,False,False
3776.05,Montgomery St & Franklin Ave,40.666439306870814,-73.9605563879013,2024-01-01,2025-12-31,24,19025,9556,9469,5053.8,False,False
3776.10,McKeever Pl & Sullivan Pl,40.66432331577469,-73.95921791486467,2024-01-17,2025-12-31,24,8916,4653,4263,5311.5,False,False
3779.02,3 Ave & 17 St,40.666168,-73.995549,2024-01-01,2025-12-31,24,5041,2134,2907,3892.3,False,False
3782.03,Carroll St & Utica Ave,40.66619,-73.93162,2024-01-01,2025-12-31,24,9757,4626,5131,6243.3,False,False
3791.02,Albany Ave & Carroll St,40.6667,-73.93972,2024-01-01,2025-12-31,24,17640,9133,8507,5800.6,False,False
3803.05,6 Ave & 12 St,40.6663181,-73.9854617,2024-01-01,2025-12-31,24,41148,20106,21042,4209.2,False,False
3803.09,6 Ave & 9 St,40.668127,-73.98377641,2024-01-01,2025-12-31,24,80142,39088,41054,4107.0,False,False
3811.05,16 St & 4 Ave,40.666197,-73.992466,2024-01-01,2025-12-31,24,20560,10753,9807,3974.3,False,False
3814.01,Buffalo Ave & E New York Ave,40.66591,-73.92602,2024-01-01,2025-12-31,24,10979,5663,5316,6567.7,False,False
3822.08,Schenectady Ave & President St,40.66732,-73.93398,2024-01-01,2025-12-31,24,14210,6670,7540,6022.9,False,False
3831.03,Kingston Ave & Carroll St,40.66688,-73.9425,2024-01-01,2025-12-31,24,25947,14111,11836,5659.3,False,False
3834.10,6 St & 7 Ave,40.6686627,-73.97988067,2024-01-01,2025-12-31,24,62612,31616,30996,4229.9,False,False
3839.02,President St & Nostrand Ave,40.66811,-73.9505,2024-01-01,2025-12-31,24,25868,12080,13788,5218.0,False,False
3842.08,10 St & 5 Ave,40.6686273,-73.98700053,2024-01-01,2025-12-31,24,40205,19099,21106,3922.9,False,False
3845.05,Eastern Pkwy & Ralph Ave,40.66852,-73.92284,2024-01-01,2025-12-31,24,4163,1840,2323,6538.0,False,False
3847.04,Carroll St & Franklin Ave,40.6679411,-73.9588,2024-01-01,2025-12-31,24,18113,8534,9579,4947.1,False,False
3850.03,3 Ave & 14 St,40.6685455,-73.99333264,2024-01-01,2025-12-31,24,19221,9131,10090,3705.7,False,False
3853.02,Eastern Pkwy & Rochester Ave,40.66846,-73.9282,2024-01-01,2025-12-31,24,11853,5970,5883,6234.6,False,False
3856.03,Flatbush Ave & Eastern Pkwy,40.668757,-73.966438,2024-01-01,2025-12-31,24,11807,5681,6126,4669.8,False,False
3862.07,Eastern Pkwy & Troy Ave,40.66929,-73.93679,2024-01-01,2025-12-31,24,18969,8629,10340,5706.4,False,False
3865.05,3 St & Prospect Park West,40.668132,-73.97363831,2024-01-01,2025-12-31,24,90952,44182,46770,4557.3,False,False
3871.02,Eastern Pkwy & Brooklyn Ave,40.66939,-73.94514,2024-01-01,2025-12-31,24,25186,11825,13361,5307.0,False,False
3874.01,5 St & 6 Ave,40.6704836,-73.98208968,2024-01-01,2025-12-31,24,31849,14415,17434,3960.6,False,False
3877.04,Pitkin Ave & Grafton St,40.66852,-73.91908,2024-01-01,2025-12-31,24,5489,2311,3178,6764.0,False,False
3879.04,Union St & Bedford Ave,40.6691783,-73.9554162,2024-01-01,2025-12-31,24,40218,19033,21185,4930.2,False,False
3882.01,12 St & 4 Ave,40.668603,-73.9904394,2024-01-01,2025-12-31,24,25577,12393,13184,3795.2,False,False
3882.05,10 St & 4 Ave,40.66967356370341,-73.98898908183764,2024-01-01,2024-09-27,9,15387,15387,0,3742.2,False,False
3885.06,Buffalo Ave & St John's Pl,40.67015,-73.92538,2024-01-01,2025-12-31,24,4785,2197,2588,6259.4,False,False
3887.03,Carroll St & Washington Ave,40.6686744,-73.9618148,2024-01-01,2025-12-31,24,21037,10085,10952,4785.9,False,False
3893.03,Eastern Pkwy & Schenectady Ave,40.66876,-73.93376,2024-01-01,2025-12-31,24,20739,9825,10914,5908.4,False,False
3902.06,Eastern Pkwy & Kingston Ave,40.66959,-73.94237,2024-01-01,2025-12-31,24,68866,34978,33888,5410.9,False,False
3905.15,3 St & 7 Ave,40.6703837,-73.97839676,2024-01-01,2025-12-31,24,85212,41030,44182,4134.2,False,False
3911.05,Eastern Pkwy & Nostrand Ave,40.66967,-73.9503,2024-01-01,2025-12-31,24,25998,12846,13152,5071.6,False,False
3914.02,7 St & 5 Ave,40.6704922,-73.98541675,2024-01-01,2025-12-31,24,44343,22668,21675,3811.9,False,False
3917.03,St Johns Pl & Howard Ave,40.66992,-73.92002,2024-01-01,2025-12-31,24,3674,1626,2048,6600.1,False,False
3919.07,Eastern Pkwy & Franklin Ave (NE Corner),40.6707767,-73.9576801,2024-01-01,2025-12-31,24,74361,36589,37772,4691.5,False,False
3919.12,Eastern Pkwy & Franklin Ave (SW Corner),40.670529,-73.958222,2024-01-01,2025-12-31,24,32739,15294,17445,4699.0,False,False
3922.02,10 St & 2 Ave,40.671907,-73.993612,2024-01-01,2025-12-31,24,24580,12246,12334,3352.8,False,False
3925.03,Sterling Pl & Rochester Ave,40.67128,-73.92825,2024-01-01,2025-12-31,24,5059,2087,2972,6001.6,False,False
3928.08,Eastern Pkwy & Washington Ave,40.6716493,-73.9631145,2024-01-01,2025-12-31,24,53010,27555,25455,4439.2,False,False
3931.09,Bay St & Court St,40.671409,-74.001328,2024-01-01,2025-12-31,24,8026,4297,3729,3207.9,False,False
3934.06,Sterling Pl & Schenectady Ave,40.6716,-73.93378,2024-01-01,2025-12-31,24,8101,3827,4274,5664.2,False,False
3934.07,Troy Ave & Park Pl,40.67251,-73.93642,2024-01-01,2025-12-31,24,12420,6067,6353,5444.6,False,False
3940.04,Sigourney St & Columbia St,40.67267243410948,-74.0087952464819,2024-01-01,2025-12-31,24,15933,7972,7961,2998.1,False,False
3943.03,St Johns Pl & Kingston Ave,40.67113,-73.94222,2024-01-01,2025-12-31,24,23236,11101,12135,5275.8,False,False
3946.07,1 St & 6 Ave,40.672784,-73.979826,2024-01-01,2025-12-31,23,40434,17696,22738,3845.2,False,False
3950.03,Park Pl & Thomas S. Boyland St,40.67154,-73.91433,2024-01-01,2025-12-31,24,6447,2913,3534,6838.4,False,False
3952.07,Lincoln Pl & Nostrand Ave,40.67077,-73.9507,2024-01-01,2025-12-31,24,32674,15474,17200,4947.8,False,False
3955.05,4 Ave & 9 St,40.6705135,-73.98876585,2024-09-27,2025-12-31,16,29896,5135,24761,3668.7,False,False
3958.02,Sterling Pl & Ralph Ave,40.67095,-73.92222,2024-01-01,2025-12-31,24,4326,2187,2139,6386.9,False,False
3960.01,Lincoln Pl & Classon Ave,40.6721683,-73.9609,2024-01-01,2025-12-31,24,38419,19153,19266,4447.3,False,False
3966.01,St Johns Pl & Utica Ave,40.6705,-73.9308,2024-01-01,2025-12-31,24,15227,6879,8348,5920.4,False,False
3966.03,Park Pl & Utica Ave,40.67242,-73.93094,2024-01-01,2025-12-31,24,8929,4076,4853,5754.7,False,False
3972.08,Henry St & Bay St,40.6725058,-74.00494695,2024-01-01,2025-12-31,24,10730,4850,5880,3038.1,False,False
3975.02,Albany Ave & Park Pl,40.67297,-73.93896,2024-01-01,2025-12-31,24,14861,7091,7770,5271.7,False,False
3978.13,Garfield Pl & 8 Ave,40.6711978,-73.97484126,2024-01-01,2025-11-11,23,60517,31151,29366,4215.8,False,False
3981.10,Dwight St & Van Dyke St,40.67363551341504,-74.01195555925369,2024-01-01,2025-12-31,24,10028,4552,5476,2900.5,False,False
3982.01,Eastern Pkwy & St Marks Ave,40.67319,-73.91083,2024-01-01,2025-12-31,24,4041,1919,2122,6952.5,False,False
3984.02,Sterling Pl & New York Ave,40.67234,-73.94763,2024-01-01,2025-12-31,24,36216,15964,20252,4919.4,False,False
3987.06,5 Ave & 3 St,40.6728155,-73.98352355,2024-01-01,2025-12-31,24,72336,36207,36129,3677.8,False,False
3991.04,Prospect Pl & Howard Ave,40.67261,-73.91977,2024-01-01,2025-12-31,24,3980,2110,1870,6415.7,False,False
3993.03,Sterling Pl & Bedford Ave,40.672695,-73.954131,2024-01-01,2025-12-31,24,45737,21799,23938,4627.6,False,False
3996.01,7 St & 3 Ave,40.67260298150126,-73.98983001708984,2024-01-01,2025-12-31,24,35669,18003,17666,3422.8,False,False
3999.06,Park Pl & Buffalo Ave,40.67202,-73.92539,2024-01-01,2025-12-31,24,6013,3061,2952,6112.4,False,False
4001.09,St Johns Pl & Washington Ave,40.6737236,-73.9631611,2024-01-01,2025-12-31,24,53427,26620,26807,4220.7,False,False
4007.01,Schenectady Ave & Prospect Pl,40.67351,-73.93363,2024-01-01,2025-12-31,24,13218,6690,6528,5513.1,False,False
4010.01,Plaza St East & Flatbush Ave,40.673134,-73.969106,2024-01-01,2025-12-31,24,101005,50206,50799,4147.8,False,False
4010.13,Plaza St West & Flatbush Ave,40.6750207,-73.97111473,2024-01-01,2025-12-31,24,86011,42207,43804,3909.9,False,False
4010.15,Grand Army Plaza & Plaza St West,40.6729679,-73.97087984,2024-01-01,2025-12-31,24,78351,38140,40211,4136.7,False,False
4013.08,Columbia St & Lorraine St,40.6747055,-74.0075572,2024-01-10,2025-12-31,24,7076,2690,4386,2776.8,False,False
4014.01,Pacific St & Sackman St,40.67522,-73.9061,2024-01-01,2025-12-31,24,2248,1231,1017,7143.2,False,False
4016.03,Kingston Ave & Park Pl,40.67308,-73.94191,2024-01-01,2025-12-31,24,24670,12798,11872,5113.5,False,False
4019.06,Carroll St & 6 Ave,40.6740886,-73.9787282,2024-01-01,2025-12-31,24,58397,28431,29966,3771.5,False,False
4023.01,St Marks Ave & Thomas S. Boyland St,40.67313,-73.91387,2024-01-01,2025-12-31,24,2504,1335,1169,6755.8,False,False
4023.05,Pacific St & Thomas S. Boyland St,40.67568,-73.91396,2024-01-01,2025-12-31,24,3653,1826,1827,6575.6,False,False
4025.02,Prospect Pl & Nostrand Ave,40.67428,-73.9503,2024-01-01,2025-12-31,24,39510,19105,20405,4621.3,False,False
4028.03,3 St & 3 Ave,40.6750705,-73.98775226,2024-01-01,2025-12-31,24,38814,18992,19822,3278.0,False,False
4028.04,4 Ave & 3 St,40.673746,-73.985649,2024-01-01,2025-12-31,24,45316,22068,23248,3495.9,False,False
4031.05,St Marks Ave & Ralph Ave,40.67372,-73.92199,2024-01-01,2025-12-31,24,5285,3043,2242,6194.4,False,False
4033.16,Sterling Pl & Franklin Ave,40.67324785,-73.95689517,2024-01-01,2025-12-31,24,63575,29735,33840,4469.6,False,False
4033.18,Sterling Pl & Classon Ave,40.6739411,-73.96026,2024-02-15,2025-12-31,23,33096,14888,18208,4284.8,False,False
4039.04,St Marks Ave & Rochester Ave,40.67404,-73.92772,2024-01-01,2025-12-31,24,7286,3408,3878,5815.8,False,False
4042.08,Underhill Ave & Lincoln Pl,40.6740123,-73.9671457,2024-01-01,2025-12-31,24,59761,28147,31614,4092.0,False,False
4045.01,Clinton St & Centre St,40.67434,-74.00194698,2024-01-02,2025-12-31,24,10776,5142,5634,2880.2,False,False
4048.03,Bergen St & Troy Ave,40.67524,-73.93596,2024-01-01,2025-12-31,24,8090,3693,4397,5239.6,False,False
4051.01,Berkeley Pl & 7 Ave,40.675146838709786,-73.97523209452629,2024-01-01,2025-12-31,24,119291,57312,61979,3827.5,False,False
4054.06,Dwight St & Dikeman St,40.67487503856169,-74.01048018571481,2024-01-01,2025-12-31,24,7209,3031,4178,2756.4,False,False
4055.04,Bergen St & Mother Gaston Blvd,40.67374,-73.90852,2024-01-01,2025-12-31,24,3666,1975,1691,7071.4,False,False
4057.04,Brooklyn Ave & Prospect Pl,40.67412,-73.94447,2024-01-01,2025-12-31,22,24498,9365,15133,4895.7,False,False
4060.09,Carroll St & 5 Ave,40.6751622,-73.9814832,2024-01-01,2025-12-31,24,62049,29738,32311,3548.1,False,False
4064.03,Bergen St & Saratoga Ave,40.67423,-73.91656,2024-01-01,2025-12-31,24,4864,2576,2288,6503.2,False,False
4066.15,Bedford Ave & Bergen St,40.676368,-73.952918,2024-01-01,2025-12-31,24,47713,22797,24916,4312.6,False,False
4072.02,Bergen St & Buffalo Ave,40.6747,-73.92512,2024-01-01,2025-12-31,24,6295,2954,3341,5925.6,False,False
4074.14,Classon Ave & St Marks Ave,40.676513,-73.959431,2024-01-01,2025-12-31,23,54544,28790,25754,4052.0,False,False
4077.04,Smith St & 9 St,40.6746957,-73.99785768,2024-01-01,2025-12-31,24,46209,20175,26034,2935.9,False,False
4077.07,Court St & Nelson St,40.6763947,-73.99869893,2024-01-01,2025-12-31,23,40422,21638,18784,2735.2,False,False
4080.01,Schenectady Ave & Pacific St,40.67686,-73.93327,2024-01-01,2025-12-31,24,11072,5108,5964,5263.9,False,False
4083.13,Park Pl & Vanderbilt Ave,40.6767,-73.969024,2025-07-18,2025-12-31,6,7865,0,7865,3765.1,False,False
4086.05,Columbia St & W 9 St,40.6769993,-74.00647134,2024-01-01,2025-12-31,24,7456,3388,4068,2530.5,False,False
4086.06,Henry St & W 9 St,40.6763744,-74.00324957,2024-01-01,2025-12-31,24,7778,3681,4097,2637.7,False,False
4087.01,Van Sinderen Ave & Atlantic Ave,40.67621,-73.90351,2024-01-01,2025-12-31,24,6017,2708,3309,7265.0,False,False
4089.01,Bergen St & Kingston Ave,40.6756,-73.9415,2024-01-01,2025-12-31,24,27237,13655,13582,4910.6,False,False
4095.03,Van Brunt St & Wolcott St,40.6773429,-74.01275056,2024-01-01,2025-12-31,24,33857,15861,17996,2499.2,False,False
4095.10,Van Brunt St & Van Dyke St,40.6758329439129,-74.01472628116608,2024-01-01,2025-12-31,24,33240,16289,16951,2688.6,False,False
4096.08,Dean St & Rockaway Ave,40.67486,-73.91123,2024-01-01,2025-12-31,24,3173,1425,1748,6814.1,False,False
4098.06,New York Ave & St Marks Ave,40.67514,-73.94716,2024-01-01,2025-12-31,24,34297,17669,16628,4676.4,False,False
4101.17,President St & 4 Ave,40.676757,-73.983262,2024-01-01,2025-12-31,24,51517,27216,24301,3319.2,False,False
4105.01,Pacific St & Ralph Ave,40.67607,-73.92171,2024-01-01,2025-12-31,24,6169,3037,3132,6039.9,False,False
4107.05,Franklin Ave & St Marks Ave,40.6758324,-73.9561677,2024-01-01,2025-12-31,24,59536,27770,31766,4240.6,False,False
4107.13,Dean St & Franklin Ave,40.67759206937376,-73.955637216568,2024-01-01,2025-12-31,24,67608,33781,33827,4087.0,False,False
4110.10,3 St & Hoyt St,40.6777287,-73.99364123,2024-01-01,2025-12-31,24,30288,13927,16361,2771.5,False,False
4113.01,Pacific St & Rochester Ave,40.67639,-73.92748,2024-01-01,2025-12-31,24,4731,2252,2479,5652.7,False,False
4116.08,Prospect Pl & Underhill Ave,40.6769694,-73.96579,2024-01-01,2025-12-31,24,43062,21050,22012,3810.2,False,False
4116.09,Washington Ave & Park Pl,40.675832,-73.963308,2024-01-01,2025-12-31,24,58750,27301,31449,3997.0,False,False
4119.04,Clinton St & 4 Place,40.6783563,-74.00014502,2024-01-01,2025-12-31,24,40371,18036,22335,2490.9,False,False
4120.02,Fulton St & Williams Ave,40.67709,-73.9008,2024-01-01,2025-12-31,24,6083,3333,2750,7407.8,False,False
4122.03,Pacific St & Troy Ave,40.67686,-73.93607,2024-01-01,2025-12-31,24,14744,6671,8073,5100.6,False,False
4125.07,7 Ave & Park Pl,40.6776147,-73.97324283,2024-01-01,2025-12-31,23,97498,45918,51580,3597.4,False,False
4125.13,Park Pl & Carlton Ave,40.677358,-73.97211,2025-07-18,2025-12-31,6,12005,0,12005,3640.7,False,False
4128.08,Pioneer St & Richards St,40.6777748,-74.0094613,2024-01-01,2025-12-31,24,8696,4384,4312,2434.0,False,False
4129.10,Herkimer St & Eastern Pkwy,40.67738,-73.90829,2024-01-01,2025-12-31,24,3910,1801,2109,6856.6,False,False
4131.03,Brooklyn Ave & Dean St,40.67669,-73.94437,2024-01-01,2025-12-31,23,25053,9580,15473,4668.6,False,False
4134.06,Berkeley Pl & 6 Ave,40.6765304,-73.97846879,2024-01-01,2025-12-31,24,49401,23285,26116,3553.6,False,False
4137.10,Coffey St & Conover St,40.677236,-74.015665,2024-01-01,2025-12-31,24,19129,9088,10041,2551.5,False,False
4137.14,Coffey St & Ferris St,40.67818387977647,-74.0170168876648,2024-01-01,2025-12-31,24,18891,9149,9742,2476.9,False,False
4138.04,Thomas S. Boyland St & Fulton St,40.67854,-73.91367,2024-01-01,2025-12-31,24,8930,4496,4434,6409.3,False,False
4140.03,Pacific St & Nostrand Ave,40.6776,-73.94963,2024-01-01,2025-12-31,24,44431,21415,23016,4335.1,False,False
4143.04,3 Ave & Carroll St,40.677027,-73.9865,2024-01-01,2025-12-31,24,34829,13929,20900,3149.9,False,False
4146.02,Columbus Pl & Atlantic Ave,40.67717,-73.92285,2024-01-01,2025-12-31,24,7779,3927,3852,5887.8,False,False
4148.07,Pacific St & Classon Ave,40.6791944,-73.9587903,2024-01-01,2025-12-31,24,35298,16387,18911,3809.2,False,False
4151.01,Smith St & 3 St,40.6787242,-73.99599099,2024-01-01,2025-12-31,24,44107,21463,22644,2583.4,False,False
4154.02,Pacific St & Utica Ave,40.6767,-73.93051,2024-01-01,2025-12-31,24,8322,4015,4307,5442.3,False,False
4157.10,Bergen St & Vanderbilt Ave,40.6794388,-73.9680438,2024-01-01,2025-12-31,24,122629,58866,63763,3493.7,False,False
4157.15,Prospect Pl & Vanderbilt Ave,40.67767534,-73.96902144,2024-01-01,2025-12-31,24,66372,32576,33796,3660.5,False,False
4161.01,Van Sinderen Ave & Truxton St,40.6786,-73.90369,2024-01-01,2025-12-31,24,13079,6701,6378,7112.9,False,False
4166.08,Prospect Pl & 6 Ave,40.6793307,-73.97519523,2024-01-01,2025-12-31,24,56458,28170,28288,3387.8,False,False
4169.04,Pioneer St & Van Brunt St,40.679043,-74.011169,2024-01-01,2025-12-31,24,30677,14003,16674,2299.4,False,False
4170.08,Somers St & Rockaway Ave,40.67872,-73.91105,2024-01-01,2025-12-31,24,8774,4268,4506,6580.8,False,False
4172.04,Herkimer St & New York Ave,40.67955,-73.94709,2024-01-01,2025-12-31,24,19007,9430,9577,4278.0,False,False
4175.14,Douglass St & 4 Ave,40.6792788,-73.98154004,2024-01-01,2025-12-31,24,59294,28830,30464,3158.9,False,False
4175.15,Union St & 4 Ave,40.6772744,-73.98282002,2024-01-01,2025-12-31,24,49133,25769,23364,3290.3,False,False
4179.03,Fulton St & Saratoga Ave,40.67853,-73.91642,2024-01-01,2025-12-31,24,6654,3239,3415,6221.0,False,False
4181.10,Brevoort Pl & Bedford Ave,40.68012,-73.95362,2024-01-01,2025-12-31,24,30476,13405,17071,3922.0,False,False
4184.07,Carroll St & Bond St,40.6786115,-73.99037292,2024-01-01,2024-03-06,3,1618,1618,0,2828.8,False,False
4184.08,President St & Hoyt St,40.680057,-73.991753,2024-03-06,2025-12-31,22,26379,11824,14555,2631.7,False,False
4187.04,Sumpter St & Fulton St,40.67923,-73.92588,2024-01-01,2025-12-31,24,5255,2607,2648,5545.6,False,False
4190.06,Grand Ave & Bergen St,40.678045,-73.962408,2024-01-01,2025-12-31,24,49553,23981,25572,3796.3,False,False
4193.14,1 Pl & Clinton St,40.6809591,-73.99905709,2024-01-01,2025-12-31,24,44610,22380,22230,2252.3,False,False
4196.01,Lewis Ave & Fulton St,40.67972,-73.93467,2024-01-01,2025-12-31,24,7982,3796,4186,4958.0,False,False
4196.05,Chauncey St & Stuyvesant Ave,40.68012,-73.93168,2024-01-01,2025-12-31,24,31588,15031,16557,5113.6,False,False
4199.12,Carlton Ave & Dean St,40.6809741,-73.9710097,2024-01-01,2025-12-31,24,101080,45487,55593,3266.9,False,False
4199.13,Carlton Ave & St Marks Ave,40.67911856082165,-73.97176265716553,2024-01-01,2025-07-18,19,28810,18810,10000,3454.6,False,False
4202.04,Richards St & Delavan St,40.6794327,-74.00785041,2024-01-01,2025-12-31,24,13899,7155,6744,2253.7,False,False
4203.04,Somers St & Broadway,40.67945,-73.90474,2024-01-27,2025-12-31,24,3364,1506,1858,6988.7,False,False
4205.06,Kingston Ave & Herkimer St,40.67890679,-73.94142771,2024-01-01,2025-12-31,24,25148,12128,13020,4631.0,False,False
4208.01,Sterling Pl & 5 Ave,40.678970070475735,-73.97855266928671,2024-01-01,2025-12-31,24,41200,19509,21691,3320.7,False,False
4212.01,MacDougal St & Rockaway Ave,40.68018,-73.91136,2024-01-01,2025-12-31,23,5192,2211,2981,6470.8,False,False
4214.03,Macon St & Nostrand Ave,40.6809833854,-73.9500479759,2024-01-01,2025-12-31,24,58433,28063,30370,4004.0,False,False
4214.04,Verona Pl & Fulton St,40.6803560840434,-73.9476791024208,2024-01-01,2025-12-31,24,18057,8045,10012,4176.8,False,False
4217.02,Douglass St & 3 Ave,40.6802133,-73.98432695,2024-01-01,2025-12-31,24,55957,28679,27278,2947.2,False,False
4217.06,Degraw St & 3 Ave,40.67977,-73.9847,2024-01-01,2025-12-30,24,42685,21402,21283,2972.3,False,False
4220.02,Ralph Ave & Fulton St,40.67922,-73.92192,2024-01-01,2025-12-31,24,15275,7098,8177,5805.0,False,False
4222.02,Lefferts Pl & Franklin Ave,40.680342423,-73.9557689392,2024-01-01,2025-12-31,24,45635,22775,22860,3811.8,False,False
4225.14,Carroll St & Smith St,40.680611,-73.99475825,2024-01-01,2025-12-31,24,78672,38312,40360,2447.3,False,False
4228.02,Fulton St & Utica Ave,40.6794268,-73.9298911,2024-01-01,2025-12-31,24,28177,13300,14877,5277.1,False,False
4228.06,Chauncey St & Malcolm X Blvd,40.68044,-73.92842,2024-01-01,2025-12-31,24,21242,10025,11217,5295.8,False,False
4231.04,Underhill Ave & Pacific St,40.6804836,-73.9646795,2024-01-01,2025-12-31,24,61205,29253,31952,3474.9,False,False
4237.01,Lewis Ave & Decatur St,40.6814598,-73.934903,2024-01-01,2025-12-31,24,14866,7203,7663,4812.4,False,False
4237.02,Albany Ave & Fulton St,40.6800105,-73.938475,2024-01-01,2025-12-31,24,21052,9862,11190,4708.0,False,False
4243.01,Commerce St & Van Brunt St,40.6812117,-74.00860912,2024-01-01,2025-12-31,24,17456,7549,9907,2054.7,False,False
4244.06,Broadway & Furman Ave,40.68139,-73.90756,2024-01-01,2025-12-31,24,7041,3655,3386,6675.0,False,False
4246.02,MacDonough St & Marcy Ave,40.68078,-73.94613,2024-01-01,2025-12-31,24,32281,15554,16727,4219.0,False,False
4249.01,St Marks Pl & 4 Ave,40.68197,-73.98034,2024-04-10,2025-12-31,21,33153,12546,20607,2959.5,False,False
4249.10,St Marks Pl & 4 Ave,40.68177810928762,-73.97988975048065,2024-01-01,2024-04-01,4,2540,2540,0,2997.5,False,False
4253.02,Thomas S. Boyland St & Marion St,40.6814658848122,-73.91415685415268,2024-01-01,2025-12-31,24,11831,5648,6183,6195.4,False,False
4255.05,Hancock St & Bedford Ave,40.68216564,-73.95399026,2024-01-01,2025-12-31,24,46765,22294,24471,3712.2,False,False
4258.07,Degraw St & Hoyt St,40.681990442707026,-73.99079024791718,2024-01-01,2025-12-31,24,36680,17129,19551,2492.9,False,False
4261.03,Patchen Ave & Bainbridge St,40.68143,-73.92565,2024-01-01,2025-12-31,24,10662,5506,5156,5406.7,False,False
4263.12,Fulton St & Irving Pl,40.68186,-73.959432,2024-01-01,2025-12-31,24,64130,29977,34153,3521.7,False,False
4266.03,Clinton St & Union St,40.6831164,-73.99785267,2024-01-01,2025-12-31,24,49178,25341,23837,2078.9,False,False
4278.03,Marcus Garvey Blvd & Macon St,40.682601,-73.938037,2024-01-01,2025-12-31,24,35340,16760,18580,4532.7,False,False
4281.08,Bergen St & Flatbush Ave,40.680944723477296,-73.97567331790923,2024-01-01,2025-12-31,24,91458,46169,45289,3205.8,False,False
4285.09,Rockaway Ave & Bainbridge St,40.68319988172761,-73.91166642308235,2024-01-01,2025-12-31,24,17458,8720,8738,6275.1,False,False
4290.06,Wyckoff St & 3 Ave,40.6827549,-73.98258555,2024-01-01,2025-12-31,24,32467,14963,17504,2785.9,False,False
4293.05,Chauncey St & Howard Ave,40.68158,-73.91959,2024-01-01,2025-12-31,24,13590,6009,7581,5807.5,False,False
4298.05,Degraw St & Smith St,40.6829151,-73.99318208,2024-01-01,2025-12-31,23,47950,21219,26731,2299.7,False,False
4301.04,Macon St & Patchen Ave,40.68374,-73.9261,2024-01-01,2025-12-31,24,19719,9411,10308,5222.0,False,False
4301.07,MacDonough St & Malcolm X Blvd,40.68273,-73.92926,2024-01-01,2025-12-31,24,18715,8193,10522,5079.1,False,False
4307.13,President St & Henry St,40.6828003,-73.99990419,2024-01-01,2025-12-31,24,38009,18253,19756,2037.0,False,False
4310.06,Macon St & Lewis Ave,40.68282,-73.93488,2024-01-01,2025-12-31,24,27516,12725,14791,4713.4,False,False
4317.05,Bushwick Ave & Furman Ave,40.68281,-73.90623,2024-01-01,2025-12-31,24,10255,4556,5699,6696.1,False,False
4319.07,Halsey St & Tompkins Ave,40.6823687,-73.944118,2024-01-01,2025-12-31,24,63540,29712,33828,4193.5,False,False
4322.06,Bergen St & 4 Ave,40.68256425759694,-73.9798977971077,2024-01-01,2025-12-31,24,59167,31348,27819,2923.3,False,False
4325.03,Thomas S. Boyland St & Macon St,40.68491,-73.91493,2024-01-01,2025-12-31,24,7696,3422,4274,5942.2,False,False
4327.09,Putnam Ave & Nostrand Ave,40.68402,-73.94977,2024-01-01,2025-12-31,24,39641,19882,19759,3747.7,False,False
4330.09,Hoyt St & Warren St,40.6843549,-73.98901629,2024-01-01,2025-12-31,24,13364,6093,7271,2349.7,False,False
4334.02,Halsey St & Ralph Ave,40.68494,-73.92299,2024-01-01,2025-12-31,24,14371,7480,6891,5361.5,False,False
4336.01,Monroe St & Classon Ave,40.6845683,-73.95881081,2024-01-01,2025-12-31,24,27088,13912,13176,3278.8,False,False
4339.01,Butler St & Court St,40.6849894,-73.99440329,2024-01-01,2025-12-31,24,40036,17924,22112,2050.5,False,False
4342.04,Hancock St & Malcolm X Blvd,40.68487,-73.9293,2024-01-01,2025-12-31,23,24733,13484,11249,4930.8,False,False
4345.11,Fulton St & Waverly Ave,40.683238654603414,-73.96599590778351,2024-01-01,2025-12-31,24,87801,41636,46165,3150.8,False,False
4348.07,Carroll St & Columbia St,40.6830456,-74.00348559,2024-01-01,2025-12-31,24,44016,20448,23568,1914.0,False,False
4354.05,S Portland Ave & Hanson Pl,40.68539567,-73.97431458,2024-01-01,2025-12-31,24,60916,30979,29937,2733.6,False,False
4354.07,Atlantic Ave & Fort Greene Pl,40.68382604,-73.97632328,2024-01-01,2025-12-31,24,89940,44459,45481,2883.0,False,False
4357.01,Moffat St & Bushwick,40.68458,-73.90925,2024-01-01,2025-12-31,24,11618,5496,6122,6379.1,False,False
4362.04,Pacific St & Nevins St,40.6853761,-73.98302136,2024-01-01,2025-12-31,24,42288,20510,21778,2520.3,False,False
4366.01,Halsey St & Broadway,40.68565,-73.91564,2024-01-01,2025-12-31,24,13082,6686,6396,5849.6,False,False
4366.10,Decatur St & Saratoga Ave,40.68332,-73.91711,2024-01-01,2025-12-31,24,11183,5631,5552,5875.3,False,False
4368.05,Monroe St & Bedford Ave,40.6851443,-73.95380904,2024-01-01,2025-12-31,24,74424,36418,38006,3445.2,False,False
4371.01,Warren St & Smith St,40.685424009970184,-73.99127773940563,2024-01-01,2025-12-31,24,51951,24800,27151,2148.7,False,False
4374.01,Picnic Point,40.68512559515415,-74.02535319328308,2024-01-01,2025-12-25,24,9194,5028,4166,2112.9,False,False
4375.02,Jefferson Ave & Patchen Ave,40.68609,-73.92628,2024-01-01,2025-12-31,24,15824,7023,8801,5060.1,False,False
4377.04,Cambridge Pl & Gates Ave,40.68488,-73.96304,2024-01-01,2025-12-31,24,53616,25463,28153,3086.6,False,False
4380.08,Henry St & Degraw St,40.6847514,-73.99917254,2024-01-01,2025-12-31,24,50434,24243,26191,1867.2,False,False
4383.06,Hancock St & Stuyvesant Ave,40.68454,-73.9322,2024-01-01,2025-12-31,24,24887,11450,13437,4760.5,False,False
4386.05,Fulton St & Clermont Ave,40.68415748,-73.96922273,2024-01-01,2025-12-31,24,53553,26280,27273,2965.4,False,False
4386.07,Carlton Ave & Greene Ave,40.685957,-73.971468,2024-07-03,2025-12-31,18,34919,10775,24144,2722.4,False,False
4392.04,Putnam Ave & Throop Ave,40.6851532,-73.94111,2024-01-01,2025-12-31,24,48057,23743,24314,4150.7,False,False
4395.07,Hanson Pl & Ashland Pl,40.68506807308177,-73.97790759801863,2024-01-01,2025-12-31,24,166791,78518,88273,2730.4,False,False
4399.03,Eldert St & Bushwick Ave,40.68652,-73.91321,2024-01-01,2025-12-31,24,13366,6638,6728,5983.6,False,False
4401.04,Marcy Ave & Gates Ave,40.686679,-73.947417,2024-06-27,2025-12-31,19,22145,7337,14808,3654.1,False,False
4404.10,Bond St & Bergen St,40.6849668,-73.98620772,2024-01-01,2025-12-31,24,46036,22933,23103,2417.1,False,False
4408.07,Macon St & Howard Ave,40.68452,-73.92011,2024-02-01,2025-12-31,23,16705,7714,8991,5590.6,False,False
4410.02,Franklin Ave & Quincy St,40.68636,-73.95678,2024-06-19,2025-12-31,19,41443,14347,27096,3194.4,False,False
4413.08,Warren St & Court St,40.686371,-73.99383324,2024-01-01,2025-12-31,24,43662,20124,23538,1946.1,False,False
4416.10,Madison St & Malcolm X Blvd,40.68713,-73.93008,2024-01-01,2025-12-31,24,26392,12419,13973,4730.8,False,False
4419.03,Washington Ave & Greene Ave,40.68650065,-73.96563307,2024-01-01,2025-12-31,9,14662,4554,10108,2830.4,False,False
4422.04,Columbia St & Degraw St,40.6859296,-74.00242364,2024-01-01,2025-12-31,24,36582,18024,18558,1637.0,False,False
4422.05,Columbia St & Kane St,40.68763155,-74.0016256,2024-01-01,2025-12-31,24,23705,11082,12623,1490.1,False,False
4425.02,Lewis Ave & Madison St,40.686312,-73.935775,2024-01-01,2025-12-31,24,35804,17988,17816,4403.1,False,False
4428.02,Cumberland St & Lafayette Ave,40.68753406,-73.97265183,2024-01-01,2025-12-31,24,62556,30553,32003,2529.2,False,False
4432.10,Central Ave & Decatur St,40.6882,-73.90798,2024-01-01,2025-12-31,24,12547,6064,6483,6298.8,False,False
4434.06,Monroe St & Tompkins Ave,40.686203,-73.944694,2024-01-01,2025-12-31,24,55824,27532,28292,3852.2,False,False
4437.01,3 Ave & Schermerhorn St,40.68683208,-73.9796772,2024-01-01,2025-12-31,24,59532,27751,31781,2518.6,False,False
4437.09,Nevins St & Schermerhorn St,40.68737247650719,-73.98176059126854,2024-01-01,2025-12-31,24,56379,26773,29606,2394.1,False,False
4440.02,Yankee Ferry Terminal,40.68706579875912,-74.01675585121666,2024-01-01,2025-12-30,24,19316,10851,8465,1542.8,False,False
4441.06,Broadway & Hancock St,40.68663,-73.9168,2024-01-01,2025-12-31,24,17069,8264,8805,5711.4,False,False
4446.01,Bergen St & Smith St,40.6867443,-73.99063168,2024-01-01,2025-12-31,24,89703,47046,42657,2053.4,False,False
4446.03,Pacific St & Smith St,40.687880939612775,-73.98939281702042,2024-01-01,2025-12-31,24,55409,25467,29942,2001.7,False,False
4446.05,Dean St & Hoyt St,40.6864442,-73.98759104,2024-01-01,2025-12-31,24,37013,18415,18598,2216.8,False,False
4450.06,Putnam Ave & Ralph Ave,40.68705,-73.92338,2024-01-01,2025-12-31,24,25096,12146,12950,5208.4,False,False
4452.01,Lafayette Ave & Classon Ave,40.68900443,-73.96023854,2024-01-01,2024-06-07,6,10101,10101,0,2792.5,False,False
4452.03,Lexington Ave & Classon Ave,40.68676793,-73.95928168,2024-01-01,2025-12-31,24,58723,30105,28618,3046.8,False,False
4455.10,Congress St & Clinton St,40.68825516598005,-73.99545192718506,2024-01-01,2025-11-04,23,59857,30690,29167,1697.2,False,False
4455.11,Kane St & Clinton St,40.6861758,-73.99645295,2024-01-01,2025-12-31,24,44773,22508,22265,1848.0,False,False
4458.06,Stuyvesant Ave & Gates Ave,40.68834,-73.93306,2024-01-01,2025-12-31,24,17864,8645,9219,4448.3,False,False
4461.01,Clermont Ave & Lafayette Ave,40.68764484,-73.96968902,2024-01-01,2025-12-31,24,54784,24364,30420,2586.5,False,False
4461.04,DeKalb Ave & Vanderbilt Ave,40.68940747,-73.96885458,2024-01-01,2025-12-31,24,84836,46159,38677,2428.0,False,False
4461.07,Waverly Ave & Lafayette Ave,40.688231,-73.966804,2024-06-11,2025-08-01,15,29970,15078,14892,2615.4,False,False
4467.03,Monroe St & Marcus Garvey Blvd,40.686722,-73.938988,2024-01-01,2025-12-31,24,30286,14833,15453,4167.6,False,False
4470.09,Lafayette Ave & Ft Greene Pl,40.68700231292619,-73.97664964199066,2024-01-01,2025-12-31,24,113533,54227,59306,2531.1,False,False
4474.01,Halsey St & Evergreen Ave,40.68858,-73.91227,2024-01-01,2025-12-31,24,12497,6148,6349,5952.8,False,False
4476.03,Marcy Ave & Lafayette Ave,40.6900815,-73.947915,2024-01-01,2025-12-31,24,42521,21827,20694,3359.4,False,False
4479.06,Bond St & Fulton St,40.6896218879,-73.9830426872,2024-01-01,2025-12-31,24,100400,48412,51988,2129.8,False,False
4479.10,Schermerhorn St & Hoyt St,40.6886263,-73.9851911,2024-01-01,2025-12-31,24,116017,56750,59267,2118.5,False,False
4483.10,Broadway & Madison St,40.68822,-73.91966,2024-01-01,2025-12-31,24,30164,15171,14993,5415.3,False,False
4485.10,Clifton Pl & Bedford Ave,40.688655,-73.955156,2024-07-03,2025-12-31,18,38998,11829,27169,3064.5,False,False
4488.08,Court St & State St,40.6902375,-73.99203074,2024-01-01,2025-09-02,21,85106,49650,35456,1663.1,False,False
4488.10,Amity St & Court St,40.68841885589487,-73.9931417101234,2025-10-27,2025-12-31,3,2138,0,2138,1784.5,False,False
4491.09,Monroe St & Patchen Ave,40.68814,-73.92693,2024-01-01,2025-12-31,24,22127,10784,11343,4890.5,False,False
4494.04,Lafayette Ave & St James Pl,40.68851534,-73.9647628,2024-01-01,2025-12-31,24,79298,37486,41812,2662.4,False,False
4497.09,Congress St & Hicks St,40.6893952,-73.9995126,2024-01-01,2025-12-31,20,27077,12623,14454,1409.5,False,False
4500.07,Lexington Ave & Stuyvesant Ave,40.68973,-73.93353,2024-01-01,2025-12-31,24,23819,11275,12544,4328.1,False,False
4507.07,Wilson Ave & Moffat St,40.68906,-73.90506,2024-01-01,2025-12-31,24,20021,9253,10768,6485.0,False,False
4510.04,Greene Ave & Throop Ave,40.6894932,-73.942061,2024-01-01,2025-12-31,24,48063,24407,23656,3771.0,False,False
4513.06,DeKalb Ave & Hudson Ave,40.689888,-73.981013,2024-01-01,2025-12-31,24,75840,41571,34269,2169.5,False,False
4513.09,Ashland Pl & Dekalb Ave,40.690065,-73.978776,2024-01-01,2025-12-31,24,41970,17698,24272,2173.2,False,False
4517.03,Jefferson Ave & Evergreen Ave,40.68989,-73.91458,2024-01-01,2025-12-31,24,20496,10041,10455,5714.9,False,False
4519.02,Greene Ave & Nostrand Ave,40.6883337,-73.950916,2024-01-01,2025-12-31,24,43181,22432,20749,3319.7,False,False
4519.04,Kosciuszko St & Nostrand Ave,40.69072549,-73.95133465,2024-01-01,2025-12-31,24,39208,20897,18311,3102.7,False,False
4522.07,State St & Smith St,40.68917,-73.9886,2024-01-01,2025-12-31,24,57631,26042,31589,1915.9,False,False
4526.01,Grove St & Broadway,40.69047,-73.923511,2024-01-01,2025-12-31,24,37359,17639,19720,5011.4,False,False
4528.01,DeKalb Ave & Franklin Ave,40.69064807082943,-73.95746178925037,2024-01-01,2025-12-31,24,45021,24378,20643,2771.5,False,False
4528.03,Lafayette Ave & Franklin Ave,40.689271,-73.957324,2024-07-30,2025-12-31,18,23063,6542,16521,2901.5,False,False
4531.05,Henry St & Atlantic Ave,40.69089272,-73.99612349,2024-01-01,2025-10-28,22,68937,36593,32344,1419.5,False,False
4534.06,Lexington Ave & Patchen Ave,40.6904,-73.9277,2024-01-01,2025-12-31,24,23216,10838,12378,4705.9,False,False
4543.07,Lewis Ave & Greene Ave,40.68995,-73.9365,2024-01-01,2025-12-31,24,32694,15533,17161,4108.8,False,False
4546.04,DeKalb Ave & S Portland Ave,40.68981035,-73.97493121,2024-01-01,2024-01-03,1,80,80,0,2243.8,False,False
4546.05,Washington Park,40.6917823,-73.9737299,2024-01-01,2025-12-31,24,60356,29249,31107,2051.3,False,False
4546.06,DeKalb Ave & S Portland Ave,40.68967018552252,-73.97527355121376,2024-01-03,2025-12-31,24,66734,36603,30131,2254.3,False,False
4550.05,Central Ave & Covert St,40.68929,-73.90951,2024-01-01,2025-12-31,24,16657,8051,8606,6131.7,False,False
4553.04,Kosciuszko St & Tompkins Ave,40.69128258,-73.9452416,2024-01-01,2025-12-31,24,47923,24478,23445,3438.6,False,False
4560.01,Madison St & Evergreen Ave,40.69122,-73.91693,2024-01-01,2025-12-31,24,19493,8722,10771,5473.4,False,False
4562.02,DeKalb Ave & Bedford Ave,40.690894,-73.955195,2024-06-12,2025-12-31,19,32203,12397,19806,2869.3,False,False
4565.07,Schermerhorn St & Court St,40.6910363748993,-73.99201065301895,2024-01-01,2025-12-31,24,69954,28553,41401,1588.9,False,False
4568.01,Van Buren St & Broadway,40.692,-73.92617,2024-01-01,2025-12-31,24,17603,8910,8693,4734.3,False,False
4576.11,Lafayette Ave & Stuyvesant Ave,40.6919925157634,-73.9325501024723,2024-01-01,2025-12-31,24,19811,9561,10250,4263.9,False,False
4582.08,Knickerbocker Ave & Moffat St,40.690434,-73.903737,2024-01-01,2025-12-31,24,9973,4590,5383,6528.5,False,False
4587.02,Willoughby St & Ashland Pl,40.69178,-73.97877,2024-01-01,2025-12-31,24,27407,11387,16020,1985.1,False,False
4590.01,Soissons Landing,40.69231660719192,-74.01486575603485,2024-01-01,2025-06-06,18,14567,12284,2283,952.7,False,False
4591.04,Central Ave & Weirfield St,40.69055,-73.91181,2024-01-01,2025-12-31,24,18325,8618,9707,5897.9,False,False
4593.05,Marcy Ave & Hart St,40.693022,-73.94868,2024-06-12,2025-12-31,19,30831,11210,19621,3093.9,False,False
4596.05,Duffield St & Willoughby St,40.69221589,-73.9842844,2024-01-01,2025-12-31,24,75174,35739,39435,1840.2,False,False
4596.09,Lawrence St & Willoughby St,40.69236178,-73.98631746,2024-01-01,2025-12-31,24,86017,42803,43214,1722.0,False,False
4600.09,Bushwick Ave & Linden St,40.69146,-73.92146,2024-01-01,2025-12-31,24,29721,14389,15332,5116.2,False,False
4605.04,Clinton St & Joralemon St,40.69239502,-73.99337909,2024-01-01,2025-12-31,24,85966,39494,46472,1400.4,False,False
4608.01,Broadway & Kosciuszko St,40.69329,-73.92852,2024-01-01,2025-12-31,24,26020,13309,12711,4492.9,False,False
4611.03,Willoughby Ave & Hall St,40.69196035,-73.96536851,2024-01-01,2025-12-31,24,92273,44386,47887,2299.3,False,False
4614.04,Atlantic Ave & Furman St,40.69165183,-73.9999786,2024-01-01,2025-12-31,24,91191,46541,44650,1176.8,False,False
4615.01,Wyckoff Ave & Cooper Ave,40.69338,-73.90061,2024-01-01,2025-12-29,24,11185,5510,5675,6662.1,False,False
4617.01,Lewis Ave & Kosciuszko St,40.69237074,-73.93705428,2024-01-01,2025-12-31,24,27430,13707,13723,3919.1,False,False
4620.02,Adelphi St & Myrtle Ave,40.69308257,-73.97178913,2024-01-01,2025-12-31,24,84557,40340,44217,1960.5,False,False
4623.02,Knickerbocker Ave & Halsey St,40.693,-73.90824,2024-01-01,2025-12-31,24,15498,7951,7547,6071.0,False,False
4625.01,Pulaski St & Throop Ave,40.693115,-73.943149,2024-06-12,2025-12-31,19,34320,12649,21671,3449.6,False,False
4628.05,Willoughby St & Fleet St,40.69196566,-73.9813018,2024-01-01,2025-12-31,24,81346,36774,44572,1938.6,False,False
4628.07,Myrtle Ave & Fleet Pl,40.693534,-73.981909,2024-01-01,2025-12-31,24,50628,24801,25827,1760.3,False,False
4631.02,Soissons Landing,40.692566,-74.015936,2025-06-06,2025-12-30,7,9555,0,9555,978.0,False,False
4632.10,Central Ave & Woodbine St,40.69296,-73.91605,2024-01-01,2025-12-31,24,30530,14927,15603,5463.0,False,False
4634.02,Willoughby Ave & Walworth St,40.69331716,-73.95381995,2024-01-01,2025-12-31,24,32368,17492,14876,2752.0,False,False
4637.06,Fulton St & Adams St,40.692418292578466,-73.98949474096298,2024-01-01,2025-12-31,24,110055,54946,55109,1571.0,False,False
4637.07,Johnson St & Brooklyn Bridge Blvd,40.695,-73.98917,2024-01-01,2024-01-30,1,502,502,0,1344.9,False,False
4640.01,Bushwick Ave & Harman St,40.69356,-73.92524,2024-01-01,2025-12-31,24,30184,14926,15258,4728.5,False,False
4645.04,Henry St & Remsen St,40.69400964865994,-73.99465128779411,2024-01-01,2025-12-31,23,38788,20217,18571,1192.2,False,False
4645.09,Hicks St & Montague St,40.69512845,-73.99595065,2024-01-01,2025-01-30,13,33645,32220,1425,1029.4,False,False
4648.03,Malcolm X Blvd & DeKalb Ave,40.6938,-73.93114,2024-01-01,2025-12-31,23,20703,11780,8923,4270.6,False,False
4651.02,Clinton Ave & Myrtle Ave,40.693261,-73.968896,2024-01-01,2025-12-31,24,102145,50947,51198,2037.2,False,False
4654.01,Norman St & Wyckoff Ave,40.69517,-73.90311,2024-01-01,2025-12-31,24,26942,12782,14160,6400.1,False,False
4656.03,Pulaski St & Marcus Garvey Blvd,40.6933982,-73.939877,2024-01-01,2025-12-31,24,29595,15085,14510,3657.7,False,False
4659.02,Myrtle Ave & St Edwards St,40.69327018,-73.97703874,2024-01-01,2025-12-31,24,34487,16268,18219,1839.5,False,False
4663.02,Knickerbocker Ave & Hancock St,40.69385,-73.90974,2024-01-01,2025-12-31,24,20149,10210,9939,5919.3,False,False
4663.06,Putnam Ave & Knickerbocker Ave,40.69545,-73.91164,2024-01-01,2025-12-31,24,18320,8391,9929,5708.1,False,False
4665.02,Willoughby Ave & Tompkins Ave,40.69425403,-73.94626915,2024-01-01,2025-12-31,24,38439,20584,17855,3163.6,False,False
4668.08,Johnson St & Gold St,40.69474881,-73.98362464,2024-01-01,2025-12-31,24,41616,19810,21806,1609.3,False,False
4672.01,Menahan St & Central Ave,40.69543,-73.9196,2024-01-01,2025-12-31,24,20502,9923,10579,5081.1,False,False
4677.01,Cadman Plaza E & Tillary St,40.69597683,-73.99014892,2024-01-01,2025-12-31,24,42700,21123,21577,1209.1,False,False
4677.06,Montague St & Clinton St,40.6942715,-73.9923272,2024-01-01,2025-12-31,24,82848,39016,43832,1271.0,False,False
4680.05,Bushwick Ave & Dekalb Ave,40.69502,-73.92825,2024-01-01,2025-12-31,24,23637,10998,12639,4430.4,False,False
4683.02,Emerson Pl & Myrtle Ave,40.69363137,-73.96223558,2024-01-01,2025-12-31,24,88882,42443,46439,2269.7,False,False
4687.03,Cypress Ave & St Felix Ave,40.69559,-73.89927,2024-01-01,2025-12-31,24,3900,1874,2026,6696.2,False,False
4689.03,Suydam St & Broadway,40.69544,-73.93223,2024-01-01,2025-12-31,24,36527,18420,18107,4106.9,False,False
4689.08,Stuyvesant Ave & Hart St,40.69465,-73.9343,2024-01-01,2025-12-29,24,24981,11327,13654,3991.0,False,False
4692.01,Clermont Ave & Park Ave,40.69573398,-73.97129668,2024-01-01,2025-12-31,24,34137,15080,19057,1703.6,False,False
4695.04,Irving Ave & Halsey St,40.69467,-73.90663,2024-01-01,2025-12-31,24,21442,10552,10890,6135.5,False,False
4697.01,Throop Ave & Myrtle Ave,40.69622937,-73.94371094,2024-01-01,2025-12-31,24,24243,11425,12818,3216.3,False,False
4700.06,Park Ave & St Edwards St,40.69608941,-73.97803415,2024-01-01,2025-12-31,24,16092,8044,8048,1519.9,False,False
4707.03,Myrtle Ave & Marcy Ave,40.69539817,-73.94954908,2024-01-01,2025-12-31,24,30299,15261,15038,2868.0,False,False
4707.04,Nostrand Ave & Myrtle Ave,40.69527008,-73.95238108,2024-01-01,2025-12-31,24,22604,11215,11389,2695.6,False,False
4710.06,Jay St & Tech Pl,40.695065,-73.987167,2024-01-30,2025-12-31,24,68236,32798,35438,1442.7,False,False
4713.01,Central Ave & Himrod St,40.69676,-73.92302,2024-01-01,2025-12-31,24,24724,12250,12474,4758.6,False,False
4715.01,Franklin Ave & Myrtle Ave,40.694546087246025,-73.95801365375519,2024-01-01,2025-12-31,24,22993,11191,11802,2408.8,False,False
4718.08,Pierrepont St & Monroe Pl,40.69535693320225,-73.99344027042389,2024-01-01,2025-12-31,24,37405,17821,19584,1119.5,False,False
4718.11,Montague St & Hicks St,40.69522407512035,-73.99598850939152,2025-01-30,2025-12-31,12,35129,0,35129,1018.7,False,False
4719.04,St Felix Ave & 61 St,40.69715,-73.8936,2024-01-01,2025-12-31,24,10867,5336,5531,7112.4,False,False
4721.01,Cedar St & Evergreen Ave,40.69671,-73.92807,2024-01-01,2025-12-31,24,19933,9608,10325,4368.0,False,False
4724.03,Washington Ave & Park Ave,40.69610226,-73.96751037,2024-01-01,2025-12-31,24,73044,35986,37058,1809.1,False,False
4727.06,Summerfield St & Cypress Ave,40.69662,-73.90056,2024-01-01,2025-12-31,24,6739,3041,3698,6560.2,False,False
4729.01,Myrtle Ave & Lewis Ave,40.69681963,-73.93756926,2024-01-01,2025-12-03,24,49650,21936,27714,3635.7,False,False
4732.04,Carlton Ave & Park Ave,40.69580705,-73.97355569,2024-01-01,2025-12-31,24,31914,14988,16926,1627.4,False,False
4732.08,Carlton Ave & Flushing Ave,40.697787,-73.973736,2024-01-01,2025-12-31,24,38262,19236,19026,1415.6,False,False
4735.03,Putnam Ave & Wyckoff Ave,40.69811,-73.90904,2024-01-01,2025-12-31,24,18732,8934,9798,5827.1,False,False
4735.16,Hancock St & Wyckoff Ave,40.6972,-73.90674,2024-01-01,2025-12-31,24,16110,7626,8484,6041.6,False,False
4743.04,Linden St & Knickerbocker Ave,40.69714,-73.91566,2024-01-01,2025-12-31,24,12003,5854,6149,5326.5,False,False
4748.07,Clinton St & Tillary St,40.69623297129315,-73.99142056703568,2024-01-01,2025-12-31,24,60611,31037,29574,1127.0,False,False
4751.01,Cedar St & Myrtle Ave,40.697842,-73.926241,2024-01-01,2025-12-31,24,26707,13383,13324,4462.0,False,False
4756.04,Brooklyn Bridge Park - Pier 2,40.698458,-73.997178,2024-01-01,2025-12-31,24,45588,24072,21516,662.0,False,False
4757.06,Seneca Ave & Decatur St,40.69723,-73.89811,2024-01-01,2025-12-31,24,3157,1595,1562,6741.9,False,False
4759.02,Willoughby Ave & Myrtle Ave,40.69757,-73.93098,2024-01-01,2025-12-31,24,49666,24275,25391,4105.1,False,False
4762.04,Clinton Ave & Flushing Ave,40.69794,-73.96986848,2024-01-01,2025-12-31,24,27965,14712,13253,1538.2,False,False
4762.05,Flushing Ave & Vanderbilt Ave,40.69795031569544,-73.97077560424805,2024-01-01,2025-12-31,24,78222,38643,39579,1502.8,False,False
4765.07,Cypress Ave & George St,40.69812,-73.90271,2024-01-01,2025-12-31,24,6059,2496,3563,6341.6,False,False
4768.02,Park Ave & Marcus Garvey Blvd,40.698617,-73.941342,2024-01-01,2025-12-31,24,29464,13614,15850,3262.2,False,False
4771.07,N Portland Ave & Flushing Ave,40.697926,-73.97663,2024-01-01,2025-12-31,24,20530,8834,11696,1335.5,False,False
4775.01,Irving Ave & Palmetto St,40.698,-73.9127,2024-01-01,2025-12-31,24,18187,8535,9652,5534.7,False,False
4778.03,Park Ave & Marcy Ave,40.697576,-73.948881,2024-06-19,2025-12-31,19,7004,2638,4366,2769.8,False,False
4781.03,Concord St & Bridge St,40.69766564,-73.98476437,2024-01-01,2025-12-31,24,36909,18925,17984,1277.5,False,False
4781.05,Nassau St & Duffield St,40.698477,-73.98384,2024-01-01,2025-12-31,23,35229,15382,19847,1198.1,False,False
4784.02,Greene Ave & Myrtle Ave,40.698568,-73.918877,2024-01-01,2025-12-31,24,25203,12399,12804,5019.1,False,False
4789.03,Clark St & Henry St,40.69760127,-73.99344559,2024-01-01,2025-12-31,24,102687,50263,52424,908.5,False,False
4792.03,Central Ave & Starr St,40.700003,-73.92834,2024-01-01,2025-12-31,24,37586,18315,19271,4212.4,False,False
4798.02,Forest Ave & Summerfield St,40.69922,-73.89795,2024-01-01,2025-12-31,24,8765,4382,4383,6700.1,False,False
4798.10,Stephen St & Seneca Ave,40.6988,-73.9007,2024-01-01,2025-12-31,24,4788,2368,2420,6487.0,False,False
4801.04,Melrose St & Broadway,40.697481,-73.935877,2024-01-01,2025-10-06,22,57008,29528,27480,3732.2,False,False
4801.10,Arion Pl & Broadway,40.697891,-73.936642,2025-11-25,2025-12-31,2,1604,0,1604,3654.7,False,False
4804.02,Dock 72 Way & Market St,40.69985,-73.97141,2024-01-01,2025-12-31,24,46404,23196,23208,1291.2,False,False
4807.02,Madison St & Cypress Ave,40.70068,-73.90742,2024-01-01,2025-12-31,24,15519,6506,9013,5886.3,False,False
4812.02,Nassau St & Navy St,40.69839895,-73.98068914,2024-01-01,2025-12-31,24,37300,20219,17081,1239.1,False,False
4812.04,Sands St Gate,40.699569,-73.979827,2024-01-01,2025-12-31,24,46004,22180,23824,1119.7,False,False
4816.02,Myrtle Ave & Linden St,40.69943,-73.91337,2024-01-01,2025-12-31,24,9630,4417,5213,5436.0,False,False
4816.05,Myrtle Ave & Grove St,40.69905,-73.91516,2024-01-01,2025-12-31,24,12389,5925,6464,5302.5,False,False
4818.02,Nostrand Ave & Flushing Ave,40.69928,-73.953259,2024-01-01,2025-12-31,24,13452,6507,6945,2359.1,False,False
4818.03,Union Ave & Wallabout St,40.70029511,-73.95032283,2024-01-01,2025-12-31,24,16892,8885,8007,2506.5,False,False
4821.03,Sands St & Jay St,40.700119,-73.9862,2024-01-01,2025-12-31,24,58797,29516,29281,993.6,False,False
4821.06,Cadman Plaza E & Red Cross Pl,40.69991755,-73.98971773,2024-01-01,2025-12-31,24,41588,21930,19658,914.4,False,False
4821.10,Adams St & Prospect St,40.700763083261506,-73.98869812488556,2024-01-01,2025-12-31,24,38985,21442,17543,902.1,False,False
4824.03,Stockholm St & Wilson Ave,40.699304,-73.923044,2024-01-01,2025-12-31,24,37523,17893,19630,4659.9,False,False
4826.04,Wallabout St & Kent Ave,40.6991049,-73.960633406,2024-01-01,2025-12-31,24,17723,7427,10296,1894.6,False,False
4829.01,Columbia Heights & Cranberry St,40.70037867,-73.99548059,2024-01-01,2025-08-11,20,32733,20468,12265,557.1,False,False
4830.02,61 St & 60 Ln,40.70055,-73.8943,2024-01-01,2025-12-31,24,8754,4011,4743,6961.7,False,False
4832.07,Central Ave & Melrose St,40.70112,-73.93039,2024-01-01,2025-12-31,24,23521,10770,12751,4008.6,False,False
4837.03,Centre St & Seneca Ave,40.69969,-73.9022,2024-01-01,2025-12-31,24,11774,5607,6167,6340.0,False,False
4840.06,Beaver St & Fayette St,40.70099,-73.93921,2024-01-01,2025-12-31,24,34977,15824,19153,3317.8,False,False
4843.01,5 St & Market St,40.699997484388504,-73.97440128028393,2024-01-01,2025-12-31,24,25642,12379,13263,1167.4,False,False
4846.01,South St & Whitehall St,40.70122128,-74.01234218,2024-01-01,2025-12-31,24,65614,35624,29990,40.5,False,True
4847.03,Wyckoff Ave & Gates Ave,40.699871408829885,-73.91171872615814,2024-01-01,2025-12-31,24,60182,28748,31434,5557.5,False,False
4850.04,Tompkins Ave & Hopkins St,40.69957608,-73.94708417,2024-01-01,2025-12-31,24,23409,12675,10734,2783.5,False,False
4853.06,Bridge St & York St,40.70133448066992,-73.98471236228943,2024-01-01,2025-12-31,24,26124,12545,13579,875.6,False,False
4856.05,Irving Ave & Harman St,40.70108,-73.9179,2024-01-01,2025-12-31,24,26772,12446,14326,5019.4,False,False
4861.05,Henry St & Middagh St,40.7003,-73.991581,2024-01-01,2025-10-28,22,35891,17458,18433,766.7,False,False
4862.04,Myrtle Ave & 65 St,40.70117,-73.8904,2024-01-01,2025-12-31,24,11098,6045,5053,7263.2,False,False
4862.07,Cooper Ave & 65 Pl,40.69953,-73.88873,2024-01-01,2025-12-31,24,5698,2841,2857,7444.7,False,False
4864.09,Wilson Ave & Troutman St,40.70166,-73.92754,2024-01-01,2025-12-31,24,42428,21000,21428,4219.5,False,False
4871.02,71 Ave & Myrtle Ave,40.70067,-73.89907,2024-01-01,2025-12-31,24,16087,7707,8380,6568.7,False,False
4873.08,Evergreen Ave & Noll St,40.70106,-73.93318,2024-01-01,2025-12-31,24,35418,16592,18826,3788.6,False,False
4880.11,Madison St & Seneca Ave,40.70183,-73.90625,2024-01-01,2025-12-31,24,12534,5550,6984,5950.3,False,False
4883.03,Broadway & Whipple St,40.7016657,-73.9437303,2024-01-01,2025-12-31,24,42583,20605,21978,2938.6,False,False
4889.06,Bus Slip & State St,40.701907,-74.013942,2024-01-01,2025-12-31,24,44844,23208,21636,43.5,False,True
4890.11,Menahan St & Wyckoff Ave,40.70113,-73.91422,2024-01-01,2025-12-31,24,16356,7610,8746,5318.5,False,False
4892.02,Lorimer St & Harrison Ave,40.702726,-73.94984,2024-02-02,2025-12-31,23,3685,1745,1940,2420.1,False,False
4895.03,Front St & Jay St,40.702461,-73.986842,2024-01-01,2025-12-31,24,74087,43686,30401,730.0,False,False
4895.09,Jay St & York St,40.70140317257725,-73.98672670125961,2024-01-01,2025-12-31,24,94057,43738,50319,847.2,False,False
4895.15,Pearl St & York St,40.70140463410644,-73.98768022656441,2024-01-01,2025-12-31,24,27622,15541,12081,837.2,False,False
4898.02,Irving Ave & DeKalb Ave,40.7027,-73.92095,2024-01-01,2025-12-31,24,29674,13557,16117,4725.5,False,False
4903.08,Old Fulton St,40.70277159,-73.99383605,2024-01-01,2025-12-31,24,55852,25167,30685,448.1,False,False
4903.09,Dock St & Front St,40.702709,-73.99253,2024-01-01,2025-12-31,24,42765,25098,17667,547.0,False,False
4904.03,Cypress Hills St & Otto Rd,40.70204,-73.89288,2024-01-01,2025-12-31,24,3852,1983,1869,7036.7,False,False
4906.07,George St & Wilson Ave,40.702997,-73.92997,2024-01-01,2025-12-31,24,26638,12798,13840,3981.4,False,False
4912.10,Catalpa Ave & Woodward Ave,40.70229,-73.90145,2024-01-01,2025-12-31,24,24597,11104,13493,6329.7,False,False
4914.03,Bushwick Ave & Forrest St,40.70076,-73.93641,2024-01-01,2025-12-31,24,30529,14397,16132,3545.8,False,False
4920.13,South St & Broad St,40.70188858913366,-74.01089876890182,2024-01-01,2025-12-31,23,7801,2812,4989,2.9,False,True
4921.04,Cypress Ave & Palmetto St,40.701573408737914,-73.90876293182373,2024-01-01,2025-12-31,24,10687,5010,5677,5752.0,False,False
4927.04,Front St & Gold St,40.70224,-73.982578,2024-01-01,2025-12-31,24,45202,20215,24987,798.2,False,False
4931.05,Wyckoff Ave & Stanhope St,40.703545,-73.917775,2024-01-01,2025-12-31,24,56808,27680,29128,4961.6,False,False
4933.03,Marcy Ave & Lynch St,40.702753,-73.953168,2024-01-01,2025-12-31,24,3530,1721,1809,2165.6,False,False
4933.04,Marcy Ave & Rutledge St,40.703681,-73.95427,2024-02-17,2025-12-31,23,3955,1876,2079,2036.8,False,False
4936.01,Front St & Washington St,40.70255088,-73.98940236,2024-10-10,2025-12-31,15,48795,7799,40996,705.7,False,False
4936.21,Main St & Plymouth St,40.703781673548306,-73.99073392152786,2024-01-01,2025-12-31,24,75529,40929,34600,589.4,False,False
4937.03,65 Pl & Central Ave,40.70264,-73.88981,2025-11-05,2025-12-31,2,167,0,167,7270.9,False,False
4939.07,Suydam St & Knickerbocker Ave,40.702013,-73.923769,2024-01-01,2025-12-31,24,49784,24476,25308,4514.5,False,False
4945.06,Fresh Pond Rd & 69 Ave,40.70311,-73.89547,2024-01-01,2025-12-31,24,11703,5179,6524,6795.6,False,False
4947.04,Central Ave & Flushing Ave,40.702831,-73.9333,2024-01-01,2025-12-31,24,20511,10091,10420,3717.0,False,False
4953.04,South St & Gouverneur Ln,40.70355377,-74.00670227,2024-01-01,2025-12-31,24,64351,34314,30037,1.9,False,True
4953.08,Front St & Pine St,40.70531,-74.00613,2025-01-31,2025-12-31,12,15956,0,15956,59.0,True,True
4954.07,Madison St & Woodward Ave,40.70408,-73.90408,2024-01-01,2025-12-31,24,14135,6477,7658,6065.6,False,False
4956.02,Humboldt St & Varet St,40.7031724,-73.940636,2024-01-01,2025-05-16,17,15778,12207,3571,3117.8,False,False
4956.09,Seigel St & Humboldt St,40.704613,-73.940865,2025-07-17,2025-12-31,6,5564,0,5564,3049.2,False,False
4962.01,Broadway & Battery Pl,40.70463334,-74.01361706,2024-01-01,2025-12-31,24,55305,28618,26687,69.5,True,True
4962.02,Whitehall St & Bridge St,40.703661705241345,-74.0131813287735,2024-01-01,2024-04-18,4,2428,2428,0,115.1,True,True
4962.08,Broad St & Bridge St,40.70365182,-74.01167797,2024-01-01,2025-12-31,24,44775,19267,25508,189.3,True,True
4962.09,Pearl St & Whitehall St,40.703144,-74.013178,2024-07-12,2025-12-31,18,16083,5304,10779,97.9,True,True
4963.13,Menahan St & Seneca Ave,40.70461,-73.91054,2024-01-01,2025-12-31,24,17062,8137,8925,5523.3,False,False
4965.01,Lorimer St & Broadway,40.70411791,-73.94818595,2024-01-01,2025-12-31,24,21604,9770,11834,2485.9,False,False
4968.03,Bridge St & Front St,40.70296934155272,-73.98469090461731,2024-01-01,2025-12-31,24,72941,32875,40066,696.4,False,False
4971.01,Hart St & Wyckoff Ave,40.704876,-73.919911,2024-01-01,2025-12-31,24,21634,10127,11507,4750.5,False,False
4977.03,65 St & Otto Rd,40.70389,-73.89116,2024-01-01,2025-12-31,24,6408,3293,3115,7126.8,False,False
4979.07,Knickerbocker Ave & George St,40.704425,-73.92836,2024-01-01,2025-12-31,24,28325,14653,13672,4072.7,False,False
4982.02,Taylor St & Bedford Ave,40.705774,-73.963252,2024-01-01,2025-12-31,24,11701,5933,5768,1259.6,False,False
4985.09,60 Pl & 67 Ave,40.70497,-73.89965,2024-01-01,2025-12-31,24,5381,2379,3002,6403.0,False,False
4987.06,White St & Moore St,40.704508,-73.9351,2024-01-01,2025-12-31,24,29090,15054,14036,3520.0,False,False
4990.02,Railroad Ave & Kay Ave,40.70514807698391,-73.97078096866608,2024-01-01,2025-12-31,24,4386,2245,2141,817.4,False,False
4993.02,Pearl St & Hanover Square,40.7047177,-74.00926027,2024-01-01,2025-12-31,24,67854,34823,33031,182.7,True,True
4993.13,Old Slip & South St,40.70336686695866,-74.007867872715,2024-01-01,2025-12-31,24,52261,31932,20329,7.0,False,True
4993.15,Water St & Gouverneur Ln,40.70469667894968,-74.00803416967392,2024-01-01,2025-12-31,24,35394,18867,16527,112.4,True,True
4994.10,Onderdonk Ave & Gates Ave,40.70413,-73.90737,2024-01-01,2025-12-31,24,19707,8961,10746,5795.5,False,False
4996.08,McKibbin St & Manhattan Ave,40.70510918,-73.94407279,2024-01-01,2025-12-31,24,44432,20995,23437,2774.6,False,False
5001.08,Little West St & 1 Pl,40.70569254,-74.01677685,2024-01-01,2025-12-31,24,89592,43639,45953,1.6,True,True
5002.09,Harman St & Seneca Ave,40.70577,-73.91292,2024-01-01,2025-12-31,24,18738,8000,10738,5297.0,False,False
5004.02,Boerum St & Broadway,40.70538077,-73.94976519,2024-01-01,2025-12-31,24,37078,17992,19086,2310.8,False,False
5010.02,Willoughby Ave & Wyckoff Ave,40.705614,-73.92153,2024-01-01,2025-12-31,24,46689,21423,25266,4597.9,False,False
5018.06,Knickerbocker Ave & Thames St,40.70539,-73.92976,2024-01-01,2025-12-31,24,30037,15147,14890,3931.8,False,False
5021.05,Kent Ave & Division Ave,40.706563674670925,-73.9683187007904,2024-01-01,2025-12-31,24,49256,21926,27330,861.4,False,False
5024.10,Water St & Fletcher St,40.706410755236135,-74.00559738278389,2024-01-01,2025-12-31,24,92665,44849,47816,123.2,True,True
5025.02,Madison St & Forest Ave,40.70555,-73.90245,2024-01-01,2025-12-31,24,17337,9170,8167,6158.4,False,False
5027.02,Bushwick Ave & McKibbin St,40.705517,-73.93936,2024-01-01,2025-12-31,24,20565,9295,11270,3144.1,False,False
5033.01,Broadway & Morris St,40.705945132708806,-74.01321887969969,2024-01-01,2025-12-31,24,78677,39785,38892,104.4,True,True
5034.03,Menahan St & Onderdonk Ave,40.70553,-73.9096,2024-01-01,2025-12-31,24,20827,10022,10805,5574.8,False,False
5036.06,Leonard St & Boerum St,40.70583339,-73.94644578,2024-01-01,2025-12-31,24,33425,16867,16558,2559.7,False,False
5043.06,Suydam St & St Nicholas Ave,40.70636,-73.91945,2024-01-01,2025-10-06,22,13791,7463,6328,4747.3,False,False
5045.05,Division Ave & Hooper St,40.70684203101325,-73.9544353965357,2024-01-01,2025-12-31,24,36718,18712,18006,1885.3,False,False
5051.01,Wyckoff Ave & Jefferson St,40.707165,-73.923711,2024-01-01,2025-12-31,24,45946,22795,23151,4377.1,False,False
5051.02,Irving Ave & Jefferson St,40.70538,-73.92535,2024-01-01,2025-12-31,24,33212,16920,16292,4292.3,False,False
5053.01,Lee Ave & Taylor St,40.706732,-73.961241,2024-01-01,2025-12-31,24,6335,2836,3499,1361.5,False,False
5057.07,67 Ave & Fresh Pond Rd,40.70575,-73.89676,2024-01-01,2025-12-31,23,12727,7019,5708,6619.8,False,False
5057.09,64 St & Woodbine St,40.70809,-73.89549,2024-01-01,2025-12-31,24,8843,4264,4579,6672.0,False,False
5059.02,McKibbin St & Bogart St,40.706237,-73.933871,2024-01-01,2025-12-31,24,47242,22630,24612,3572.6,False,False
5065.04,John St & William St,40.70862144,-74.00722156,2024-01-01,2024-02-06,2,1639,1639,0,355.6,True,True
5065.10,Maiden Ln & Pearl St,40.70706456,-74.00731853,2024-01-01,2025-12-31,24,57263,29787,27476,271.9,True,True
5065.12,William St & Pine St,40.70717936,-74.00887308,2024-01-01,2025-11-18,23,65796,34174,31622,366.0,True,True
5065.14,Cliff St & Fulton St,40.70838,-74.00495,2024-01-01,2025-12-31,24,88109,42978,45131,256.6,True,True
5066.03,Fairview Ave & Linden St,40.70694,-73.90632,2024-01-01,2025-12-31,22,16602,9589,7013,5804.7,False,False
5068.02,Montrose Ave & Bushwick Ave,40.70767788,-73.94016171,2024-01-01,2025-12-31,24,91852,45353,46499,3019.1,False,False
5073.07,Greenwich St & Rector St,40.70806582380646,-74.0135595202446,2024-01-01,2025-12-31,24,50348,24774,25574,104.3,True,True
5074.08,Woodward Ave & Harman St,40.70793,-73.91092,2024-01-01,2025-12-31,23,16757,9503,7254,5401.9,False,False
5076.04,Scholes St & Lorimer St,40.708323,-73.948732,2024-01-01,2025-12-31,24,51947,26675,25272,2301.3,False,False
5082.08,Jefferson St & Cypress Ave,40.70907,-73.92157,2024-01-01,2025-12-31,24,29682,13457,16225,4499.5,False,False
5084.03,Division Ave & Marcy Ave,40.70708701,-73.95796783,2024-01-01,2025-12-31,24,15174,7559,7615,1598.1,False,False
5090.06,Harrison Pl & Porter Ave,40.70686,-73.92851,2024-01-01,2025-12-31,24,16412,7775,8637,3993.4,False,False
5093.01,Bedford Ave & S 9 St,40.70853074,-73.96408963,2024-01-01,2025-12-31,24,26219,12819,13400,1061.2,False,False
5096.12,Peck Slip & South St,40.7075188830923,-74.00108054280281,2024-01-01,2025-12-31,24,67137,36220,30917,16.2,False,True
5097.02,60 Pl & Linden St,40.70886,-73.90182,2024-01-01,2025-12-31,24,8791,4267,4524,6131.5,False,False
5099.02,Waterbury St & Stagg St,40.71019,-73.93734,2024-01-01,2025-12-31,24,31657,15509,16148,3180.5,False,False
5099.03,White St & Johnson Ave,40.707174,-73.93581,2024-01-01,2025-12-31,24,9858,4138,5720,3388.5,False,False
5105.01,Liberty St & Broadway,40.70905623,-74.01043382,2024-01-01,2025-12-31,24,107422,54150,53272,334.6,True,True
5105.09,Liberty St & Nassau St,40.70858894,-74.00935482,2024-03-15,2025-12-31,22,37360,15120,22240,434.6,True,True
5106.04,Greene Ave & Grandview Ave,40.709697,-73.907856,2024-01-01,2025-12-31,23,15391,8359,7032,5614.1,False,False
5108.01,Scholes St & Manhattan Ave,40.70870368,-73.9448625,2024-01-01,2025-12-31,24,76702,37473,39229,2606.9,False,False
5114.06,West Thames St,40.70834698,-74.01713445,2024-01-01,2025-12-31,24,78691,40551,38140,98.5,True,True
5114.08,South End Ave & Albany St,40.709957,-74.016538,2024-01-01,2025-12-31,24,89072,43091,45981,92.8,True,True
5115.01,Onderdonk Ave & Dekalb Ave,40.70863,-73.91497,2024-01-01,2025-12-31,24,16894,7650,9244,5051.7,False,False
5115.05,Willoughby Ave & Onderdonk Ave,40.7098,-73.91727,2024-01-01,2025-12-31,24,16264,6985,9279,4833.8,False,False
5117.05,Stagg St & Union Ave,40.70877084,-73.95095259,2024-01-01,2025-12-31,23,60325,25805,34520,2107.5,False,False
5123.07,Stewart Ave & Johnson Ave,40.70869,-73.92587,2024-01-01,2025-12-31,24,15872,7749,8123,4158.7,False,False
5125.03,S 5 Pl & S 5 St,40.710451,-73.960876,2024-01-01,2025-12-31,24,74157,34187,39970,1250.7,False,False
5125.07,Broadway & Roebling St,40.70924826276157,-73.96063148975372,2024-01-01,2025-12-31,24,59843,29188,30655,1305.1,False,False
5128.04,Catherine St & Monroe St,40.71117444,-73.99682619,2024-01-01,2025-12-31,24,50583,25771,24812,194.8,True,True
5129.01,Palmetto St & Traffic Ave,40.70929,-73.89441,2024-01-01,2025-12-31,24,4067,2123,1944,6737.6,False,False
5134.09,Broadway & Kent Ave,40.710888,-73.968329,2024-01-01,2025-12-31,24,122276,60289,61987,631.4,False,False
5137.10,Spruce St & Nassau St,40.71146364,-74.00552427,2024-01-01,2025-12-31,24,78241,38418,39823,86.2,True,True
5137.11,Fulton St & William St,40.70960089363537,-74.00655090808868,2024-01-01,2025-12-31,24,100098,47699,52399,238.3,True,True
5137.12,Gold St & Frankfort St,40.71069995,-74.00354147,2024-02-26,2025-12-31,23,26975,11955,15020,6.1,True,True
5138.03,60 Pl & Bleecker St,40.71107,-73.903,2024-01-01,2025-12-31,24,6627,3471,3156,5989.5,False,False
5140.06,Bushwick Ave & Stagg St,40.709897,-73.94008,2024-01-01,2025-12-31,24,17089,8487,8602,2964.7,False,False
5145.02,Albany St & Greenwich St,40.709267,-74.013247,2024-01-01,2025-12-31,24,57252,29114,28138,97.8,True,True
5146.03,Stanhope St & Fairview Ave,40.70998,-73.91116,2024-01-01,2025-12-31,24,16421,7088,9333,5334.5,False,False
5148.03,Leonard St & Maujer St,40.7103685423523,-73.94705951213837,2024-01-01,2025-12-31,24,55320,23493,31827,2381.6,False,False
5156.05,S 4 St & Rodney St,40.70934,-73.95608,2024-01-01,2025-12-31,24,72753,34531,38222,1673.0,False,False
5159.04,Pike St & Monroe St,40.71173107,-73.99193043,2024-01-01,2025-12-31,24,46213,21740,24473,177.4,True,True
5159.07,South St & Pike St,40.70991806921533,-73.99161100387573,2024-01-01,2025-12-31,24,48547,24685,23862,24.5,False,True
5160.01,Metropolitan Ave & 65 Ln,40.71225,-73.89111,2024-01-01,2025-12-31,24,5062,2649,2413,6952.3,False,False
5164.05,Broadway & Berry St,40.71036129922581,-73.96530389785767,2024-01-01,2025-12-31,24,90872,45507,45365,892.2,False,False
5167.06,St James Pl & Pearl St,40.71117416,-74.00016545,2024-01-01,2025-12-31,24,31688,15585,16103,140.1,True,True
5168.04,Grove St & Fresh Pond Rd,40.71032,-73.89955,2024-01-01,2025-12-31,24,10641,4864,5777,6290.6,False,False
5170.01,Stagg St & Morgan Ave,40.710681,-73.93372,2024-01-01,2025-12-31,24,22612,11567,11045,3462.7,False,False
5175.08,Fulton St & Broadway,40.711066,-74.009447,2024-01-01,2025-12-31,24,103874,53721,50153,376.9,True,True
5176.04,Bleecker St & Forest Ave,40.7107,-73.90525,2024-01-01,2025-12-31,24,11460,5404,6056,5810.2,False,False
5178.06,Graham Ave & Grand St,40.711863,-73.944024,2024-01-01,2025-12-31,24,78184,38673,39511,2588.4,False,False
5181.04,Cherry St,40.71219906,-73.97948148,2024-01-01,2025-12-31,24,41868,20136,21732,55.8,True,True
5184.08,West St & Liberty St,40.711444,-74.014847,2024-01-01,2025-12-31,24,196885,104830,92055,12.6,False,True
5187.03,Hope St & Union Ave,40.71167351,-73.95141312,2024-01-01,2025-12-31,24,109853,53990,55863,1990.0,False,False
5190.07,Madison St & Clinton St,40.71269042,-73.98776323,2024-01-01,2025-12-31,24,40338,19842,20496,224.7,True,True
5190.09,Clinton St & Cherry St,40.711471394469264,-73.98672603070736,2024-01-01,2025-12-31,24,71546,35402,36144,79.5,True,True
5195.06,S 4 St & Roebling St,40.710709,-73.959724,2024-01-01,2025-12-31,24,110058,54520,55538,1337.7,False,False
5198.04,Market St & Cherry St,40.71076228,-73.99400398,2024-01-01,2025-12-31,24,47413,24578,22835,104.5,True,True
5199.01,65 Ln & Metropolitan Ave,40.7123,-73.89397,2024-01-01,2025-12-31,24,4262,2261,2001,6714.1,False,False
5204.05,S 4 St & Wythe Ave,40.71285887,-73.96590294,2024-01-01,2025-12-31,24,152717,65311,87406,773.7,False,False
5207.01,Centre St & Chambers St,40.71273266,-74.0046073,2024-01-01,2025-12-31,24,132483,69916,62567,134.7,True,True
5210.01,Powers St & Olive St,40.71323,-73.93894,2024-01-01,2025-12-31,24,32715,15705,17010,2967.3,False,False
5216.04,Barclay St & Church St,40.71291224,-74.01020234,2024-01-01,2025-12-31,24,42890,28288,14602,271.4,True,True
5216.06,Vesey St & Church St,40.71221958009051,-74.01047229766846,2024-01-01,2025-12-31,21,112864,59733,53131,266.9,True,True
5216.07,Vesey St & Greenwich St,40.71254669463547,-74.01113051087516,2024-11-07,2025-12-31,14,58783,3987,54796,205.3,True,True
5217.03,Amory Ct & Metropolitan Ave,40.71301,-73.90968,2024-01-01,2025-12-31,24,11893,5480,6413,5396.6,False,False
5219.05,Manhattan Ave & Devoe St,40.713532,-73.9459867,2024-01-01,2025-12-31,24,49532,23115,26417,2382.2,False,False
5225.02,Flushing Ave & Woodward Ave,40.71246,-73.91873,2024-01-01,2025-12-31,24,18235,8350,9885,4656.8,False,False
5225.04,Metropolitan Ave & Flushing Ave,40.71334,-73.91572,2024-01-01,2025-12-31,17,6683,1255,5428,4888.9,False,False
5225.09,Woodward Ave & Starr St,40.71147,-73.91694,2024-02-21,2024-10-08,9,3573,3573,0,4825.0,False,False
5230.02,Rutgers St & Henry St,40.71332151208186,-73.99009689688683,2024-01-01,2025-12-31,24,60171,29212,30959,324.5,True,True
5235.05,S 3 St & Bedford Ave,40.71260486,-73.96264403,2024-01-01,2025-12-31,24,131260,65725,65535,1047.0,False,False
5235.10,Driggs Ave & S 2 St,40.712628,-73.960575,2024-01-01,2025-12-31,23,78060,31478,46582,1215.3,False,False
5238.05,St James Pl & Oliver St,40.71307916,-73.99851193,2024-01-01,2025-12-31,24,82247,39453,42794,376.4,True,True
5241.02,Metropolitan Ave & Vandervoort Ave,40.71429,-73.93323,2024-01-01,2025-12-31,24,6943,3496,3447,3417.3,False,False
5247.10,Reade St & Broadway,40.71450451,-74.00562789,2024-01-01,2025-12-31,24,61957,29655,32302,348.2,True,True
5248.05,Eliot Ave & 60 Ln,40.71391,-73.90299,2024-01-01,2025-12-31,24,3962,1928,2034,5933.7,False,False
5250.05,Bushwick Ave & Powers St,40.71247661,-73.94100005,2024-01-01,2025-12-31,24,54507,25093,29414,2818.6,False,False
5257.01,53 St & Flushing Ave,40.71435,-73.91405,2024-01-01,2025-12-31,24,14859,6796,8063,5007.3,False,False
5259.06,Devoe St & Lorimer St,40.71335226222875,-73.9491033554077,2024-01-01,2025-12-31,24,75381,36177,39204,2132.5,False,False
5262.09,Madison St & Montgomery St,40.713126,-73.984844,2024-01-01,2025-12-31,24,54999,28772,26227,242.6,True,True
5267.08,Grand St & Havemeyer St,40.71286844,-73.95698119,2024-01-01,2025-12-31,23,85144,47756,37388,1502.3,False,False
5267.09,Roebling St & N 4 St,40.71469,-73.95739,2024-01-01,2025-12-31,24,92074,39513,52561,1418.8,False,False
5270.05,Pike St & E Broadway,40.71406667,-73.99293911,2024-01-01,2025-12-31,24,73787,38337,35450,446.9,True,True
5270.07,Forsyth St & Canal St,40.7158155,-73.99422366,2024-01-01,2025-12-31,24,94845,46579,48266,656.9,True,True
5270.08,Division St & Bowery,40.714193,-73.996732,2024-01-01,2024-06-18,6,16733,16733,0,520.3,True,True
5270.09,Market St & Henry St,40.71310702305908,-73.99446353316307,2024-01-01,2025-12-31,24,96633,45338,51295,366.5,True,True
5273.01,Metropolitan Ave & Stewart Ave,40.71401,-73.92793,2024-01-01,2025-12-31,24,10687,4562,6125,3862.6,False,False
5276.04,S 2 St & Kent Ave,40.714731,-73.966612,2024-01-01,2025-12-31,23,127038,34224,92814,664.3,False,False
5279.03,Centre St & Worth St,40.71494807,-74.00234482,2024-01-01,2025-12-31,24,93732,46137,47595,337.9,True,True
5280.03,Fresh Pond Rd & Eliot Ave,40.71442,-73.90097,2024-01-01,2025-12-31,24,7820,3810,4010,6091.1,False,False
5282.02,Devoe St & Morgan Ave,40.713811,-73.93515,2024-01-01,2025-12-31,24,25453,12357,13096,3267.6,False,False
5288.08,Park Pl & Church St,40.71334184275907,-74.00935515761375,2024-01-01,2025-12-31,24,64443,32924,31519,328.5,True,True
5288.09,Warren St & W Broadway,40.71473993,-74.00910627,2024-01-01,2025-12-31,24,80785,37909,42876,312.7,True,True
5288.12,Murray St & Greenwich St,40.71485150526251,-74.01122331619263,2024-01-01,2025-12-31,24,89424,48094,41330,134.9,True,True
5289.05,56 St & Arnold Ave,40.71484,-73.909,2024-01-01,2025-12-31,24,4542,1980,2562,5416.5,False,False
5291.05,Graham Ave & Conselyea St,40.715143,-73.944507,2024-01-01,2025-12-31,24,119206,57264,61942,2464.8,False,False
5294.04,Henry St & Grand St,40.714211,-73.981095,2024-01-10,2025-12-31,24,146085,68702,77383,289.1,True,True
5297.02,Vesey Pl & River Terrace,40.7153379,-74.01658354,2024-01-01,2025-12-31,24,184278,90485,93793,119.2,True,True
5300.05,Metropolitan Ave & Meeker Ave,40.71413311,-73.95234386,2024-01-01,2025-12-31,24,91562,42464,49098,1846.3,False,False
5300.06,Union Ave & Jackson St,40.7160751,-73.952029,2024-01-01,2025-12-31,24,43565,20524,23041,1822.2,False,False
5303.06,Clinton St & Grand St,40.71559509,-73.9870295,2024-01-01,2025-12-31,24,192754,95109,97645,535.1,True,True
5303.08,Canal St & Rutgers St,40.71427487,-73.98990025,2024-01-01,2025-12-31,24,193967,97704,96263,426.1,True,True
5308.04,Metropolitan Ave & Bedford Ave,40.71534825,-73.96024116,2024-01-01,2025-12-31,24,207731,106100,101631,1167.7,False,False
5311.08,Division St & Bowery,40.71419,-73.99673,2024-06-18,2025-12-31,19,70133,25561,44572,519.9,True,True
5321.08,60 Ave & Fresh Pond Rd,40.71693,-73.90198,2024-01-01,2025-12-31,24,3051,1585,1466,5958.0,False,False
5323.06,Sharon St & Olive St,40.715341620424475,-73.93865078687668,2024-01-01,2025-12-31,23,30477,13207,17270,2946.6,False,False
5326.06,Stanton St & Mangin St,40.71782143,-73.97628939,2024-01-01,2025-12-31,24,39132,18470,20662,49.2,True,True
5329.03,West St & Chambers St,40.71754834,-74.01322069,2024-01-01,2025-12-31,24,276111,135929,140182,10.6,False,True
5329.08,Murray St & West St,40.71503,-74.01246,2024-01-01,2025-12-31,24,78405,39982,38423,28.8,True,True
5332.10,Jackson St & Leonard St,40.71638031973561,-73.94821286201477,2024-01-01,2025-12-31,24,29405,12511,16894,2132.7,False,False
5335.03,Bialystoker Pl & Delancey St,40.71622644,-73.98261206,2024-01-01,2025-12-31,24,52097,23865,28232,492.4,True,True
5335.07,Grand St & Samuel Dickstein Plaza,40.71511871996496,-73.98417055606842,2024-01-01,2025-12-31,24,95474,46215,49259,456.6,True,True
5340.01,N 7 St & Driggs Ave,40.716967,-73.956388,2024-01-01,2025-12-31,24,184298,85024,99274,1442.7,False,False
5342.10,Allen St & Hester St,40.71605866,-73.99190759,2024-01-01,2024-06-18,6,22858,22858,0,647.1,True,True
5343.10,Allen St & Hester St,40.71606,-73.99191,2024-06-18,2025-12-31,19,99664,36244,63420,647.3,True,True
5343.11,Orchard St & Grand St,40.717318403855785,-73.99067759513855,2024-01-01,2025-12-31,24,143752,67314,76438,768.6,True,True
5348.02,Wythe Ave & Metropolitan Ave,40.716887,-73.963198,2024-01-01,2025-07-07,19,104817,70015,34802,883.9,False,False
5348.06,Kent Ave & N 3 St,40.71797940978296,-73.96427449047715,2025-09-23,2025-12-31,4,16221,0,16221,768.3,False,False
5351.03,Bayard St & Baxter St,40.71602118,-73.99974372,2024-01-01,2025-12-31,24,96472,47920,48552,523.8,True,True
5351.07,Walker St & Baxter St,40.717411,-73.999573,2024-01-01,2025-12-31,24,95401,45466,49935,667.2,True,True
5354.01,Morgan Ave & Maspeth Ave,40.716657,-73.93637,2024-01-01,2025-12-31,24,14726,7872,6854,3109.6,False,False
5359.10,Hudson St & Reade St,40.71625008,-74.0091059,2024-01-01,2025-12-31,24,82762,40059,42703,281.6,True,True
5359.11,Leonard St & Church St,40.717571,-74.005549,2024-01-01,2025-12-31,24,75001,37536,37465,549.2,True,True
5359.12,Duane St & Hudson St,40.71703,-74.00925,2024-01-01,2025-12-31,24,56756,27032,29724,253.6,True,True
5359.13,Church St & Worth St,40.71688538495366,-74.00650128722191,2024-01-01,2025-12-31,24,58236,27835,30401,484.4,True,True
5360.02,60 St & 60 Rd,40.71592232709503,-73.90601366758347,2024-01-01,2025-12-31,24,4570,1941,2629,5642.7,False,False
5362.08,Withers St & Kingsland Ave,40.71773,-73.94051,2024-01-01,2025-12-31,23,18465,9998,8467,2744.8,False,False
5365.02,Columbia St & Rivington St,40.71739973,-73.98016555,2024-01-01,2025-12-31,24,59412,28060,31352,347.9,True,True
5368.03,River Ter & Warren St,40.71759894980997,-74.01587963104248,2024-01-01,2025-12-31,24,94983,52516,42467,140.9,True,True
5369.01,Grand Ave & 55 St,40.71888,-73.91427,2024-01-01,2025-12-31,24,5050,2377,2673,4900.2,False,False
5371.07,Frost St & Meeker Ave,40.71766197083994,-73.94880026578903,2024-01-01,2025-12-31,24,49446,21214,28232,2058.4,False,False
5374.01,Norfolk St & Broome St,40.7172274,-73.98802084,2024-01-01,2025-12-31,24,208900,95002,113898,724.2,True,True
5379.09,Berry St & N 8 St,40.7190095,-73.95852515,2024-01-01,2025-12-31,24,114117,53777,60340,1224.7,False,False
5379.10,N 6 St & Bedford Ave,40.71745169,-73.95850939,2024-01-01,2025-12-31,24,167715,75345,92370,1257.1,False,False
5382.06,Grand St & Elizabeth St,40.718822,-73.99596,2024-01-01,2025-12-31,24,182256,85639,96617,958.2,True,True
5382.07,Forsyth St & Grand St,40.71779817737835,-73.99316132068634,2024-01-01,2025-12-31,24,165008,80501,84507,855.7,True,True
5388.01,Kent Ave & Grand St,40.716425,-73.96594,2024-01-01,2025-12-31,24,138535,65910,72625,672.6,False,False
5391.06,Lispenard St & Broadway,40.71939226,-74.00247214,2024-01-01,2025-12-31,24,96157,47267,48890,776.3,True,True
5392.04,63 St & 59 Dr,40.71832,-73.90128,2024-01-02,2025-12-26,24,2115,1042,1073,5993.0,False,False
5400.05,Harrison St & Hudson St,40.71870987,-74.0090009,2024-01-01,2025-12-31,24,49046,26065,22981,241.8,True,True
5401.03,59 St & 59 Rd,40.71790852734058,-73.908454477787,2024-01-03,2025-12-30,24,1701,909,792,5401.5,False,False
5403.04,Graham Ave & Withers St,40.7169811,-73.94485918,2024-01-01,2025-12-31,24,54867,26051,28816,2398.9,False,False
5403.05,Graham Ave & Herbert St,40.71929301,-73.94500379,2024-01-01,2025-12-31,24,31403,14967,16436,2340.8,False,False
5406.02,Rivington St & Ridge St,40.71850211,-73.98329859,2024-01-01,2025-12-31,24,110495,54607,55888,638.4,True,True
5406.04,Pitt St & Stanton St,40.71926081,-73.98178024,2024-01-01,2025-12-31,24,33091,16132,16959,532.2,True,True
5409.02,Page Pl & Grand Ave,40.71798,-73.91818,2024-01-02,2025-12-31,24,4023,1677,2346,4592.3,False,False
5411.07,Union Ave & N 12 St,40.71924,-73.95242,2024-01-01,2025-12-31,23,86294,43613,42681,1726.6,False,False
5411.08,Driggs Ave & N 9 St,40.71816969454208,-73.95520135760307,2024-01-01,2025-12-31,24,101131,45960,55171,1517.2,False,False
5414.06,Allen St & Rivington St,40.72019576,-73.98997825,2024-01-01,2025-12-31,24,153478,74207,79271,1073.5,True,True
5414.07,Delancey St & Eldridge St,40.719383,-73.991479,2024-01-01,2025-12-31,24,54835,27800,27035,1004.5,True,True
5419.04,N 5 St & Wythe Ave,40.718389,-73.961501,2024-01-01,2025-12-31,24,98746,43367,55379,990.2,False,False
5422.04,Howard St & Lafayette St,40.71910537,-73.99973337,2024-01-01,2025-12-31,24,93864,46367,47497,837.0,True,True
5422.09,Lafayette St & Grand St,40.72028,-73.99879,2024-01-01,2025-12-31,24,116208,56017,60191,985.9,True,True
5430.08,Franklin St & W Broadway,40.71911552,-74.00666661,2024-01-01,2025-12-31,24,63234,31740,31494,430.4,True,True
5430.10,6 Ave & Walker St,40.7197920901383,-74.0052238852195,2024-01-01,2025-12-31,23,65416,28011,37405,540.3,True,True
5431.01,60 Pl & Flushing Ave,40.71988,-73.90556,2024-01-01,2025-12-31,24,2108,1049,1059,5613.0,False,False
5433.03,Richardson St & N Henry St,40.71907891179564,-73.94223690032959,2024-01-01,2025-12-31,24,39758,18770,20988,2574.6,False,False
5433.04,Frost St & Debevoise Ave,40.71882,-73.93948,2024-01-01,2025-12-31,24,11128,5212,5916,2808.5,False,False
5436.09,Ave D & E 3 St,40.72082834,-73.97793172,2024-01-01,2025-12-31,24,76176,37450,38726,232.4,True,True
5436.11,E Houston St & Columbia St,40.71978635452822,-73.97871628403664,2024-01-01,2025-12-31,24,63119,32084,31035,284.1,True,True
5440.05,57 St & Grand Ave,40.71921,-73.9124,2024-01-01,2025-12-31,24,3039,1383,1656,5050.6,False,False
5442.05,Bayard St & Leonard St,40.71915571696044,-73.94885390996933,2024-01-01,2025-12-31,24,65328,33044,32284,2024.1,False,False
5442.09,Manhattan Ave & Leonard St,40.72084,-73.94844,2024-01-01,2025-12-31,24,36086,17566,18520,2024.9,False,False
5445.02,Suffolk St & Stanton St,40.72066442,-73.98517977,2024-01-01,2025-12-31,24,155037,76942,78095,837.0,True,True
5445.07,Stanton St & Norfolk St,40.720747,-73.986274,2024-01-01,2025-12-31,24,115013,54856,60157,929.7,True,True
5450.01,N 10 St & Berry St,40.720253,-73.957082,2024-01-01,2025-12-31,24,77927,36057,41870,1319.6,False,False
5450.04,N 12 St & Bedford Ave,40.72079821,-73.95484712,2024-01-01,2025-12-31,24,104632,52494,52138,1494.2,False,False
5453.01,Rivington St & Chrystie St,40.72110063,-73.9919254,2024-01-01,2025-12-31,24,102017,50899,51118,1197.9,True,True
5453.05,Forsyth St & Broome St,40.71893904,-73.99266288,2024-01-01,2025-12-31,24,75578,40236,35342,971.8,True,True
5453.06,Kenmare St & Elizabeth St,40.72054,-73.9949,2024-01-01,2025-12-31,24,109168,53701,55467,1165.0,True,True
5458.02,N 5 St & Northside Piers,40.719876,-73.963865,2024-01-01,2025-12-31,24,104732,53109,51623,764.4,False,False
5470.02,N Moore St & Hudson St,40.71996118117138,-74.00844320654869,2024-01-01,2024-09-26,9,20024,20024,0,268.9,True,True
5470.10,Greenwich St & Hubert St,40.721319,-74.010065,2024-01-01,2025-12-31,24,78609,41981,36628,112.3,True,True
5470.12,North Moore St & Greenwich St,40.72019521437465,-74.0103006362915,2024-01-01,2025-12-31,24,143624,75579,68045,110.1,True,True
5470.13,Hudson St & N Moore St,40.719887998,-74.0086269379,2024-09-26,2025-12-31,16,38605,9932,28673,254.7,True,True
5471.04,Grand Ave & 58 Ave,40.72098,-73.90701,2024-01-02,2025-12-31,24,2512,947,1565,5478.3,False,False
5473.03,Engert Ave & McGuinness Blvd,40.72158,-73.94546,2024-01-01,2025-12-31,24,31285,14803,16482,2257.3,False,False
5473.06,Monitor St & Meeker Ave,40.721226,-73.941845,2024-01-01,2025-12-31,24,24821,12353,12468,2564.3,False,False
5476.03,E 2 St & Ave C,40.7208736,-73.98085795,2024-01-01,2025-12-31,24,121538,59972,61566,478.0,True,True
5481.04,Driggs Ave & Lorimer St,40.72179134,-73.9504154,2024-01-01,2025-12-31,24,74125,35144,38981,1842.0,False,False
5484.09,Allen St & Stanton St,40.722055,-73.989111,2024-01-01,2025-12-31,24,147862,76520,71342,1184.8,True,True
5489.03,Kent Ave & N 7 St,40.72036775298455,-73.96165072917938,2024-01-01,2025-12-31,24,118862,55003,63859,938.3,False,False
5489.04,N 11 St & Kent Ave,40.72248188638219,-73.95921930670738,2024-01-01,2025-12-31,24,38235,19477,18758,1097.9,False,False
5489.06,N 9 St & Wythe Ave,40.72054,-73.959,2024-01-01,2025-12-31,24,53187,25589,27598,1154.8,False,False
5492.05,Cleveland Pl & Spring St,40.722103786686034,-73.99724900722504,2024-01-01,2025-12-31,24,224822,107873,116949,1171.7,True,True
5500.02,Grand St & Greene St,40.72170005235607,-74.00238141417502,2024-01-01,2025-12-31,24,99651,50233,49418,748.3,True,True
5500.07,6 Ave & Canal St,40.72243797,-74.00566443,2024-01-01,2025-06-12,18,42026,30964,11062,463.1,True,True
5501.06,Fresh Pond Rd & Flushing Ave,40.72155,-73.90295,2024-01-01,2025-12-31,24,2803,1451,1352,5813.8,False,False
5503.01,Morgan Ave & Lombardy St,40.72226,-73.93889,2024-01-01,2025-12-31,24,27810,13905,13905,2791.1,False,False
5506.10,Ave D & E 8 St,40.72368361,-73.97574813,2024-01-01,2025-12-31,24,49020,23394,25626,128.5,True,True
5506.14,E 6 St & Ave D,40.72228087,-73.97668709,2024-01-01,2025-12-31,24,87805,46768,41037,150.7,True,True
5509.02,Washington St & Laight St,40.72231,-74.0106,2024-01-01,2025-12-31,24,61327,29674,31653,52.2,True,True
5510.02,57 Rd & 59 St,40.72249,-73.90854,2024-01-02,2025-12-31,24,2537,1059,1478,5335.8,False,False
5510.05,57 Rd & 58 St,40.72235,-73.91215,2024-01-01,2025-12-31,24,1236,747,489,5033.3,False,False
5515.02,E 2 St & Ave B,40.72217444,-73.98368779,2024-01-03,2025-12-31,24,147266,71427,75839,732.4,True,True
5515.08,E 4 St & Ave B,40.723346832180155,-73.98265913128853,2024-01-01,2025-12-31,24,94992,51171,43821,667.4,True,True
5520.09,N 15 St & Wythe Ave,40.724055,-73.955736,2024-01-01,2025-12-31,24,55048,26676,28372,1356.4,False,False
5523.02,Stanton St & Chrystie St,40.72229346,-73.99147535,2024-01-01,2025-12-31,24,111732,54573,57159,1322.4,True,True
5532.01,Mercer St & Spring St,40.72362738,-73.99949601,2024-01-01,2025-12-31,24,96740,48339,48401,961.8,True,True
5539.06,Laight St & Hudson St,40.72185379,-74.00771779,2024-01-01,2025-12-31,24,30455,15079,15376,299.9,True,True
5539.08,Varick St & Watts St,40.723635749203936,-74.006020305859,2025-08-26,2025-12-31,5,6731,0,6731,416.1,True,True
5540.06,56 Dr & 61 St,40.72368,-73.90458,2024-01-01,2025-12-31,24,2597,1207,1390,5662.1,False,False
5542.04,Driggs Ave & N Henry St,40.72325,-73.94308,2024-01-01,2025-12-31,24,83411,40582,42829,2426.5,False,False
5545.01,E 7 St & Ave C,40.72412944090093,-73.97901266813278,2024-01-01,2025-12-31,24,117290,56353,60937,399.8,True,True
5545.04,E 5 St & Ave C,40.72299208,-73.97995466,2024-01-01,2025-12-31,24,81313,41005,40308,436.0,True,True
5548.01,58 St & 56 Dr,40.72419,-73.91244,2024-01-02,2025-12-31,24,2935,1648,1287,4997.5,False,False
5550.05,Bedford Ave & Nassau Ave,40.72311651,-73.95212324,2024-01-01,2025-12-31,24,108023,59481,48542,1673.9,False,False
5550.09,Leonard St & Nassau Ave,40.7239567849954,-73.94984364509583,2024-01-01,2025-12-31,23,67791,34527,33264,1850.8,False,False
5553.03,E 3 St & 1 Ave,40.72467721,-73.98783413,2024-01-01,2025-12-31,24,90704,43597,47107,1124.5,True,True
5553.10,E 2 St & Ave A,40.72307749068673,-73.98583620786667,2024-01-01,2025-12-31,24,123969,57074,66895,925.7,True,True
5553.21,E 3 St & Ave A,40.723537,-73.985112,2024-02-12,2024-05-14,4,7969,7969,0,874.7,True,True
5558.04,Wythe Ave & N 13 St,40.722767,-73.957021,2024-01-01,2025-12-31,24,61349,30365,30984,1274.6,False,False
5561.04,Mott St & Prince St,40.72317958,-73.99480012,2024-01-01,2025-12-31,24,144426,68521,75905,1361.0,True,True
5561.06,Lafayette St & Jersey St,40.72456089,-73.99565293,2024-01-01,2025-12-31,24,182241,88843,93398,1270.1,True,True
5569.06,W Broadway & Spring St,40.72494672359416,-74.00165855884552,2024-01-01,2025-12-31,24,95399,44423,50976,762.3,True,True
5569.07,W Broadway & Watts St,40.72323,-74.00314,2024-01-01,2025-12-31,21,65022,21754,43268,662.8,True,True
5570.04,Grand Ave & Remsen Pl,40.72353,-73.89967,2024-01-01,2025-12-31,24,7051,3383,3668,6076.6,False,False
5572.07,Van Dam St & Meeker Ave,40.72532,-73.9368,2024-01-01,2025-12-31,24,17609,8149,9460,2940.1,False,False
5575.08,Ave D & E 12 St,40.72580614,-73.97422494,2024-01-01,2025-12-31,24,21618,9858,11760,119.9,True,True
5575.13,Ave D & E 10 St,40.72506551015475,-73.97515833377838,2024-01-01,2025-12-31,24,31782,16305,15477,150.1,True,True
5578.02,Watts St & Greenwich St,40.72405549,-74.00965965,2024-01-01,2025-12-31,24,85077,41946,43131,105.7,True,True
5579.02,56 Dr & 59 St,40.72403,-73.90853,2024-01-02,2025-12-31,24,2978,1187,1791,5327.7,False,False
5579.04,55 Dr & Maurice Ave,40.7261,-73.90917,2024-01-02,2025-12-31,24,6664,3158,3506,5270.1,False,False
5581.01,Nassau Ave & Russell St,40.72557,-73.94434,2024-01-01,2025-12-31,24,73728,36137,37591,2303.8,False,False
5584.04,E 6 St & Ave B,40.72453734,-73.98185424,2024-01-01,2025-12-31,24,102923,52782,50141,637.6,True,True
5584.05,E 7 St & Ave B,40.7251285241158,-73.98131668567657,2024-01-01,2025-12-31,24,113929,57659,56270,622.1,True,True
5593.01,E 1 St & 1 Ave,40.72335597960796,-73.98864984512329,2024-01-01,2025-12-31,24,176932,84675,92257,1164.8,True,True
5593.02,E 2 St & 2 Ave,40.72502876,-73.99069656,2024-01-01,2025-12-31,24,75487,36155,39332,1368.6,True,True
5593.04,E 4 St & 2 Ave,40.7262807,-73.98978041,2024-01-01,2025-12-31,24,116145,58615,57530,1331.5,True,True
5602.06,Greene St & Prince St,40.72511734422387,-73.99930492043495,2024-01-01,2025-12-31,24,86353,42195,44158,956.8,True,True
5610.09,6 Ave & Broome St,40.72431,-74.00473,2024-01-01,2025-12-31,24,126721,63481,63240,514.3,True,True
5611.04,61 St & Borden Ave,40.72558,-73.90417,2024-01-01,2025-12-29,24,1985,780,1205,5691.8,False,False
5611.05,63 St & Borden Ave,40.72655,-73.90321,2024-01-01,2025-12-31,24,2421,1365,1056,5773.3,False,False
5613.04,Kingsland Ave & Nassau Ave,40.72577,-73.94173,2024-01-01,2025-12-31,24,65705,31197,34508,2523.8,False,False
5616.01,E 9 St & Ave C,40.72521311,-73.97768752,2024-01-01,2025-12-31,23,86612,46242,40370,348.5,True,True
5616.08,E 12 St & Ave C,40.727243,-73.976831,2024-01-01,2025-12-31,24,67491,32309,35182,381.1,True,True
5623.03,Nassau Ave & Newell St,40.724812564400175,-73.94752621650696,2024-01-01,2025-12-31,24,72315,31169,41146,2037.9,False,False
5626.06,E 5 St & Ave A,40.72479007746337,-73.98430064320564,2024-05-14,2025-12-31,20,93219,35009,58210,840.9,True,True
5626.07,E 7 St & Ave A,40.72621788,-73.98379855,2024-01-01,2025-12-31,24,157317,79394,77923,862.3,True,True
5626.13,St Marks Pl & 1 Ave,40.72779126,-73.98564945,2024-01-01,2025-12-31,24,136904,65059,71845,1044.2,True,True
5626.15,1 Ave & E 6 St,40.72633085971696,-73.98616880178452,2024-01-01,2025-12-31,24,148617,74193,74424,1050.2,True,True
5633.04,Banker St & Meserole Ave,40.72606,-73.95621,2024-01-01,2025-12-31,24,49653,20310,29343,1302.7,False,False
5636.11,Great Jones St,40.72743423,-73.99379025,2024-01-01,2025-12-31,24,159130,77724,81406,1390.8,True,True
5636.13,E 1 St & Bowery,40.72486122254819,-73.99213135242462,2024-01-01,2025-12-31,24,110274,55055,55219,1483.4,True,True
5644.05,W Broadway & W Houston St,40.726378,-74.000472,2024-01-01,2025-12-31,24,69394,34053,35341,841.4,True,True
5653.12,Spring St & Hudson St,40.72583996792375,-74.0076532959938,2024-01-01,2025-12-31,22,107400,44778,62622,248.2,True,True
5656.03,N Henry St & Norman Ave,40.7277,-73.94395,2024-01-01,2025-12-31,24,30391,13855,16536,2345.8,False,False
5659.05,E 10 St & Ave A,40.72740794,-73.98142006,2024-01-01,2025-12-31,24,141690,68019,73671,736.4,True,True
5659.11,E 11 St & Ave B,40.72746420692392,-73.97950418293476,2024-01-01,2025-12-31,24,113576,57742,55834,593.7,True,True
5666.04,Meserole Ave & Manhattan Ave,40.72708584,-73.95299117,2024-01-01,2025-12-31,24,83462,38139,45323,1580.2,False,False
5666.11,Norman Ave & Leonard St,40.725819,-73.950815,2024-01-01,2025-12-31,24,76745,36567,40178,1757.5,False,False
5669.10,St Marks Pl & 2 Ave,40.7284186,-73.98713956,2024-01-01,2025-12-31,24,135856,66437,69419,1144.1,True,True
5669.12,E 6 St & 2 Ave,40.727378693232225,-73.98840844631195,2024-01-01,2025-12-31,22,77304,28165,49139,1269.8,True,True
5676.04,Calyer St & West St,40.72693,-73.95863,2024-01-01,2025-12-31,24,91843,43930,47913,1105.2,False,False
5679.05,Mercer St & Bleecker St,40.72706363348306,-73.99662137031554,2024-01-01,2025-12-31,24,138549,69479,69070,1156.6,True,True
5679.08,Bleecker St & Crosby St,40.72615604980408,-73.99510189890862,2024-01-01,2025-12-31,24,176963,82978,93985,1293.8,True,True
5687.04,MacDougal St & Prince St,40.72710258,-74.00297088,2024-01-01,2025-12-31,24,140057,65544,74513,622.8,True,True
5687.11,King St & Varick St,40.72789701409023,-74.00536268949507,2024-01-01,2025-12-31,24,95907,46517,49390,414.1,True,True
5688.02,64 St & 53 Dr,40.72897,-73.90115,2024-01-01,2025-12-31,24,2971,1450,1521,5880.1,False,False
5696.03,Pier 40 - Hudson River Park,40.7277140777778,-74.01129573583603,2024-01-01,2025-12-31,24,153321,80647,72674,6.1,True,True
5703.13,Ave A & E 11 St,40.72854745023944,-73.98175925016403,2024-01-01,2025-12-31,24,131240,64506,66734,707.9,True,True
5709.03,Calyer St & Guernsey St,40.72755807335852,-73.95505852997303,2024-01-01,2024-02-20,2,1142,1142,0,1412.8,False,False
5709.04,Lorimer St & Calyer St,40.72795,-73.95414,2024-02-20,2025-12-31,22,46409,22961,23448,1495.8,False,False
5712.03,Cooper Square & Astor Pl,40.72951496224949,-73.99075269699097,2024-01-01,2025-12-31,24,163870,81040,82830,1415.1,True,True
5712.12,E 5 St & Cooper Sq,40.72769,-73.990993,2024-01-01,2025-12-31,24,107917,51504,56413,1478.9,True,True
5721.01,Sullivan St & Washington Sq,40.73047747,-73.99906065,2024-01-01,2025-12-31,24,126269,62266,64003,925.2,True,True
5721.07,Thompson St & Bleecker St,40.72840059450829,-73.99968780577183,2024-01-01,2025-12-31,24,124122,58137,65985,885.9,True,True
5721.14,LaGuardia Pl & W 3 St,40.72917025,-73.99810231,2024-01-01,2025-12-31,24,126974,63225,63749,1011.7,True,True
5730.08,Greenwich St & W Houston St,40.728846,-74.008591,2024-01-01,2025-12-31,24,137692,68546,69146,133.5,True,True
5731.03,Maurice Ave & 53 Dr,40.73028,-73.90421,2024-01-02,2025-12-31,24,1668,1020,648,5585.3,False,False
5736.09,E 14 St & Ave B,40.72938685,-73.97772429,2024-01-01,2025-11-13,23,96621,49973,46648,360.0,True,True
5743.02,Calyer St & Jewel St,40.72984,-73.94839,2024-01-01,2025-12-31,23,32004,13365,18639,2006.7,False,False
5746.02,E 10 St & 2 Ave,40.72970805644994,-73.9865979552269,2024-01-01,2025-11-05,23,137679,71855,65824,1068.1,True,True
5746.14,E 11 St & 1 Ave,40.72953837,-73.98426726,2024-01-01,2025-12-31,24,136881,63794,73087,880.1,True,True
5752.07,Milton St & Franklin St,40.72906,-73.95779,2024-01-01,2025-12-31,24,87716,43388,44328,1209.2,False,False
5752.09,Greenpoint Ave & West St,40.729803,-73.959099,2024-01-01,2025-12-31,24,92786,45224,47562,1111.0,False,False
5755.01,Washington Pl & Broadway,40.72903917,-73.99404649,2024-01-01,2025-12-31,24,95809,51086,44723,1353.9,True,True
5755.09,Washington Square E,40.73049393,-73.9957214,2024-01-01,2024-03-25,3,9597,9597,0,1206.6,True,True
5755.14,University Pl & E 8 St,40.73143724085228,-73.99490341544151,2024-01-01,2025-12-31,23,121731,56626,65105,1267.2,True,True
5755.15,Washington Pl & Greene St,40.72980619180496,-73.99546380915461,2024-07-24,2025-12-31,18,75081,29960,45121,1231.0,True,True
5763.03,Carmine St & 6 Ave,40.73038599,-74.00214988,2024-01-01,2025-12-31,24,198881,93753,105128,665.2,True,True
5764.02,65 Pl & 53 Ave,40.73145,-73.90022,2024-01-01,2025-12-31,24,6599,2977,3622,5796.5,False,False
5769.06,Ave C & E 16 St,40.72984830346529,-73.97455215454102,2024-01-01,2025-12-31,24,58593,27626,30967,100.8,True,True
5772.05,Morton St & Greenwich St,40.73115,-74.00887,2024-01-01,2025-12-31,24,106485,53014,53471,95.3,True,True
5779.08,1 Ave & E 16 St,40.73221853,-73.98165557,2024-01-01,2025-12-31,24,140682,70184,70498,605.1,True,True
5779.09,E 13 St & Ave A,40.72966729392978,-73.98067966103554,2024-01-01,2025-12-31,24,86923,41676,45247,582.0,True,True
5779.10,E 14 St & 1 Ave,40.73139303364151,-73.98286700248718,2024-01-01,2025-12-31,24,133126,74298,58828,722.5,True,True
5779.11,Ave A & E 14 St,40.73031071000895,-73.98047178983688,2024-01-01,2025-12-19,24,226228,107698,118530,549.1,True,True
5785.05,Greenpoint Ave & Manhattan Ave,40.73026,-73.95394,2024-01-01,2025-12-31,24,92888,41859,51029,1548.4,False,False
5785.10,Kent St & McGuinness Blvd,40.73124,-73.95161,2024-01-01,2025-12-31,24,24549,11140,13409,1761.4,False,False
5788.12,E 12 St & 3 Ave,40.73223272,-73.98889957,2024-01-01,2025-12-31,24,89685,42901,46784,1204.2,True,True
5788.13,Lafayette St & E 8 St,40.73020660529954,-73.99102628231049,2024-01-01,2025-12-31,24,281424,134469,146955,1423.0,True,True
5788.15,4 Ave & E 12 St,40.732647,-73.99011,2024-01-01,2025-12-31,24,144609,70716,73893,1295.4,True,True
5788.16,E 11 St & 3 Ave,40.73127,-73.98849,2024-01-01,2025-12-31,24,109440,52601,56839,1191.0,True,True
5794.05,India St Pier,40.731734785883454,-73.9612390102593,2024-01-01,2025-12-31,24,72772,33458,39314,982.4,False,False
5797.01,MacDougal St & Washington Sq,40.73226398,-73.99852205,2024-01-01,2025-12-31,24,83863,41970,41893,955.9,True,True
5805.05,Barrow St & Hudson St,40.73172428,-74.00674436,2024-01-01,2025-12-31,24,100592,51237,49355,269.1,True,True
5805.07,7 Ave S & Bleecker St,40.73213896287381,-74.00363802909851,2024-01-01,2025-12-31,24,149641,70613,79028,526.7,True,True
5806.01,53 Ave & 62 St,40.73169,-73.90159,2024-01-01,2025-12-31,24,4311,1976,2335,5684.3,False,False
5820.08,E 13 St & 2 Ave,40.73153937464073,-73.9853024482727,2024-01-01,2025-12-31,24,155517,75022,80495,921.3,True,True
5826.02,India St & Manhattan Ave,40.73232194,-73.9550858,2024-01-01,2025-12-31,24,98609,48638,49971,1478.9,False,False
5829.12,E 11 St & Broadway,40.73261787,-73.99158043,2024-01-01,2025-03-04,13,24972,23760,1212,1416.7,True,True
5838.09,Washington Pl & 6 Ave,40.73224119,-74.00026394,2024-01-01,2025-12-31,24,110330,53650,56680,809.6,True,True
5845.02,Woodhaven Blvd & Hoffman Dr,40.73303,-73.871,2024-01-01,2025-12-31,24,12136,6398,5738,7932.7,False,False
5847.01,Christopher St & Greenwich St,40.73291553,-74.00711384,2024-01-06,2025-12-31,24,187419,93231,94188,227.9,True,True
5847.06,W 10 St & Washington St,40.73342399437081,-74.00851495563984,2024-01-01,2025-06-03,18,55142,40378,14764,105.8,True,True
5847.08,Washington St & Barrow St,40.73191132323174,-74.008769094944,2024-01-04,2025-12-31,24,68800,31021,37779,97.2,True,True
5847.09,Washington St & W 10 St,40.7333,-74.00858,2025-07-14,2025-12-31,6,22471,0,22471,101.3,True,True
5851.01,Greenpoint Ave & Monitor St,40.73224,-73.94383,2024-01-01,2025-12-31,24,8843,5071,3772,2418.5,False,False
5854.09,1 Ave & E 18 St,40.733812191966315,-73.98054420948029,2024-01-01,2025-12-31,24,153672,76376,77296,478.9,True,True
5854.10,Stuyvesant Walk & 1 Ave Loop,40.732339777151054,-73.97898383438587,2024-01-01,2025-12-30,24,10137,5324,4813,381.2,True,True
5860.02,Green St & McGuinness Blvd,40.73396,-73.95204,2024-01-01,2025-12-31,24,18078,8170,9908,1711.3,False,False
5863.07,E 15 St & 3 Ave,40.734232,-73.986923,2024-01-01,2025-12-31,24,144801,71465,73336,995.8,True,True
5869.04,Huron St & Franklin St,40.73266,-73.95826,2024-01-01,2025-12-31,24,99115,48205,50910,1209.0,False,False
5872.08,E 10 St & 5 Ave,40.73331967,-73.99510132,2025-03-04,2025-12-31,10,30412,0,30412,1234.7,True,True
5872.10,E 9 St & 5 Ave,40.73275887045087,-73.99581670761108,2024-01-01,2025-12-31,24,104645,60055,44590,1179.3,True,True
5878.02,60 Ave & Junction Blvd,40.73466,-73.86501,2024-01-01,2025-12-31,24,7686,4197,3489,8345.2,False,False
5880.02,W 4 St & 7 Ave S,40.73401143,-74.00293877,2024-01-01,2025-12-31,24,182492,84249,98243,569.8,True,True
5881.01,Tyler Ave & Maurice Ave,40.73394,-73.90128,2024-01-01,2025-12-31,24,4150,2167,1983,5579.0,False,False
5883.06,Van Dam St & Greenpoint Ave,40.73443564069459,-73.93790781497955,2024-01-01,2025-03-30,15,5643,4604,1039,2900.6,False,False
5883.08,Review Ave & Greenpoint Ave,40.734246796135544,-73.93776814411713,2025-10-22,2025-12-30,3,542,0,542,2912.9,False,False
5886.13,E 20 St & FDR Dr,40.733208626522426,-73.9756813647,2024-01-01,2025-12-31,24,142672,72780,69892,89.6,True,True
5887.03,Queens Blvd & 56 Ave,40.73481,-73.87431,2024-01-01,2025-12-31,24,12168,6317,5851,7601.5,False,False
5896.01,E 17 St & 2 Ave,40.73431166276575,-73.98372530937195,2024-01-01,2025-12-31,24,96311,47211,49100,729.0,True,True
5902.07,Eagle St & Manhattan Ave,40.735217,-73.954926,2024-01-01,2025-12-31,24,68569,32399,36170,1464.9,False,False
5905.12,Broadway & E 14 St,40.73454567,-73.99074142,2024-01-01,2025-12-31,24,262085,128143,133942,1310.3,True,True
5905.14,University Pl & E 14 St,40.734814,-73.992085,2024-01-01,2025-12-31,24,270007,139970,130037,1418.9,True,True
5914.03,W 11 St & 6 Ave,40.73532427,-73.99800419,2024-01-01,2025-12-31,23,99676,42028,57648,973.8,True,True
5914.08,Greenwich Ave & Charles St,40.735238,-74.000271,2024-01-01,2025-12-31,24,117458,57367,60091,783.8,True,True
5917.02,Bradley Ave & Greenpoint Ave,40.73565914819229,-73.93478840589523,2024-01-01,2025-12-31,24,7830,3111,4719,3142.5,False,False
5920.03,94 St & 57 Ave,40.73628,-73.86752,2024-01-01,2025-12-31,23,4682,2110,2572,8087.4,False,False
5922.04,Greenwich St & Perry St,40.73498,-74.00697,2024-01-01,2025-12-31,24,102926,48652,54274,222.6,True,True
5922.07,Perry St & Bleecker St,40.73535398,-74.00483091,2024-01-01,2025-12-31,24,119356,60681,58675,399.4,True,True
5922.08,Bank St & Hudson St,40.73652889,-74.00618026,2024-01-01,2025-12-31,24,65239,32316,32923,276.0,True,True
5923.02,51 Ave & 61 St,40.73568,-73.90387,2024-01-02,2025-12-31,24,4878,2590,2288,5294.2,False,False
5929.01,E 23 St & 1 Ave,40.736502,-73.97809472,2024-01-01,2025-12-31,24,126628,65432,61196,229.5,True,True
5929.07,E 23 St & FDR Dr,40.736,-73.97605,2025-03-07,2025-12-31,10,21138,0,21138,60.7,True,True
5930.02,Queens Blvd & Broadway,40.73672,-73.87728,2024-01-01,2025-12-31,23,10679,5849,4830,7293.3,False,False
5938.01,E 19 St & 3 Ave,40.73624527,-73.98473765,2024-01-01,2025-12-31,24,83960,40049,43911,789.2,True,True
5938.11,E 16 St & Irving Pl,40.735367055605394,-73.98797392845154,2024-01-01,2025-12-29,24,119387,61891,57496,1067.5,True,True
5944.01,Franklin St & Dupont St,40.73564,-73.95866,2024-01-01,2025-12-31,24,131010,60667,70343,1150.0,False,False
5945.01,60 Ave & Otis Ave,40.73715,-73.85614,2024-01-01,2025-12-29,24,2827,1514,1313,8977.7,False,False
5947.04,W 13 St & 5 Ave,40.735445,-73.99431,2024-01-01,2025-12-31,24,137696,73501,64195,1283.4,True,True
5947.06,E 15 St & 5 Ave,40.736592,-73.992949,2024-06-27,2025-12-31,19,54368,16907,37461,1388.3,True,True
5953.03,97 St & 57 Ave,40.73727,-73.86415,2024-01-01,2025-12-31,24,4193,2072,2121,8325.5,False,False
5955.12,Perry St & Greenwich Ave,40.735918,-74.000939,2024-01-01,2025-12-31,24,90151,43833,46318,721.9,True,True
5956.04,64 St & 51 Ave,40.73577,-73.90184,2024-01-01,2025-12-31,24,4713,2270,2443,5439.7,False,False
5956.05,50 Ave & 65 St,40.73707,-73.90077,2024-01-01,2025-12-31,24,7915,4145,3770,5454.1,False,False
5962.04,56 Ave & 92 St,40.73649,-73.86995,2024-01-24,2025-12-31,24,6384,3079,3305,7885.6,False,False
5964.01,Bank St & Washington St,40.7361967,-74.00859207,2024-01-01,2025-12-31,24,77948,38286,39662,76.0,True,True
5971.08,E 20 St & 2 Ave,40.73587678,-73.98205027,2024-01-01,2025-12-31,24,107186,54656,52530,564.8,True,True
5971.09,E 22 St & 2 Ave,40.73716919369882,-73.98122549057007,2024-01-01,2025-12-31,24,123094,59719,63375,501.3,True,True
5977.01,McGuinness Blvd & Eagle St,40.73555,-73.95284,2024-01-01,2025-12-31,24,46441,20837,25604,1640.9,False,False
5980.07,E 17 St & Broadway,40.73704984,-73.99009296,2024-01-01,2024-03-20,3,15893,15893,0,1243.3,True,True
5980.10,E 17 St & Broadway,40.737006,-73.990134,2024-07-31,2025-12-31,18,174233,48973,125260,1246.4,True,True
5980.11,Broadway & E 19 St,40.73829,-73.99006,2024-07-31,2025-12-31,18,112559,33000,79559,1256.6,True,True
5983.04,43 St & 50 Ave,40.73787237950538,-73.92264068126678,2024-01-01,2025-12-31,24,18005,8922,9083,3834.1,False,False
5987.03,99 St & 58 Ave,40.73761,-73.85959,2024-01-01,2025-12-31,24,3351,1749,1602,8683.9,False,False
5989.02,W 15 St & 6 Ave,40.738046142482766,-73.99642959237099,2024-01-01,2025-12-31,24,175195,83770,91425,1063.4,True,True
5992.02,36 St & Hunters Point Ave,40.73781699881193,-73.93024072051048,2024-01-01,2025-12-31,24,4291,1947,2344,3319.1,False,False
5995.07,56 Ave & Junction Blvd,40.73716,-73.86625,2024-01-25,2025-12-31,24,2444,1315,1129,8159.8,False,False
5997.10,W 12 St & Hudson St,40.73752993301071,-74.00558933615685,2024-01-01,2025-12-31,24,113936,55976,57960,317.8,True,True
5998.09,61 St & Laurel Hill Blvd,40.7388,-73.90338,2024-01-01,2025-12-31,24,5462,2953,2509,5172.3,False,False
6001.01,Borden Ave & Review Ave,40.73866345465306,-73.94093804061413,2024-01-01,2025-12-31,24,6828,3214,3614,2528.5,False,False
6004.06,E 27 St & 1 Ave,40.739445,-73.976806,2024-01-01,2025-12-31,24,128057,64677,63380,247.5,True,True
6004.07,E 25 St & 1 Ave,40.7381765,-73.97738662,2024-01-01,2025-12-31,24,75734,42326,33408,218.8,True,True
6005.04,55 Ave & 90 St,40.73676,-73.87318,2024-01-01,2025-12-31,24,4771,2475,2296,7618.0,False,False
6013.12,Gramercy Park N & Gramercy Park E,40.73795,-73.98509,2024-01-01,2025-12-31,24,126954,61245,65709,837.9,True,True
6014.01,St James Ave & 51 Ave,40.73813,-73.88104,2024-01-03,2025-12-30,24,3480,1581,1899,6942.2,False,False
6016.06,48 St & 50 Ave,40.73737,-73.91803,2024-01-01,2025-12-31,24,13079,6810,6269,4180.9,False,False
6019.04,Ash St & Manhattan Ave,40.738095,-73.954867,2024-01-01,2025-12-31,24,62502,28790,33712,1477.1,False,False
6020.02,Waldron St & 108 St,40.73916,-73.8526,2024-01-02,2025-12-31,24,2543,1402,1141,9209.7,False,False
6022.04,E 16 St & 5 Ave,40.73726186,-73.99238967,2024-01-01,2025-12-31,24,149013,84100,64913,1414.9,True,True
6025.08,39 St & 50 Ave,40.73824937345944,-73.92737478017807,2024-01-01,2025-12-31,24,14906,7265,7641,3491.1,False,False
6028.01,57 Ave & 98 Pl,40.73802,-73.86103,2024-01-01,2025-12-31,24,4568,2400,2168,8554.6,False,False
6030.04,W 13 St & 7 Ave,40.73781509,-73.99994661,2024-01-01,2025-12-31,24,145366,75412,69954,792.2,True,True
6030.06,W 15 St & 7 Ave,40.73935542,-73.99931783,2024-01-01,2025-12-31,24,108451,51775,56676,792.3,True,True
6033.01,31 Pl & Hunters Point Ave,40.74021356884924,-73.93537044525146,2024-01-01,2025-12-31,24,6128,2667,3461,2811.9,False,False
6037.02,53 Ave & 94 St,40.73921,-73.86887,2024-01-01,2025-12-31,24,3544,1663,1881,7882.8,False,False
6039.06,Washington St & Gansevoort St,40.739323,-74.008119,2024-01-01,2025-12-22,24,189911,91064,98847,89.9,True,True
6046.02,E 25 St & 2 Ave,40.73912601,-73.97973776,2024-01-01,2025-12-31,24,122763,61427,61336,443.1,True,True
6047.03,51 Ave & Van Loon St,40.73832,-73.87913,2024-01-01,2025-12-31,24,3641,1694,1947,7087.4,False,False
6053.01,Corona Ave & 111 St,40.7408,-73.84978,2024-01-01,2025-12-30,24,3834,1791,2043,9400.0,False,False
6055.08,E 20 St & Park Ave,40.73827428,-73.98751968,2024-01-01,2025-12-31,24,117883,60252,57631,1045.8,True,True
6056.02,Queens Blvd & Albion Ave,40.73856,-73.88553,2024-01-01,2025-12-31,24,4396,1954,2442,6569.9,False,False
6058.08,44 St & 48 Ave,40.73941387498411,-73.92131969332695,2024-01-01,2025-12-31,24,18974,9861,9113,3824.1,False,False
6062.03,103 St & Martense Ave,40.74046,-73.8565,2024-01-01,2025-12-31,23,4641,2699,1942,8856.1,False,False
6064.08,W 18 St & 6 Ave,40.73971301,-73.99456405,2024-01-01,2025-12-31,23,144874,65350,79524,1183.4,True,True
6067.01,48 Ave & 37 St,40.74034668087185,-73.92886072397232,2024-01-01,2025-12-31,24,7175,3498,3677,3253.0,False,False
6070.05,55 Ave & 97 Pl,40.73892,-73.86367,2024-01-02,2025-12-31,24,1607,790,817,8313.3,False,False
6072.06,Greenwich Ave & 8 Ave,40.7390169121,-74.0026376103,2024-01-01,2025-12-31,24,217092,105740,111352,532.4,True,True
6072.11,8 Ave & W 16 St,40.740983,-74.001702,2024-01-01,2025-12-31,24,194736,97217,97519,568.6,True,True
6072.16,Gansevoort St & Hudson St,40.73937600789778,-74.00520807425661,2024-01-04,2025-12-31,17,65978,28754,37224,316.1,True,True
6076.02,30 St & 48 Ave,40.7413272,-73.937999,2024-01-01,2025-12-31,24,7757,3491,4266,2559.1,False,False
6079.03,1 Ave & E 30 St,40.74144387,-73.97536082,2024-01-01,2025-12-31,24,108650,55884,52766,181.4,True,True
6080.07,90 St & 51 Ave,40.73937,-73.87411,2024-01-01,2025-12-31,24,4877,1992,2885,7454.2,False,False
6086.02,Borden Ave & 25 St,40.7396139,-73.945151,2024-01-27,2025-12-31,24,2593,1131,1462,2181.7,False,False
6089.07,Lexington Ave & E 24 St,40.74025878,-73.98409214,2024-01-01,2025-12-31,24,143232,75743,67489,828.0,True,True
6089.08,Lexington Ave & E 26 St,40.741459,-73.983293,2024-01-01,2025-12-31,24,71218,35616,35602,832.5,True,True
6089.11,E 26 St & 3 Ave,40.74069317733043,-73.98160636425018,2024-01-01,2025-12-31,24,116985,54481,62504,667.0,True,True
6090.03,South Railroad Ave & Broadway,40.741,-73.88027,2024-01-01,2025-12-31,24,9814,4122,5692,6904.7,False,False
6092.01,47 Ave & 48 St,40.74086,-73.91708,2024-01-01,2025-12-31,24,9574,5352,4222,4042.4,False,False
6096.01,Van Cleef St & 108 St,40.74096,-73.85357,2024-01-02,2025-12-31,24,2750,1469,1281,9084.2,False,False
6098.02,W 20 St & 5 Ave,40.73972989238724,-73.99103969335556,2024-01-04,2025-12-31,24,133827,66596,67231,1370.3,True,True
6098.10,Broadway & E 21 St,40.739888408589955,-73.98958593606949,2024-01-01,2025-12-31,24,221969,112748,109221,1254.7,True,True
6098.12,Broadway & E 19 St,40.73866091428551,-73.98987293243407,2024-01-01,2024-05-31,5,27285,27285,0,1248.9,True,True
6099.02,76 St & 45 Ave,40.7411,-73.88837,2024-01-01,2025-12-31,24,6313,2645,3668,6250.6,False,False
6101.11,48 Ave & 41 St,40.73985995699164,-73.92400324344635,2024-01-01,2025-12-31,24,19310,9727,9583,3610.7,False,False
6104.01,55 Ave & Center Blvd,40.740288,-73.960697,2024-01-01,2025-12-31,24,47988,20096,27892,948.4,False,False
6105.02,100 St & Lewis Ave,40.73988,-73.86012,2024-01-01,2025-12-31,23,2526,1584,942,8575.1,False,False
6107.08,W 17 St & 7 Ave,40.74056423633952,-73.99852573871613,2024-01-01,2025-12-31,24,93491,46676,46815,840.1,True,True
6108.03,69 St & 43 Ave,40.74179,-73.89564,2024-01-01,2025-12-31,24,8529,4558,3971,5646.5,False,False
6110.01,34 St & 48 Ave,40.740821207823245,-73.93147185444832,2024-01-01,2025-12-31,24,4825,2202,2623,3045.9,False,False
6113.07,51 Ave & Junction Blvd,40.74087,-73.86772,2024-01-01,2025-12-31,24,2693,1108,1585,7927.2,False,False
6115.06,Hudson St & W 13 St,40.74005708567285,-74.0052741765976,2024-01-01,2025-12-31,24,141029,71451,69578,285.1,True,True
6115.09,W 15 St & 10 Ave,40.742753828659026,-74.00747358798981,2024-01-01,2025-12-31,24,83967,41688,42279,59.5,True,True
6116.03,61 St & Queens Blvd,40.74091,-73.90273,2024-01-01,2025-12-31,24,14613,5730,8883,5125.6,False,False
6119.01,49 Ave & 27 St,40.74113,-73.942518,2024-01-02,2025-12-31,24,4851,2286,2565,2260.0,False,False
6122.09,2 Ave & E 29 St,40.741723510974715,-73.97809267044067,2024-01-01,2025-12-31,24,172789,86307,86482,413.8,True,True
6123.02,Corona Ave & 90 St,40.74154,-73.87484,2024-01-01,2025-09-09,21,2858,1614,1244,7328.1,False,False
6128.04,49 Ave & 21 St,40.74252,-73.948852,2024-01-01,2025-12-31,24,24808,12261,12547,1739.8,False,False
6131.10,E 24 St & Park Ave S,40.74096374,-73.98602213,2024-09-30,2025-12-31,16,77219,11181,66038,1008.4,True,True
6131.12,Madison Ave & E 26 St,40.742684734875695,-73.98671329021454,2024-01-01,2025-12-31,24,113035,53113,59922,1148.5,True,True
6131.13,E 27 St & Park Ave S,40.74275179648995,-73.9847157150507,2024-01-01,2025-12-31,24,117241,57619,59622,983.5,True,True
6132.01,82 St & Broadway,40.74281,-73.88296,2024-02-16,2025-10-20,21,14333,7053,7280,6630.7,False,False
6134.03,Greenpoint Ave & 47 St,40.7424,-73.91808,2024-01-01,2025-12-31,24,20581,10028,10553,3886.2,False,False
6134.13,44 St & Greenpoint Ave,40.741119944681465,-73.92103672027588,2024-01-01,2025-12-31,24,17104,8999,8105,3740.9,False,False
6137.04,5 St & 51 Ave,40.7423737,-73.9566,2024-01-01,2025-12-31,24,25726,11251,14475,1197.7,False,False
6138.02,Martense Ave & 108 St,40.74214,-73.85418,2024-01-01,2025-12-31,24,3360,1995,1365,9005.9,False,False
6138.07,108 St & 52 Ave,40.74310053056842,-73.85466891367044,2024-09-06,2025-12-31,16,2938,705,2233,8943.9,False,False
6140.05,W 21 St & 6 Ave,40.74173969,-73.99415556,2024-01-01,2025-12-31,24,330225,163456,166769,1187.0,True,True
6141.02,72 St & Woodside Ave,40.74288,-73.89283,2024-01-01,2025-12-31,24,5902,3217,2685,5831.7,False,False
6143.01,36 St & 47 Ave,40.74221834996096,-73.92935156822205,2024-01-01,2025-12-31,24,5867,3071,2796,3092.8,False,False
6143.05,39 St & 47 Ave,40.74215636827728,-73.92662644386292,2024-01-01,2025-12-31,24,13305,6793,6512,3283.6,False,False
6146.01,99 St & 50 Ave,40.74278,-73.86226,2024-01-01,2025-12-31,24,1675,814,861,8324.9,False,False
6148.02,W 17 St & 8 Ave,40.74177603,-74.00149746,2024-01-01,2025-12-31,24,88215,46835,41380,574.0,True,True
6149.02,65 Pl & Woodside Ave,40.74334,-73.89903,2024-01-01,2025-12-31,24,6244,3195,3049,5319.7,False,False
6151.03,47 Ave & 31 St,40.743,-73.93561,2024-01-01,2025-12-31,24,12587,6535,6052,2622.0,False,False
6155.03,Corona Ave & 92 St,40.7424,-73.87251,2024-01-01,2025-12-31,24,4551,1759,2792,7493.7,False,False
6157.04,10 Ave & W 14 St,40.741981599940225,-74.00831580162048,2024-01-01,2025-12-31,24,168563,92270,76293,1.3,True,True
6158.02,Queens Blvd & 56 St,40.74193,-73.90913,2024-01-01,2025-12-31,24,7657,4003,3654,4586.2,False,False
6158.06,57 St & 43 Ave,40.74324,-73.908,2024-01-01,2025-12-31,24,6176,2937,3239,4616.0,False,False
6164.09,Lexington Ave & E 29 St,40.74311555376486,-73.98215353488922,2024-01-01,2025-12-31,24,89399,45175,44224,776.7,True,True
6165.06,Whitney Ave & Ketcham Pl,40.74249,-73.87809,2024-01-01,2025-12-31,23,5552,2961,2591,7036.0,False,False
6167.03,51 St & Queens Blvd,40.7429,-73.91395,2024-01-01,2025-12-31,24,6746,3635,3111,4172.4,False,False
6170.02,Vernon Blvd & 50 Ave,40.74232744,-73.95411749,2024-01-01,2025-12-31,24,92078,45440,46638,1382.3,False,False
6170.09,Jackson Ave & 49 Ave,40.7429302,-73.952037,2024-02-15,2025-12-31,22,77539,30907,46632,1496.5,False,False
6171.02,111 St & 53 Ave,40.74336,-73.85129,2024-01-01,2025-12-31,24,5179,2471,2708,9217.9,False,False
6173.08,Broadway & W 25 St,40.74286877312112,-73.98918628692627,2024-01-01,2025-12-31,24,238983,120902,118081,1341.0,True,True
6174.03,79 St & Woodside Ave,40.74364,-73.88622,2024-01-01,2025-12-31,24,8102,3999,4103,6341.1,False,False
6176.11,40 St & Queens Blvd,40.743540273428685,-73.92435193061829,2024-01-01,2025-12-31,24,34554,13506,21048,3363.2,False,False
6179.07,Center Blvd & 51 Ave,40.743366080270214,-73.95960688591003,2024-01-01,2025-12-31,24,54669,27075,27594,923.4,False,False
6180.05,51 Ave & Alstyne Ave,40.74311,-73.85715,2024-01-01,2025-12-31,24,2780,1173,1607,8738.7,False,False
6182.02,W 20 St & 7 Ave,40.74238787,-73.99726235,2024-01-01,2025-12-31,24,157462,75444,82018,917.2,True,True
6183.03,Woodside Ave & 69 St,40.7428,-73.89584,2024-01-01,2025-12-31,24,3585,2071,1514,5593.6,False,False
6185.04,33 St & 47 Ave,40.74283,-73.9321,2024-01-01,2025-12-31,24,7931,3622,4309,2867.9,False,False
6185.07,33 St & Queens Blvd,40.7443653191867,-73.93172398209572,2024-01-01,2025-12-31,24,15363,7314,8049,2791.2,False,False
6188.04,Corona Ave & 98 St,40.74448,-73.86516,2024-01-01,2025-12-31,24,1567,728,839,8046.4,False,False
6190.03,W 18 St & 9 Ave,40.7435337324616,-74.00367558002472,2024-01-01,2025-12-31,24,46110,18961,27149,363.4,True,True
6190.08,9 Ave & W 18 St,40.74317449,-74.00366443,2024-01-01,2025-10-15,22,110823,61372,49451,370.2,True,True
6191.04,62 St & 43 Ave,40.74261,-73.903,2024-01-01,2025-12-31,24,6089,2851,3238,5033.4,False,False
6191.06,61 St & Woodside Ave,40.74501,-73.9036,2024-01-01,2025-12-31,24,31811,16915,14896,4895.3,False,False
6194.06,29 St & Skillman Ave,40.744831,-73.938411,2024-01-01,2025-12-31,24,7326,3306,4020,2313.8,False,False
6197.08,E 33 St & 1 Ave,40.74322681432173,-73.97449783980846,2024-01-01,2025-12-31,24,232136,115276,116860,153.0,True,True
6197.11,2 Ave & E 31 St,40.74299,-73.97711,2024-01-01,2025-12-31,21,121410,45620,75790,354.6,True,True
6198.03,Forley St & Lamont Ave,40.74463,-73.87386,2024-01-01,2025-12-31,24,8759,4172,4587,7325.5,False,False
6200.03,53 St & Roosevelt Ave,40.74462,-73.91143,2024-01-01,2025-12-31,23,9231,5109,4122,4290.5,False,False
6203.02,Jackson Ave & 46 Rd,40.74524768,-73.94733276,2024-01-01,2025-12-31,24,40134,20257,19877,1665.1,False,False
6206.08,E 30 St & Park Ave S,40.74444921,-73.98303529,2024-01-01,2025-12-31,24,101939,48209,53730,877.8,True,True
6207.06,Judge St & Britton Ave,40.74454,-73.88112,2024-01-01,2025-12-31,24,6795,3145,3650,6731.7,False,False
6209.05,43 Ave & 47 St,40.7448062877224,-73.91728967428207,2024-01-01,2025-12-31,24,17607,8217,9390,3828.1,False,False
6209.08,46 St & Queens Blvd,40.74349759836971,-73.91860529780388,2024-01-01,2025-12-31,24,29946,14524,15422,3790.9,False,False
6212.04,48 Ave & 5 St,40.744363287066875,-73.9558732509613,2024-01-01,2025-12-31,24,32085,15886,16199,1141.9,False,False
6212.08,Vernon Blvd & 47 Rd,40.7449067,-73.9534573,2024-01-01,2025-12-31,23,29047,12107,16940,1270.8,False,False
6213.01,51 Ave & Corona Ave,40.74373,-73.85583,2024-01-01,2024-08-01,8,987,987,0,8834.2,False,False
6215.04,W 25 St & 6 Ave,40.74395411,-73.99144871,2024-01-01,2025-12-31,23,107108,48650,58458,1376.1,True,True
6215.07,W 27 St & 6 Ave,40.74526,-73.99062,2024-01-01,2025-12-31,24,148959,72287,76672,1427.3,True,True
6216.01,74 St & Woodside Ave,40.74325,-73.89079,2024-01-01,2025-12-31,24,6962,3453,3509,5983.4,False,False
6218.04,39 St & Queens Blvd,40.74431,-73.92601,2024-01-01,2025-12-31,22,13650,8318,5332,3199.5,False,False
6222.04,Corona Ave & 102 St,40.74419,-73.8619,2024-01-01,2025-12-31,24,2920,1249,1671,8322.2,False,False
6224.03,W 22 St & 8 Ave,40.74475148,-73.99915362,2024-01-01,2025-12-31,24,137973,68547,69426,720.4,True,True
6224.05,W 20 St & 8 Ave,40.74345335,-74.00004031,2024-01-01,2025-12-31,24,128526,61927,66599,667.9,True,True
6224.06,8 Ave & W 24 St,40.74591072834279,-73.99807110428809,2024-01-01,2025-12-31,16,62783,18795,43988,795.1,True,True
6225.03,41 Ave & 67 St,40.74446,-73.89764,2024-01-01,2025-12-31,24,4169,1924,2245,5392.0,False,False
6227.02,31 St & Thomson Ave,40.74469738,-73.93540375,2024-01-01,2025-12-31,24,14022,7573,6449,2521.4,False,False
6230.02,1 Ave & E 38 St,40.746202,-73.971822,2024-03-04,2025-12-31,22,162906,70234,92672,97.6,True,True
6230.04,FDR Drive & E 35 St,40.744219,-73.97121214,2024-01-01,2025-12-31,24,139237,69604,69633,33.2,False,True
6231.01,46 Ave & Junction Blvd,40.74399,-73.86781,2024-01-01,2025-12-31,24,3837,1768,2069,7839.0,False,False
6233.04,Pier 61 at Chelsea Piers,40.746872,-74.00821,2024-04-18,2025-12-31,21,253034,102507,150527,19.3,False,True
6233.05,W 16 St & The High Line,40.74334935,-74.00681753,2024-01-01,2025-12-31,24,127199,65405,61794,104.4,True,True
6234.01,57 St & Woodside Ave,40.74578861252213,-73.9072778339874,2024-01-01,2024-09-12,9,3240,3240,0,4573.8,False,False
6234.03,Woodside Ave & Roosevelt Ave,40.74549,-73.90605,2024-09-12,2025-12-31,16,8800,1936,6864,4682.5,False,False
6234.04,Woodside Ave & 60 St,40.74521,-73.90462,2024-01-01,2025-12-31,10,4731,799,3932,4806.7,False,False
6234.08,59 St & 41 Ave,40.744577,-73.905986,2024-03-12,2025-06-17,16,3512,2735,777,4721.1,False,False
6237.01,47 Ave & Skillman Ave,40.7437524099784,-73.94176483154297,2024-01-02,2025-12-31,24,3818,1801,2017,2146.7,False,False
6239.08,E 31 St & 3 Ave,40.74394314,-73.97966069,2024-01-01,2025-12-31,24,155849,75013,80836,588.6,True,True
6240.05,Elmhurst Ave & Forley St,40.74615,-73.87763,2024-01-01,2025-12-31,24,6472,3272,3200,6979.1,False,False
6242.10,51 St & 43 Ave,40.74451,-73.91412,2024-01-01,2025-12-31,24,16785,8331,8454,4085.8,False,False
6245.08,46 Rd & 11 St,40.745805,-73.950752,2024-01-01,2025-12-31,24,19981,9453,10528,1394.5,False,False
6247.06,W 27 St & 7 Ave,40.746647,-73.993915,2024-01-01,2024-06-18,6,34218,34218,0,1138.0,True,True
6248.08,5 Ave & E 30 St,40.7459849,-73.98629487,2024-01-01,2025-12-31,24,141086,66222,74864,1190.6,True,True
6249.02,41 Ave & 80 St,40.74586,-73.88539,2024-01-01,2025-12-31,24,8499,4378,4121,6347.3,False,False
6251.06,43 Ave & 42 St,40.74534682580983,-73.9219419658184,2024-01-01,2025-07-22,19,21910,14233,7677,3447.9,False,False
6254.06,Center Blvd & 48 Ave,40.745038,-73.957539,2024-01-01,2025-12-31,24,34330,17295,17035,983.3,False,False
6255.02,49 Ave & 108 St,40.74535,-73.8558,2024-01-01,2025-12-31,24,2343,1116,1227,8803.9,False,False
6257.03,W 24 St & 7 Ave,40.74487634,-73.99529885,2024-01-01,2025-12-31,24,204295,99527,104768,1039.8,True,True
6257.06,W 27 St & 7 Ave,40.74665,-73.99392,2024-06-18,2025-12-31,19,137597,51560,86037,1137.6,True,True
6258.02,72 St & Broadway,40.74751,-73.89372,2024-01-01,2025-12-31,23,15429,6373,9056,5621.6,False,False
6258.03,72 St & 41 Ave,40.7448,-73.89377,2024-01-01,2025-12-31,24,5607,2901,2706,5693.6,False,False
6260.04,36 St & Queens Blvd,40.74408,-73.92901,2024-01-01,2025-12-31,24,12749,6114,6635,2998.0,False,False
6264.06,National St & 45 Ave,40.74582,-73.86433,2024-01-02,2025-12-31,24,2870,1428,1442,8086.7,False,False
6266.06,9 Ave & W 22 St,40.7454973,-74.00197139,2024-01-01,2025-10-15,22,153863,84797,69066,473.1,True,True
6267.08,65 St & Roosevelt Ave,40.74589,-73.89915,2024-01-01,2025-12-31,24,7062,3328,3734,5224.2,False,False
6273.03,Case St & 94 St,40.74619,-73.87193,2024-01-01,2025-12-31,24,4044,2091,1953,7449.3,False,False
6276.02,Woodside Ave & 55 St,40.74679,-73.90893,2024-01-01,2025-12-31,23,5923,3174,2749,4406.6,False,False
6276.05,Skillman Ave & 54 St,40.745502,-73.909887,2024-01-01,2025-12-31,24,10354,5016,5338,4376.9,False,False
6278.05,Davis St & Jackson Ave,40.745627,-73.945661,2024-01-01,2025-12-31,24,48696,22151,26545,1758.2,False,False
6280.12,E 32 St & Park Ave,40.7457121,-73.98194829,2024-01-01,2025-12-31,24,157789,75370,82419,838.8,True,True
6281.01,Gleane St & Britton Ave,40.74646,-73.87996,2024-01-01,2025-12-31,24,3313,1801,1512,6779.7,False,False
6283.05,48 St & Skillman Ave,40.74622874694195,-73.91616314649582,2024-01-01,2025-12-31,24,19260,10099,9161,3853.8,False,False
6286.02,46 Ave & 5 St,40.74731,-73.95451,2024-01-01,2025-12-31,24,83536,39052,44484,1039.8,False,False
6287.02,111 St & 49 Ave,40.74612,-73.85272,2024-01-01,2025-12-30,24,7035,3579,3456,9046.0,False,False
6289.06,Broadway & W 29 St,40.7462009,-73.98855723,2024-01-01,2025-12-31,24,197891,95417,102474,1379.2,True,True
6290.06,41 Ave & 77 St,40.74557,-73.8882,2024-01-01,2025-12-31,24,16922,8660,8262,6124.8,False,False
6290.13,79 St & Roosevelt Ave,40.74718,-73.88675,2024-01-01,2025-12-31,24,7905,4233,3672,6203.0,False,False
6292.03,43 Ave & 40 St,40.74562,-73.92402,2024-01-01,2025-11-21,21,15836,10040,5796,3277.5,False,False
6295.07,47 Ave & 104 St,40.7458,-73.85945,2024-01-01,2025-12-31,24,2265,914,1351,8492.1,False,False
6297.07,8 Ave & W 27 St,40.747968,-73.996637,2024-01-01,2025-12-31,24,98256,48317,49939,897.6,True,True
6297.08,W 25 St & 8 Ave,40.74649996333341,-73.99732626293645,2024-01-01,2025-12-31,24,82660,46512,36148,852.5,True,True
6298.04,69 St & 38 Ave,40.74694504524519,-73.89650255441666,2024-01-01,2025-12-31,24,6922,3934,2988,5408.6,False,False
6300.04,Skillman Ave & 43 Ave,40.74653761978055,-73.93215849995613,2024-01-01,2025-12-31,24,17683,8786,8897,2628.1,False,False
6303.01,1 Ave & E 39 St,40.74714,-73.97113,2024-01-01,2024-08-14,8,37438,37438,0,110.7,True,True
6303.02,1 Ave & E 42 St,40.7487575,-73.970127,2024-09-30,2025-12-31,16,36235,6012,30223,142.9,True,True
6304.04,98 St & 41 Ave,40.74773,-73.86649,2024-01-02,2025-12-31,23,4386,2129,2257,7871.0,False,False
6306.01,W 20 St & 10 Ave,40.745686,-74.005141,2024-01-01,2025-12-31,24,117313,66892,50421,205.6,True,True
6306.06,W 22 St & 10 Ave,40.74691959,-74.00451887,2024-01-01,2025-12-31,24,184306,93191,91115,244.1,True,True
6306.07,W 20 St & 11 Ave,40.746745,-74.007756,2024-09-26,2025-12-31,14,41828,7069,34759,26.5,False,True
6307.07,61 St & 39 Ave,40.7471,-73.9028,2024-01-01,2025-12-31,24,28627,13908,14719,4891.4,False,False
6310.06,27 St & Hunter St,40.7485,-73.941275,2024-01-01,2025-12-31,24,57217,27735,29482,1872.2,False,False
6313.10,Lexington Ave & E 36 St,40.7475739589548,-73.9788007736206,2024-01-01,2025-12-31,24,109131,52428,56703,680.0,True,True
6314.02,Elmhurst Ave & Roosevelt Ave,40.74864,-73.87619,2024-01-01,2025-12-31,24,12536,6241,6295,7047.4,False,False
6314.09,Benham St & Roosevelt Ave,40.74841,-73.8751,2024-01-02,2025-12-31,24,2322,1207,1115,7142.3,False,False
6316.05,39 Dr & 52 St,40.74732,-73.91197,2024-01-01,2025-12-31,24,15144,7705,7439,4144.7,False,False
6319.01,45 Rd & 11 St,40.74708586,-73.94977234,2024-01-01,2025-12-31,24,21920,11622,10298,1379.9,False,False
6319.03,44 Dr & 21 St,40.748036,-73.946705,2024-01-01,2025-12-31,24,50295,24470,25825,1534.6,False,False
6319.04,11 St & 44 Rd,40.749207,-73.949373,2024-01-01,2025-12-31,24,21905,10813,11092,1276.0,False,False
6319.07,45 Ave & 21 St,40.74737075646803,-73.94777297973631,2024-01-01,2025-12-31,24,30361,15236,15125,1506.0,False,False
6322.01,E 33 St & 5 Ave,40.74765947,-73.98490707,2024-01-01,2025-12-31,24,126538,62743,63795,1153.4,True,True
6323.04,84 St & Roosevelt Ave,40.74797,-73.88204,2024-01-01,2025-12-31,24,11019,5423,5596,6574.7,False,False
6323.11,Ithaca St & Baxter Ave,40.74638,-73.88322,2024-01-01,2025-12-31,24,15478,7796,7682,6512.8,False,False
6325.01,43 St & Skillman Ave,40.74692675687384,-73.9208248257637,2024-01-01,2025-11-21,20,16250,9975,6275,3460.8,False,False
6329.06,47 Ave & 109 St,40.74713,-73.85502,2024-01-02,2025-12-31,24,1934,863,1071,8837.0,False,False
6331.01,W 31 St & 7 Ave,40.749156,-73.9916,2024-01-01,2025-12-31,24,266596,128264,138332,1318.8,True,True
6332.06,74 St & 37 Ave,40.74908,-73.89172,2024-01-01,2025-12-31,24,30975,14614,16361,5749.9,False,False
6332.09,75 St & Roosevelt Ave,40.7468,-73.89038,2024-01-01,2024-10-14,10,25487,25487,0,5913.8,False,False
6332.10,Broadway & 74 St,40.74653,-73.89121,2024-11-23,2025-12-31,14,24326,1550,22776,5852.8,False,False
6334.03,Skillman Ave & Honeywell St,40.7471482490328,-73.92902433872223,2024-01-01,2025-12-31,24,6805,3141,3664,2824.8,False,False
6337.09,103 St & 41 Ave,40.74875,-73.86285,2024-01-01,2025-12-31,24,4959,2626,2333,8157.6,False,False
6339.06,W 25 St & 9 Ave,40.747832605837715,-74.0005722643582,2024-01-01,2025-12-31,24,125493,55860,69633,567.9,True,True
6340.09,37 Ave & 63 St,40.74893,-73.89981,2024-01-01,2025-12-31,24,6547,3449,3098,5085.8,False,False
6346.02,Warren St & Roosevelt Ave,40.74919,-73.87043,2024-01-01,2024-01-19,1,157,157,0,7517.9,False,False
6346.07,Warren St & Roosevelt Ave,40.74919,-73.87054,2024-01-19,2025-12-31,24,10706,4815,5891,7508.7,False,False
6349.03,39 Ave & 56 St,40.74838,-73.90699,2024-01-01,2025-12-31,24,6988,3198,3790,4513.0,False,False
6352.01,44 Dr & Jackson Ave,40.74718234,-73.9432635,2024-01-01,2025-12-31,24,77608,39060,38548,1829.0,False,False
6356.01,87 St & Roosevelt Ave,40.74825,-73.87936,2024-01-01,2025-12-31,24,5614,3040,2574,6791.3,False,False
6358.05,48 St & Barnett Ave,40.750016404259334,-73.91540944576263,2024-01-01,2025-12-31,23,7140,3140,4000,3780.3,False,False
6361.03,9 St & 44 Rd,40.74966,-73.9521,2024-01-01,2025-12-31,24,16087,8047,8040,1062.4,False,False
6364.07,6 Ave & W 33 St,40.74901271,-73.98848395,2024-01-01,2025-12-31,24,232248,112540,119708,1490.1,True,True
6364.10,6 Ave & W 34 St,40.74964,-73.98805,2024-01-01,2025-12-31,24,173937,88488,85449,1486.0,True,True
6365.10,79 St & 37 Ave,40.74937,-73.88714,2024-01-01,2025-12-31,24,17317,8656,8661,6123.6,False,False
6371.03,42 Ave & 108 St,40.74944,-73.85792,2024-01-01,2025-12-31,24,2009,932,1077,8559.5,False,False
6373.07,W 30 St & 8 Ave,40.74965268472847,-73.9952078461647,2024-01-01,2025-12-31,24,103064,51968,51096,1018.5,True,True
6374.05,71 St & 37 Ave,40.7488,-73.89451,2024-01-01,2025-12-31,24,6209,3149,3060,5525.5,False,False
6379.03,1 Ave & E 44 St,40.75001986,-73.96905301,2024-01-01,2025-12-31,22,55027,24744,30283,133.2,True,True
6380.10,39 Ave & 99 St,40.74962,-73.86677,2024-01-01,2025-12-31,24,5082,2323,2759,7816.8,False,False
6382.05,W 26 St & 10 Ave,40.749717753,-74.002950346,2024-01-01,2025-12-31,24,106991,53972,53019,375.3,True,True
6383.06,60 St & 37 Ave,40.74952,-73.90265,2024-01-01,2025-12-31,24,6270,3218,3052,4837.8,False,False
6389.09,E 39 St & Lexington Ave,40.749498546025194,-73.97729203113158,2024-01-01,2025-12-31,24,154365,77004,77361,684.2,True,True
6390.05,93 St & Roosevelt Ave,40.74888,-73.87368,2024-01-08,2025-12-31,24,2715,1391,1324,7252.1,False,False
6392.02,39 Ave & 54 St,40.74891,-73.90899,2024-01-02,2025-12-31,24,4432,2083,2349,4334.8,False,False
6395.01,21 St & 43 Ave,40.75052534,-73.94594845,2024-01-01,2025-12-31,24,15828,8921,6907,1425.6,False,False
6398.06,W 37 St & 5 Ave,40.75038009,-73.98338988,2024-01-01,2025-12-31,24,99144,48975,50169,1169.5,True,True
6398.08,E 35 St & Madison Ave,40.74848023448579,-73.98255586624146,2024-01-01,2025-12-31,24,84873,39689,45184,1009.2,True,True
6399.06,86 St & 37 Ave,40.75,-73.88062,2024-01-01,2025-12-31,24,11450,5770,5680,6654.7,False,False
6401.01,43 St & 37 Ave,40.750181,-73.919998,2024-01-01,2025-12-31,24,4614,2055,2559,3403.5,False,False
6401.03,39 Ave & 45 St,40.74947822183477,-73.91826465725897,2024-01-01,2025-12-31,24,13976,6688,7288,3566.2,False,False
6405.03,43 Ave & 111 St,40.74955,-73.85464,2024-01-02,2025-12-31,24,2259,1059,1200,8832.6,False,False
6408.08,75 St & 35 Ave,40.75091,-73.89111,2024-01-01,2025-12-31,24,15226,8004,7222,5765.0,False,False
6414.07,Roosevelt Ave & 104 St,40.74984,-73.86156,2024-01-01,2025-12-01,24,10407,6250,4157,8249.4,False,False
6416.06,W 29 St & 9 Ave,40.7500727,-73.99839279,2024-01-01,2025-12-31,24,103320,50289,53031,758.9,True,True
6417.04,65 St & 35 Ave,40.75053,-73.8977,2024-01-02,2025-12-31,24,2739,1608,1131,5224.3,False,False
6417.11,65 St & Broadway,40.7493722738996,-73.89738768339157,2024-01-01,2025-12-31,24,7026,3813,3213,5275.0,False,False
6422.08,E 43 St & 2 Ave,40.75022392,-73.97121414,2024-01-01,2025-12-31,24,79818,41480,38338,302.7,True,True
6422.09,E 44 St & 2 Ave,40.75118387463277,-73.97138714790344,2024-01-01,2025-12-31,24,71566,35452,36114,367.9,True,True
6423.03,99 St & 38 Ave,40.75055,-73.86725,2024-01-01,2025-12-31,24,3314,1852,1462,7763.5,False,False
6425.04,11 Ave & W 27 St,40.751396,-74.005226,2024-01-01,2025-12-31,24,160066,80898,79168,184.1,True,True
6426.05,57 St & 37 Ave,40.75048,-73.90513,2024-01-01,2025-12-27,24,2719,1227,1492,4610.7,False,False
6429.01,Queens Plaza North & Crescent St,40.75110165,-73.94073717,2024-01-01,2025-12-31,24,109787,60070,49717,1748.3,False,False
6432.08,Park Ave & E 41 St,40.751581,-73.97791,2024-12-11,2025-12-31,13,49872,1367,48505,862.2,True,True
6432.09,Park Ave & E 42 St,40.751873,-73.977706,2024-12-11,2025-12-31,13,109493,1787,107706,867.3,True,True
6432.10,E 41 St & Madison Ave (SE corner),40.752049,-73.979635,2024-01-01,2024-12-03,12,68294,68294,0,1010.1,True,True
6432.11,E 40 St & Park Ave,40.750756,-73.978326,2024-01-01,2025-12-31,24,166161,106033,60128,836.5,True,True
6432.15,Park Ave & E 40 St,40.75112,-73.97851,2025-07-17,2025-12-31,6,15810,0,15810,872.8,True,True
6433.01,92 St & 37 Ave,40.75085,-73.87509,2024-01-01,2025-12-31,24,4205,2154,2051,7103.3,False,False
6435.02,48 St & 37 Ave,40.751555,-73.915026,2024-01-01,2025-12-31,24,22753,11610,11143,3770.0,False,False
6435.03,50 St & Barnett Ave,40.750097682094825,-73.91349703073502,2024-01-01,2025-12-31,24,14049,6361,7688,3933.7,False,False
6438.04,11 St & 43 Ave,40.7519071,-73.9479119,2024-01-01,2025-01-07,13,5697,5666,31,1200.5,False,False
6438.05,11 St & 43 Ave,40.75177,-73.94821,2025-01-07,2025-12-31,12,7506,0,7506,1191.6,False,False
6441.01,Broadway & W 36 St,40.75097711,-73.98765428,2024-01-01,2025-09-24,21,62912,36554,26358,1516.1,True,True
6441.02,Broadway & W 37 St,40.75172632,-73.98753523,2024-01-01,2025-12-31,24,41514,20192,21322,1516.9,True,True
6441.06,W 37 St & Broadway,40.75227093837409,-73.98770570755005,2024-01-01,2025-12-31,24,44969,22869,22100,1477.0,True,True
6442.08,81 St & 35 Ave,40.75179,-73.88568,2024-01-01,2025-12-31,24,15630,8764,6866,6204.1,False,False
6448.07,111 St & Roosevelt Ave,40.75147,-73.8557,2024-01-01,2025-12-31,24,7946,2329,5617,8720.7,False,False
6450.05,8 Ave & W 31 St,40.7505853470215,-73.9946848154068,2024-01-01,2025-12-31,24,255166,140671,114495,1052.3,True,True
6450.12,8 Ave & W 33 St,40.751551,-73.993934,2024-01-01,2025-12-31,14,76107,3906,72201,1050.7,True,True
6451.07,34 Ave & 74 St,40.75297,-73.89236,2024-01-01,2025-12-31,24,20160,10505,9655,5628.8,False,False
6453.02,34 St & 38 Ave,40.752443,-73.929737,2024-01-01,2025-12-31,23,16867,8846,8021,2544.9,False,False
6457.06,104 St & 38 Ave,40.75138,-73.86242,2024-01-01,2025-12-31,24,4153,2209,1944,8157.8,False,False
6459.04,10 Ave & W 28 St,40.75066386,-74.00176802,2024-01-01,2025-12-31,24,164064,80858,83206,486.8,True,True
6459.07,W 30 St & 10 Ave,40.752694,-74.002353,2024-01-01,2025-12-31,24,231236,112793,118443,374.0,True,True
6460.06,62 St & 34 Ave,40.75201,-73.89986,2024-01-01,2025-12-31,24,5834,2960,2874,5017.0,False,False
6462.05,40 Ave & Crescent St,40.7535992020056,-73.93795609474182,2024-01-01,2025-12-31,24,19639,9889,9750,1846.2,False,False
6462.09,29 St & 40 Ave,40.75217,-73.93588,2024-07-19,2025-07-02,13,6127,3496,2631,2065.8,False,False
6462.19,28 St & 41 Ave,40.751047,-73.93797,2024-08-08,2025-12-31,17,30572,7934,22638,1956.8,False,False
6464.08,E 45 St & 3 Ave,40.75255434,-73.97282625,2024-01-01,2025-12-31,24,61085,31192,29893,548.6,True,True
6464.09,E 44 St & Lexington Ave,40.752643,-73.974996,2024-01-01,2025-12-31,24,144748,76233,68515,712.2,True,True
6465.04,95 St & 35 Ave,40.75301,-73.87266,2024-01-01,2025-12-31,24,5794,2937,2857,7280.5,False,False
6468.01,54 St & 37 Ave,40.75098,-73.90799,2024-01-01,2025-12-31,24,3856,1955,1901,4363.3,False,False
6471.02,21 St & Queens Plaza North,40.75325964,-73.94335788,2024-01-01,2025-12-31,24,33550,15870,17680,1441.0,False,False
6474.11,E 40 St & 5 Ave,40.752062307,-73.9816324043,2024-01-01,2025-12-31,24,148135,69854,78281,1146.8,True,True
6475.07,86 St & 35 Ave,40.7523,-73.88093,2024-01-01,2025-12-31,24,11661,6050,5611,6594.8,False,False
6483.06,W 36 St & 7 Ave,40.752149,-73.989539,2024-01-01,2025-12-31,24,81288,37341,43947,1344.9,True,True
6486.07,38 St & Northern Blvd,40.752372,-73.925384,2024-01-01,2025-12-31,24,9019,4722,4297,2900.1,False,False
6490.02,108 St & 39 Ave,40.75165,-73.85915,2024-01-02,2025-12-31,24,3774,1841,1933,8429.1,False,False
6492.04,W 33 St & 10 Ave,40.753773368360385,-73.99937599897385,2024-01-01,2025-12-31,24,121571,58617,62954,530.8,True,True
6492.08,9 Ave & W 33 St,40.752568,-73.996765,2024-01-16,2025-12-31,24,250842,115992,134850,788.2,True,True
6493.03,34 Ave & 71 St,40.75257,-73.89538,2024-01-01,2025-12-31,24,17028,8226,8802,5381.8,False,False
6495.17,31 St & Northern Blvd,40.75186951421875,-73.93349289894103,2024-01-01,2025-12-31,24,31685,15803,15882,2265.4,False,False
6498.09,E 47 St & 1 Ave,40.75206862,-73.96784384,2024-01-01,2025-12-31,24,70071,35072,34999,175.9,True,True
6498.10,E 47 St & 2 Ave,40.75323098,-73.97032517,2024-01-01,2025-12-31,24,117206,57958,59248,420.7,True,True
6499.06,100 St & 37 Ave,40.75243,-73.86717,2024-01-01,2025-12-31,24,3327,1695,1632,7747.5,False,False
6502.01,55 St & Northern Blvd,40.75326,-73.90585,2024-01-01,2025-12-31,24,10927,4601,6326,4496.7,False,False
6505.01,24 St & 41 Ave,40.7527085,-73.9397405,2025-07-02,2025-12-31,6,5018,0,5018,1742.8,False,False
6505.09,24 St & 41 Ave,40.752474,-73.939991,2024-01-01,2024-07-19,7,6889,6889,0,1734.4,False,False
6509.07,92 St & 35 Ave,40.7529,-73.87536,2024-01-01,2025-12-31,24,6286,3167,3119,7054.9,False,False
6511.03,50 St & Northern Blvd,40.753441,-73.912402,2024-01-01,2025-12-31,24,14551,7009,7542,3947.5,False,False
6514.08,Vernon Blvd & 41 Rd,40.7552433,-73.9485678,2024-01-01,2025-12-31,24,17056,8448,8608,949.9,False,False
6515.01,Mets Plaza at Citi Field,40.75521,-73.84672,2024-03-14,2025-12-31,22,10315,4875,5440,9446.7,False,False
6517.08,W 42 St & 6 Ave,40.75492,-73.98455,2024-01-02,2025-12-28,24,135488,71280,64208,1408.4,True,True
6518.08,34 Ave & 83 St,40.75375,-73.88423,2024-01-01,2024-11-25,10,7915,7915,0,6301.2,False,False
6518.13,34 Ave & 83 St,40.753935004830225,-73.88390148299196,2024-11-25,2025-12-31,14,11302,596,10706,6326.9,False,False
6520.06,43 St & 35 Ave,40.754139,-73.919543,2024-01-01,2025-12-31,24,11895,5597,6298,3340.6,False,False
6520.07,42 Pl & Northern Blvd,40.753091,-73.920603,2024-01-01,2025-12-31,24,12816,6762,6054,3274.2,False,False
6524.01,114 St & 39 Ave,40.7532,-73.853,2024-01-02,2025-12-30,24,2280,1226,1054,8931.2,False,False
6524.09,37 Ave & 113 St,40.75475,-73.8549,2024-01-01,2025-12-28,24,1846,877,969,8760.3,False,False
6526.01,W 35 St & 8 Ave,40.752762088742045,-73.99280458705107,2024-01-01,2025-12-31,24,90856,52882,37974,1069.9,True,True
6526.05,8 Ave & W 38 St,40.75461,-73.99177,2024-01-01,2025-12-31,24,199754,95320,104434,1054.6,True,True
6527.07,75 St & Northern Blvd,40.75473,-73.8918,2024-01-01,2025-12-31,24,4771,2235,2536,5655.5,False,False
6529.02,37 Ave & 35 St,40.7531106,-73.9279917,2024-01-01,2025-12-31,24,16805,7640,9165,2666.7,False,False
6532.06,E 51 St & 1 Ave,40.75455731,-73.96592976,2024-01-01,2025-12-31,24,88807,41359,47448,209.5,True,True
6533.02,37 Ave & 106 St,40.75397,-73.862,2024-01-01,2025-12-31,24,3565,1546,2019,8168.0,False,False
6535.04,W 34 St & Hudson Blvd E,40.75516719072139,-74.00059908628464,2024-01-01,2025-12-31,24,164395,88255,76140,365.3,True,True
6536.02,62 St & Northern Blvd,40.754176,-73.900318,2024-01-01,2025-12-31,24,4753,2500,2253,4946.6,False,False
6538.11,38 Ave & 29 St,40.75473,-73.93367,2024-01-01,2025-12-31,24,22820,11125,11695,2158.8,False,False
6541.03,E 48 St & 3 Ave,40.7546011026,-73.971878855,2024-01-01,2025-12-31,23,94772,49142,45630,615.9,True,True
6542.05,99 St & 35 Ave,40.75404,-73.86887,2024-01-01,2025-12-31,24,3703,2029,1674,7589.5,False,False
6545.07,Broadway & 51 St,40.754164,-73.908906,2024-01-01,2025-12-31,24,12861,6711,6150,4227.7,False,False
6551.02,W 44 St & 5 Ave,40.75500254,-73.98014437,2024-01-01,2025-12-31,24,103223,52874,50349,1218.6,True,True
6551.11,E 43 St & Madison Ave,40.75354681867074,-73.97896572947502,2024-01-01,2025-12-31,24,169711,87790,81921,1052.7,True,True
6551.16,E 46 St & Madison Ave,40.755393,-73.977601,2025-05-08,2025-12-31,8,26072,0,26072,1057.4,True,True
6552.07,34 Ave & 89 St,40.75437,-73.87833,2024-01-01,2025-12-31,24,23406,11330,12076,6791.1,False,False
6554.05,34 Ave & 48 St,40.75388,-73.914952,2024-01-01,2025-12-31,24,14936,7592,7344,3727.4,False,False
6560.01,Broadway & W 41 St,40.75513557,-73.98658032,2024-01-01,2025-12-28,23,117568,65407,52161,1375.2,True,True
6560.14,W 40 St & 7 Ave,40.754818,-73.988154,2024-01-02,2025-12-28,24,80650,37155,43495,1298.8,True,True
6560.15,Broadway & W 38 St,40.7529728216068,-73.98734897375107,2024-01-01,2025-12-31,24,128166,62559,65607,1469.1,True,True
6561.01,81 St & 34 Ave,40.75374,-73.88604,2024-01-01,2025-12-31,24,25754,13275,12479,6149.4,False,False
6563.12,35 Ave & 37 St,40.7557327,-73.9236611,2024-01-01,2025-12-31,24,28520,14391,14129,2971.2,False,False
6566.01,Southpoint Park,40.75370225419114,-73.95865201950072,2024-01-01,2025-12-31,24,18819,9829,8990,351.9,False,False
6567.03,111 St & 37 Ave,40.75397,-73.85748,2024-01-01,2025-12-31,24,2393,1266,1127,8548.3,False,False
6569.07,W 36 St & 9 Ave,40.75462324029105,-73.99516761302948,2024-01-01,2025-12-31,24,68213,34799,33414,797.9,True,True
6569.08,W 35 St & Dyer Ave,40.754691750226016,-73.99740189313889,2024-01-01,2025-09-02,21,43917,24794,19123,627.3,True,True
6569.09,W 35 St & 9 Ave,40.75414519263519,-73.9960889518261,2024-01-01,2025-12-31,24,60689,28216,32473,753.5,True,True
6570.06,72 St & Northern Blvd,40.75473,-73.89458,2024-01-01,2025-12-31,24,8407,4170,4237,5422.0,False,False
6572.08,36 Ave & 31 St,40.75651272984955,-73.92957486212252,2024-01-01,2025-12-31,24,42724,21221,21503,2465.6,False,False
6575.03,E 51 St & 2 Ave,40.755293,-73.967641,2024-01-01,2025-12-31,23,83695,46018,37677,374.2,True,True
6576.07,102 St & 34 Ave,40.75584,-73.86621,2024-01-01,2025-12-31,24,4186,1957,2229,7801.4,False,False
6578.01,W 34 St & 11 Ave,40.75594159,-74.0021163,2024-01-01,2025-12-31,24,116889,56275,60614,212.0,True,True
6579.03,58 St & 32 Ave,40.75574,-73.903427,2024-01-01,2025-12-31,24,6971,3971,3000,4669.0,False,False
6581.14,24 St & 38 Ave,40.756351,-73.936515,2024-01-01,2025-10-22,22,14676,8350,6326,1888.4,False,False
6584.12,E 47 St & Park Ave,40.75510267,-73.97498696,2024-01-01,2025-12-31,24,145455,77176,68279,860.1,True,True
6585.11,34 Ave & Junction Blvd,40.75502,-73.87285,2024-01-01,2025-12-31,24,9989,5136,4853,7247.1,False,False
6587.04,Broadway & 49 St,40.755389,-73.911517,2024-01-01,2025-12-31,24,7673,4439,3234,3993.1,False,False
6593.14,W 43 St & 6 Ave,40.75527307,-73.98316936,2024-01-01,2025-12-31,24,66464,32918,33546,1317.8,True,True
6593.15,6 Ave & W 45 St,40.756951,-73.982631,2024-01-02,2025-12-28,24,128698,65797,62901,1133.6,True,True
6594.02,85 St & Northern Blvd,40.75601,-73.88266,2024-01-01,2025-12-31,24,10409,5249,5160,6414.7,False,False
6596.10,34 Ave & 45 St,40.754795,-73.917014,2024-01-01,2025-12-31,24,15516,7393,8123,3540.6,False,False
6599.01,Roosevelt Island Tramway,40.757284,-73.9536,2024-01-01,2025-12-31,24,49761,26333,23428,469.4,False,False
6602.03,W 41 St & 8 Ave,40.75640548,-73.9900262,2024-01-02,2025-12-28,24,215034,108283,106751,1063.9,True,True
6602.05,W 42 St & 8 Ave,40.7575699,-73.99098507,2024-01-01,2025-12-31,24,117358,56993,60365,917.7,True,True
6603.06,32 Ave & 77 St,40.75727,-73.89024,2024-01-01,2025-12-31,24,4864,2011,2853,5769.7,False,False
6603.07,78 St & Northern Blvd,40.75499,-73.88905,2024-01-01,2025-12-31,24,17916,8378,9538,5884.3,False,False
6605.08,34 St & 35 Ave,40.7569332,-73.9262231,2024-01-01,2025-12-31,23,20107,11367,8740,2742.0,False,False
6608.09,E 54 St & 1 Ave,40.756265,-73.964179,2024-01-01,2025-12-31,24,101958,49842,52116,190.3,True,True
6609.03,34 Ave & 108 St,40.75614,-73.86084,2024-01-01,2025-12-31,24,4369,2111,2258,8252.5,False,False
6611.02,W 37 St & 10 Ave,40.75660359,-73.9979009,2024-01-01,2025-12-31,24,165386,76391,88995,493.6,True,True
6611.07,Hudson Blvd W & W 36 St,40.75676475086503,-73.99971440439913,2024-01-01,2025-12-31,24,64891,29255,35636,348.9,True,True
6612.09,71 St & 32 Ave,40.75675,-73.89595,2024-01-01,2025-12-31,24,8447,4478,3969,5291.0,False,False
6614.01,28 St & 36 Ave,40.757186,-73.932719,2024-01-01,2025-12-31,24,24871,12840,12031,2193.9,False,False
6617.02,E 53 St & 3 Ave,40.75763227739443,-73.96930575370789,2024-01-01,2025-12-31,24,102556,48938,53618,586.5,True,True
6617.09,E 53 St & Lexington Ave,40.75828065,-73.97069431,2024-01-01,2025-12-31,24,93518,48342,45176,583.7,True,True
6618.02,100 St & Northern Blvd,40.75748,-73.86843,2024-01-01,2025-12-31,24,4252,1884,2368,7607.8,False,False
6621.06,31 Ave & 57 St,40.757357,-73.904726,2024-01-01,2025-12-31,24,8652,4321,4331,4548.5,False,False
6626.01,E 48 St & 5 Ave,40.75724567911726,-73.97805914282799,2024-01-01,2025-12-31,24,109444,56589,52855,923.1,True,True
6626.11,W 48 St &  Rockefeller Plaza,40.75776935448309,-73.97929430007935,2024-01-01,2025-12-31,24,71485,34448,37037,918.0,True,True
6627.12,93 St & Northern Blvd,40.7564,-73.87504,2024-01-01,2025-12-31,24,8608,4370,4238,7054.6,False,False
6629.06,48 St & Broadway,40.755763,-73.912715,2024-01-01,2025-12-31,24,31468,15832,15636,3888.4,False,False
6633.01,Shea Rd & Boat Basin Pl,40.75777,-73.84887,2024-03-14,2025-12-30,22,3970,1732,2238,9256.6,False,False
6636.04,32 Ave & 84 St,40.75793,-73.88401,2024-01-01,2025-12-31,24,4073,2231,1842,6292.9,False,False
6638.01,34 Ave & 38 St,40.756913,-73.921631,2024-01-01,2025-01-03,13,18587,18535,52,3128.1,False,False
6638.08,34 Ave & 38 St,40.75717,-73.92175,2025-01-03,2025-12-31,12,13740,0,13740,3116.0,False,False
6642.08,34 Ave & 113 St,40.75696,-73.85612,2024-01-01,2025-12-31,24,2937,1336,1601,8647.2,False,False
6644.07,W 42 St & Dyer Ave,40.75898481399634,-73.99379968643188,2024-01-01,2025-12-31,24,90971,44764,46207,636.6,True,True
6644.08,9 Ave & W 39 St,40.756403523272496,-73.99410143494606,2024-01-01,2025-12-31,24,133285,64454,68831,788.9,True,True
6645.06,32 Ave & 75 St,40.75704,-73.8924,2024-01-01,2025-12-31,23,5148,3102,2046,5588.7,False,False
6650.07,E 55 St & 2 Ave,40.75797322,-73.96603308,2024-01-01,2025-12-31,24,109739,52459,57280,364.2,True,True
6651.01,104 St & Northern Blvd,40.75755,-73.86454,2024-01-01,2025-12-31,24,4113,2302,1811,7935.6,False,False
6654.05,31 Ave & 61 St,40.757525,-73.901614,2024-01-01,2025-12-31,24,5894,2403,3491,4810.0,False,False
6656.05,21 St & 38 Ave,40.7576314,-73.9391224,2024-01-01,2025-12-31,24,7654,4021,3633,1651.5,False,False
6659.01,E 51 St & Lexington Ave,40.75714758,-73.97207836,2024-01-01,2025-12-31,24,72116,34925,37191,750.6,True,True
6659.03,E 53 St & Madison Ave,40.7597108,-73.97402311,2024-01-02,2025-12-31,24,71682,35125,36557,577.0,True,True
6659.09,Madison Ave & E 51 St,40.75863,-73.97513,2024-01-01,2025-12-31,24,50968,24903,26065,705.5,True,True
6659.10,E 50 St & Park Ave,40.757334,-73.974235,2024-01-01,2025-12-31,24,46050,20632,25418,820.5,True,True
6660.05,99 St & 32 Ave,40.75896,-73.86976,2024-01-01,2025-12-31,24,2644,1354,1290,7493.4,False,False
6660.07,96 St & Northern Blvd,40.75712,-73.8722,2024-01-01,2025-12-31,24,5763,2289,3474,7291.0,False,False
6662.01,49 St & 31 Ave,40.758057,-73.909831,2024-01-01,2025-12-31,24,17761,9037,8724,4115.4,False,False
6662.09,51 St & Hobart St,40.75767234025041,-73.90769943594933,2024-01-01,2025-12-31,24,11639,5855,5784,4296.5,False,False
6664.05,40 Ave & 9 St,40.75742,-73.945133,2024-01-01,2025-12-31,24,14891,7344,7547,1152.0,False,False
6667.04,W 47 St & 6 Ave,40.758397,-73.98255,2024-01-01,2025-06-17,18,51212,36987,14225,990.5,True,True
6667.12,W 47 St & 6 Ave,40.758154,-73.981957,2025-07-16,2025-12-29,6,18653,0,18653,989.7,True,True
6668.06,90 St & 32 Ave,40.75836,-73.87824,2024-01-01,2025-12-31,24,9306,4741,4565,6778.7,False,False
6670.03,43 St & Broadway,40.7577284,-73.9166368,2024-01-01,2025-12-31,24,21993,11184,10809,3543.1,False,False
6676.02,W 45 St & 8 Ave,40.75929124,-73.98859651,2024-01-01,2025-12-31,24,157002,76462,80540,960.7,True,True
6677.03,32 Ave & 81 St,40.75763,-73.88682,2024-01-01,2025-12-31,24,8409,4267,4142,6056.8,False,False
6679.11,35 St & 34 Ave,40.7580583,-73.9242751,2024-01-01,2025-12-31,24,20756,11411,9345,2897.8,False,False
6682.03,E 58 St & 1 Ave (NE Corner),40.75892386377695,-73.96226227283478,2024-01-01,2025-12-31,24,59011,30210,28801,100.3,True,True
6682.08,E 60 St & York Ave,40.759107,-73.959223,2024-01-01,2025-12-31,24,44535,24007,20528,10.1,False,True
6683.01,112 St & Northern Blvd,40.75788,-73.85763,2024-01-01,2025-12-31,24,3812,1930,1882,8517.7,False,False
6686.07,72 St & 31 Ave,40.7584,-73.89531,2024-03-14,2025-12-31,22,7695,3426,4269,5339.0,False,False
6688.01,Crescent St & 35 Ave,40.7596276,-73.9321455,2024-01-01,2025-12-31,24,19164,9582,9582,2232.1,False,False
6691.11,E 56 St & 3 Ave,40.75934501,-73.96759673,2024-01-01,2025-12-31,24,102797,51575,51222,350.4,True,True
6692.03,104 St & 32 Ave,40.75951,-73.86491,2024-01-01,2025-12-31,24,4596,2311,2285,7902.6,False,False
6700.01,W 52 St & 5 Ave,40.75992262,-73.97648516,2024-01-01,2025-12-31,24,82868,40876,41992,598.8,True,True
6700.14,W 51 St & Rockefeller Plaza,40.75973805251143,-73.97811613976955,2024-01-01,2025-12-31,24,54209,28257,25952,679.5,True,True
6701.05,Jackson Mill Rd & 93 St,40.75874,-73.87535,2024-01-01,2025-12-31,24,5631,2930,2701,7022.1,False,False
6703.06,46 St & 30 Rd,40.76072,-73.910989,2024-01-01,2025-12-31,24,12582,6591,5991,4019.7,False,False
6708.04,Broadway & W 48 St,40.76017739537783,-73.98486793041229,2024-01-04,2025-12-29,24,151315,74927,76388,913.2,True,True
6709.01,31 Ave & 84 St,40.75947,-73.88431,2024-01-01,2025-12-31,24,5030,2334,2696,6266.3,False,False
6709.05,31 Ave & 86 St,40.75958,-73.88219,2024-01-01,2025-12-31,24,5099,2528,2571,6445.2,False,False
6711.13,Steinway St & Broadway,40.75905795418586,-73.91897544264793,2024-01-01,2025-12-31,24,69587,34516,35071,3342.4,False,False
6717.06,9 Ave & W 45 St,40.76019252,-73.9912551,2024-01-01,2025-12-31,24,148088,72898,75190,719.1,True,True
6718.02,77 St & 31 Ave,40.75886,-73.89081,2024-01-01,2025-12-31,24,11301,5822,5479,5718.0,False,False
6720.07,34 Ave & 31 St,40.759604471387945,-73.92714411020279,2024-01-01,2025-12-31,23,20519,8879,11640,2653.8,False,False
6723.10,E 58 St & 1 Ave (NW Corner),40.759125,-73.962658,2024-01-01,2025-12-31,24,108582,56348,52234,97.3,True,True
6724.01,107 St & 32 Ave,40.75996,-73.86224,2024-01-02,2025-12-31,24,3461,1662,1799,8128.2,False,False
6726.01,11 Ave & W 41 St,40.76030096,-73.99884222,2024-01-03,2025-12-31,24,257083,127582,129501,221.2,True,True
6727.02,30 Ave & 70 St,40.76013,-73.89741,2024-01-01,2025-12-31,24,6615,3588,3027,5162.4,False,False
6729.02,21 St & 36 Ave,40.7601853,-73.9362726,2024-01-05,2025-12-31,24,11984,6353,5631,1886.9,False,False
6732.01,E 56 St & Madison Ave,40.761573,-73.972628,2024-01-01,2025-12-31,24,74357,37508,36849,344.8,True,True
6733.01,99 St & Astoria Blvd,40.76196,-73.87042,2024-01-01,2025-12-31,24,4473,1957,2516,7444.2,False,False
6735.03,50 St & 30 Ave,40.760083,-73.907107,2024-01-01,2025-12-31,24,14847,6636,8211,4344.6,False,False
6737.03,36 Ave & 10 St,40.7614376,-73.9411265,2024-01-01,2025-12-31,24,17045,9555,7490,1495.6,False,False
6740.01,W 52 St & 6 Ave,40.76132983124814,-73.97982001304626,2024-01-02,2025-12-29,24,71103,37416,33687,595.3,True,True
6740.10,W 51 St & 6 Ave,40.7606597,-73.98042047,2024-01-01,2025-12-29,24,96712,49250,47462,684.7,True,True
6741.03,91 St & 31 Ave,40.76022,-73.87774,2024-01-01,2025-12-31,24,4594,2219,2375,6821.4,False,False
6743.06,Newton Rd & 44 St,40.7595701,-73.9142678,2024-01-01,2025-12-31,24,15806,7654,8152,3739.7,False,False
6747.06,W 49 St & 8 Ave,40.76227205,-73.98788205,2024-01-01,2025-12-31,24,105844,58745,47099,847.2,True,True
6747.07,8 Ave & W 49 St,40.76171227910671,-73.98655101656914,2024-01-01,2025-12-31,24,182154,83068,99086,838.1,True,True
6748.04,82 St & 30 Ave,40.76109,-73.88632,2024-01-01,2025-12-31,24,5380,2779,2601,6100.4,False,False
6750.16,35 St & Broadway,40.760339,-73.9222427,2024-01-01,2025-12-31,24,30934,15125,15809,3069.6,False,False
6753.08,1 Ave & E 62 St,40.7612274,-73.96094022,2024-01-01,2025-12-31,20,140276,54700,85576,100.5,False,False
6756.01,W 43 St & 10 Ave,40.76009437,-73.99461843,2024-01-01,2025-12-31,24,204617,101266,103351,503.4,True,True
6756.05,W 44 St & 11 Ave,40.762009,-73.996975,2024-01-01,2025-12-31,24,149496,78410,71086,215.8,True,True
6757.03,73 St & 25 Ave,40.76205,-73.895,2024-01-01,2025-12-31,24,4862,2450,2412,5374.1,False,False
6759.15,Crescent St & 34 Ave,40.76108,-73.930562,2024-01-01,2025-12-31,24,26721,13999,12722,2374.7,False,False
6762.02,E 58 St & 3 Ave,40.76095756,-73.96724467,2024-01-01,2025-12-31,24,142162,71649,70513,181.4,True,True
6762.04,3 Ave & E 62 St,40.76312584,-73.96526895,2024-01-01,2024-06-18,6,18007,18007,0,109.5,False,False
6763.08,31 Ave & 103 St,40.76134,-73.86666,2024-01-01,2025-12-31,24,2873,1457,1416,7758.7,False,False
6765.01,12 Ave & W 40 St,40.76087502,-74.00277668,2024-01-01,2025-12-31,24,206212,105777,100435,7.6,True,True
6766.03,Bulova Ave & Brooklyn Queens Expressway W,40.762507,-73.902534,2024-01-01,2025-12-31,24,27279,12725,14554,4743.7,False,False
6771.13,W 54 St & 6 Ave,40.761865,-73.977242,2024-01-01,2025-12-31,24,58630,29024,29606,438.2,True,True
6772.11,30 Ave & 96 St,40.76086,-73.87308,2024-01-01,2025-12-31,24,4289,1794,2495,7215.9,False,False
6774.13,30 Ave & 47 St,40.761294,-73.909562,2024-01-01,2025-12-31,24,15794,7826,7968,4143.1,False,False
6779.04,Broadway & W 51 St,40.76228826,-73.98336183,2024-01-01,2024-11-13,11,53800,53800,0,647.5,True,True
6779.05,Broadway & W 53 St,40.76344058,-73.98268129,2024-01-01,2025-12-29,24,129848,64290,65558,508.3,True,True
6779.07,W 51 St & 7 Ave,40.76167,-73.98256,2024-11-13,2025-10-29,12,41549,3982,37567,674.5,True,True
6780.06,87 St & 30 Ave,40.76156,-73.88167,2024-01-31,2025-12-31,24,3531,1507,2024,6494.3,False,False
6782.01,31 Ave & Steinway St,40.7611488,-73.9170071,2024-01-01,2025-12-31,24,43226,21194,22032,3515.3,False,False
6786.02,W 47 St & 9 Ave,40.76153045158114,-73.99007007479668,2024-01-01,2025-12-05,24,110884,56282,54602,728.2,True,True
6787.02,30 Ave & 80 St,40.76109,-73.88838,2024-01-01,2025-12-31,24,4177,2209,1968,5926.8,False,False
6789.08,Broadway & 31 St,40.76194,-73.92513,2025-08-06,2025-12-31,5,16918,0,16918,2840.1,False,False
6789.20,31 St & Broadway,40.76211,-73.92523,2024-02-02,2025-07-01,18,57363,38089,19274,2833.8,False,False
6793.01,Ditmars Blvd & 31 Dr,40.76138,-73.86035,2024-01-01,2025-12-30,23,1830,884,946,8290.8,False,False
6795.01,W 46 St & 11 Ave,40.76341379,-73.99667444,2024-01-01,2025-12-31,24,84483,41489,42994,141.7,True,True
6798.01,34 Ave & 21 St,40.7628138,-73.9342862,2024-01-01,2025-12-31,24,15132,7587,7545,2090.7,False,False
6801.01,E 59 St & Madison Ave,40.76350532,-73.97109243,2024-01-01,2024-07-30,7,24113,24113,0,95.2,True,True
6801.16,E 61 St & Madison Ave,40.764752828526326,-73.97037800510203,2024-07-30,2025-12-31,18,53497,16158,37339,54.6,False,False
6804.01,49 St & 25 Ave,40.764496,-73.904632,2024-01-01,2025-12-31,24,7771,3908,3863,4590.4,False,False
6806.06,35 Ave & 10 St,40.76315481910373,-73.93985509872437,2024-01-01,2025-12-31,24,25234,13047,12187,1642.2,False,False
6809.07,W 56 St & 6 Ave,40.76340613,-73.97722479,2024-01-01,2025-12-31,24,109739,56547,53192,288.5,True,True
6809.09,W 55 St & 6 Ave,40.763189,-73.978434,2024-01-01,2025-12-29,24,96766,50134,46632,358.9,True,True
6810.01,92 St & Astoria Blvd,40.76313,-73.8772,2024-01-01,2025-12-31,24,3658,2013,1645,6880.0,False,False
6812.06,30 Ave & 41 St,40.763422,-73.914142,2024-01-01,2025-12-31,24,31506,16273,15233,3779.7,False,False
6814.01,Motorgate,40.7639089,-73.9477213,2024-01-01,2025-12-30,24,44085,23630,20455,1058.1,False,False
6816.07,8 Ave & W 52 St,40.76370739,-73.9851615,2024-01-01,2025-12-31,24,143049,67538,75511,591.0,True,True
6817.15,25 Ave & 85 St,40.76328,-73.88404,2024-01-01,2025-12-31,24,4821,2369,2452,6305.5,False,False
6819.15,31 Ave & 34 St,40.763154,-73.920827,2024-01-01,2025-12-31,24,43366,21427,21939,3216.8,False,False
6822.09,1 Ave & E 68 St,40.76500525,-73.95818491,2024-01-01,2025-12-31,22,194151,83391,110760,578.3,False,False
6824.07,W 47 St & 10 Ave,40.76269882,-73.99301222,2024-01-01,2025-12-31,24,128829,60191,68638,448.7,True,True
6825.03,77 St & 24 Ave,40.76428,-73.89156,2024-01-01,2025-12-31,24,6249,3143,3106,5683.1,False,False
6827.11,Crescent St & Broadway,40.7633589,-73.9286471,2024-01-01,2025-12-31,24,50765,24002,26763,2569.2,False,False
6830.02,E 63 St & 3 Ave,40.763954,-73.9646,2024-01-01,2025-12-31,24,102248,51977,50271,217.1,False,False
6830.04,3 Ave & E 62 St,40.76313,-73.96527,2024-06-18,2025-12-31,19,77331,32102,45229,109.9,False,False
6836.07,34 Ave & 13 St,40.7638753,-73.9364848,2024-01-01,2025-12-31,24,9736,5073,4663,1937.4,False,False
6839.04,E 58 St & Madison Ave,40.76302594280519,-73.97209525108337,2024-01-01,2025-12-31,24,84852,39946,44906,182.5,True,True
6839.10,Grand Army Plaza & Central Park S,40.7643971,-73.97371465,2024-01-01,2024-07-02,7,38795,38795,0,58.8,True,True
6839.15,Central Park S & Grand Army Plaza,40.764555,-73.973473,2024-07-02,2025-12-31,17,120230,49065,71165,48.0,True,True
6840.02,98 St & 25 Ave,40.76454,-73.87171,2024-01-01,2025-12-30,24,2048,1196,852,7353.2,False,False
6842.02,46 St & 28 Ave,40.763328,-73.908782,2024-01-01,2025-12-31,24,13327,6729,6598,4227.5,False,False
6847.02,Broadway & W 56 St,40.7652654,-73.98192338,2024-01-01,2025-12-29,24,122782,74692,48090,300.9,True,True
6847.05,7 Ave & W 55 St,40.764126,-73.980973,2024-01-01,2025-12-29,24,98857,52651,46206,372.2,True,True
6848.04,88 St & Astoria Blvd,40.76424,-73.8812,2024-01-01,2025-12-29,24,3851,2007,1844,6552.7,False,False
6850.01,38 St & 30 Ave,40.764174520197685,-73.91583994030952,2024-01-01,2025-12-31,24,46304,22728,23576,3649.4,False,False
6854.05,W 50 St & 9 Ave,40.763604677958625,-73.98917958140373,2024-01-01,2025-12-31,24,98446,45700,52746,682.5,True,True
6855.02,81 St & 24 Ave,40.76466,-73.88803,2024-01-01,2025-12-31,23,2894,1313,1581,5983.6,False,False
6857.09,31 Ave & 30 St,40.7647,-73.9240312,2024-01-01,2025-12-31,24,36737,15900,20837,2979.9,False,False
6860.12,E 65 St & 2 Ave,40.76471851944339,-73.96222069859505,2024-01-01,2025-12-31,24,78348,42016,36332,391.2,False,False
6865.03,21 St & 31 Dr,40.7659,-73.930819,2024-01-01,2025-12-31,24,26994,13427,13567,2459.5,False,False
6869.06,Butler St & 27 Ave,40.76521,-73.86483,2024-01-01,2025-12-31,24,3219,1611,1608,7937.6,False,False
6869.10,Gillmore St & 27 Ave,40.76399,-73.8669,2024-01-01,2025-12-31,24,2995,1627,1368,7753.1,False,False
6873.01,34 Ave & Vernon Blvd,40.76535380385866,-73.93986314535141,2024-01-01,2025-12-31,24,25782,12158,13624,1723.1,False,False
6876.04,Central Park S & 6 Ave,40.76590936,-73.97634151,2024-01-01,2025-12-31,24,211580,102545,109035,10.3,True,True
6877.05,Jackson Mill Rd & 24 Ave,40.76619,-73.87561,2024-01-01,2025-12-31,24,3399,1744,1655,7043.2,False,False
6877.06,25 Ave & 96 St,40.76447,-73.87369,2024-01-02,2025-12-30,24,1714,834,880,7186.1,False,False
6879.04,28 Ave & 44 St,40.76408932350688,-73.91065120697021,2024-01-01,2025-12-31,24,20649,10794,9855,4081.2,False,False
6884.03,W 56 St & 8 Ave,40.765959181657976,-73.98313522338867,2024-01-01,2025-12-29,24,127634,62441,65193,290.1,True,True
6885.01,24 Ave & 87 St,40.7654,-73.88256,2024-01-01,2025-12-30,24,2422,986,1436,6450.9,False,False
6887.03,35 St & 30 Ave,40.76547569244953,-73.91811579465866,2024-01-01,2025-12-31,24,35686,18093,17593,3485.8,False,False
6889.12,E 72 St & York Ave,40.76663814,-73.95348296,2024-01-01,2025-12-31,24,158739,85651,73088,933.1,False,False
6890.01,W 53 St & 10 Ave,40.76669671,-73.99061728,2024-01-01,2025-12-31,24,125271,60554,64717,421.1,True,True
6890.06,W 50 St & 10 Ave,40.764734200065185,-73.99194359779358,2024-01-01,2025-12-31,22,103973,63492,40481,418.1,True,True
6893.10,31 Ave & Crescent St,40.7658346,-73.9265474,2024-01-01,2025-12-31,24,31705,15556,16149,2803.0,False,False
6896.16,E 68 St & 3 Ave,40.76712840349542,-73.96224617958069,2024-01-01,2025-12-31,24,81170,41005,40165,620.2,False,False
6901.01,Broadway & 12 St,40.7668,-73.9347774,2024-01-01,2025-12-31,24,19433,9022,10411,2180.4,False,False
6904.06,5 Ave & E 63 St,40.766368,-73.971518,2024-01-01,2025-12-31,24,77280,40797,36483,164.5,False,False
6905.02,100 St & Humphreys St,40.76574,-73.87012,2024-01-01,2025-12-31,24,2155,1216,939,7498.6,False,False
6907.03,46 St & 25 Ave,40.765753,-73.90676,2024-01-01,2025-12-31,24,10830,5573,5257,4433.2,False,False
6912.01,7 Ave & Central Park South,40.7667405590595,-73.9790689945221,2024-01-01,2025-12-31,24,218398,103452,114946,41.5,True,True
6913.03,24 Ave & 92 St,40.76589,-73.87789,2024-01-01,2025-12-29,24,1821,882,939,6848.4,False,False
6915.02,Steinway St & 28 Ave,40.7656251,-73.9136695,2024-01-01,2025-12-31,24,43974,22264,21710,3857.0,False,False
6920.03,W 54 St & 9 Ave,40.76584941,-73.98690506,2024-01-01,2024-05-22,5,21021,21021,0,509.5,True,True
6920.05,W 54 St & 9 Ave,40.76604,-73.98737,2024-05-22,2025-12-31,20,116170,47218,68952,509.6,True,True
6921.04,23 Ave & 83 St,40.76646,-73.88674,2024-01-01,2025-12-31,24,4009,1904,2105,6114.9,False,False
6923.20,31 St & Newtown Ave,40.7675487799971,-73.9209334552288,2024-01-01,2025-12-31,24,75203,37917,37286,3310.2,False,False
6925.09,2 Ave & E 72 St,40.7687620293096,-73.95840793848038,2024-01-01,2025-12-31,24,147982,75933,72049,937.4,False,False
6926.01,W 52 St & 11 Ave,40.76727216,-73.99392888,2024-01-01,2025-12-31,22,83416,33611,49805,142.3,True,True
6927.03,Ditmars Blvd & 76 St,40.768442,-73.893531,2024-01-01,2025-12-31,24,6155,2992,3163,5583.8,False,False
6929.01,23 St & 31 Ave,40.76663971723091,-73.9286595582962,2024-01-01,2025-12-31,24,23659,10800,12859,2657.9,False,False
6932.14,E 67 St & Park Ave,40.76780080148132,-73.96592080593109,2024-01-01,2025-12-31,24,52946,26163,26783,531.3,False,False
6932.15,E 68 St & Madison Ave,40.7691572,-73.96703464,2024-01-01,2025-12-31,24,59666,29452,30214,617.2,False,False
6935.01,Ditmars Blvd & 48 St,40.769219,-73.901001,2024-01-01,2025-12-31,24,8164,3905,4259,4984.4,False,False
6937.07,Vernon Blvd & 10 St,40.7671863,-73.9373554,2024-01-01,2025-10-24,22,24296,14140,10156,2000.4,False,False
6941.03,97 St & 23 Ave,40.7683,-73.87331,2024-01-01,2025-11-12,23,3271,1669,1602,7264.8,False,False
6943.07,25 Ave & 41 St,40.767666,-73.910963,2024-01-01,2025-12-31,24,31987,16443,15544,4127.1,False,False
6948.10,Broadway & W 58 St,40.76695317,-73.98169333,2024-01-01,2025-12-31,24,266098,136381,129717,128.6,True,True
6949.03,91 St & 23 Ave,40.76768,-73.87899,2024-01-01,2025-12-31,24,2825,1611,1214,6780.8,False,False
6951.03,28 Ave & 35 St,40.7671,-73.9169858,2024-01-01,2025-12-31,24,26155,13747,12408,3618.6,False,False
6953.08,E 74 St & 1 Ave,40.7689738,-73.95482273,2024-01-01,2025-12-31,24,125579,60457,65122,1100.1,False,False
6955.01,W 56 St & 10 Ave,40.768254,-73.988639,2024-01-01,2025-12-31,24,108300,55782,52518,345.2,True,True
6955.05,W 54 St & 11 Ave,40.768333,-73.992573,2024-01-01,2025-12-31,24,165933,85959,79974,193.4,True,True
6958.06,Crescent St & 30 Ave,40.768692,-73.9249574,2024-01-01,2025-12-31,24,48424,24248,24176,3027.6,False,False
6960.10,3 Ave & E 71 St,40.76873687,-73.96119945,2024-01-29,2024-06-05,6,9681,9681,0,818.3,False,False
6960.12,3 Ave & E 71 St,40.76879,-73.9614,2024-06-05,2025-12-31,19,52603,21932,30671,814.8,False,False
6964.05,Ditmars Blvd & 73 St,40.76817,-73.896293,2024-01-01,2025-12-31,24,4324,2230,2094,5349.3,False,False
6966.04,31 Ave & 14 St,40.7682,-73.9322662,2024-01-01,2025-12-30,24,24404,11050,13354,2436.4,False,False
6969.08,E 66 St & Madison Ave,40.76800889305947,-73.96845281124115,2024-01-01,2025-12-31,24,45176,21988,23188,448.2,False,False
6970.02,Ditmars Blvd & 102 St,40.76894,-73.86832,2024-01-01,2025-12-31,24,4823,2193,2630,7691.4,False,False
6978.04,Ditmars Blvd & 94 St,40.7702,-73.87587,2024-01-01,2025-12-31,24,7609,3529,4080,7084.2,False,False
6981.16,37 St & 24 Ave,40.7701477,-73.9120938,2024-01-01,2025-12-31,24,14355,7209,7146,4107.0,False,False
6986.07,Columbus Ave & W 59 St,40.76931,-73.98464,2024-05-23,2025-12-31,20,111255,45217,66038,82.2,True,True
6989.07,31 St & Astoria Blvd,40.7699176,-73.9184057,2024-01-01,2025-12-31,24,33367,16499,16868,3593.4,False,False
6991.12,E 75 St & 3 Ave,40.77112927,-73.95772297,2024-01-01,2025-12-31,24,68429,35241,33188,1194.4,False,False
6994.06,Ditmars Blvd & 79 St,40.768728,-73.890745,2024-01-01,2025-12-31,24,6507,3674,2833,5820.6,False,False
6996.01,30 Ave & 21 St,40.7703743,-73.9286078,2024-01-01,2025-12-31,24,15420,8024,7396,2818.0,False,False
6998.08,E 72 St & Park Ave,40.77118287540658,-73.96409422159195,2024-01-01,2025-12-31,24,86138,44984,41154,933.1,False,False
7003.06,Vernon Blvd & 31 Ave,40.7692475,-73.9354504,2024-01-01,2025-12-31,24,35148,17086,18062,2249.5,False,False
7009.02,Steinway St & 23 Ave,40.7713937,-73.9077436,2024-01-01,2025-12-31,24,13973,7009,6964,4498.3,False,False
7009.06,43 St & 23 Ave,40.769673,-73.906018,2024-01-01,2025-12-31,24,11943,5945,5998,4585.4,False,False
7014.12,Broadway & W 61 St,40.77003010255044,-73.9819684624672,2024-01-01,2025-12-31,24,152766,78124,74642,94.9,False,False
7018.01,31 St & Hoyt Ave N,40.7711528,-73.9170074,2024-01-01,2025-12-31,24,27798,13651,14147,3751.0,False,False
7020.02,E 77 St & 1 Ave,40.77095553869235,-73.95356208096926,2024-01-01,2025-12-31,24,147785,73809,73976,1342.9,False,False
7023.04,W 59 St & 10 Ave,40.770513,-73.988038,2024-01-01,2025-12-31,24,122367,57081,65286,101.4,True,True
7023.09,Amsterdam Ave & W 60 St,40.771148122190155,-73.98699113854883,2024-01-01,2024-05-23,5,13914,13914,0,2.4,False,True
7026.08,Newtown Ave & 23 St,40.7713615,-73.9246145,2024-01-01,2025-12-31,24,32606,16386,16220,3168.8,False,False
7028.04,3 Ave & E 72 St,40.7699426,-73.96060712,2024-04-26,2025-12-31,21,57615,23374,34241,958.5,False,False
7032.02,76 St & 21 Ave,40.77028,-73.893675,2024-01-01,2025-12-31,24,6699,3339,3360,5612.9,False,False
7032.06,Hazen St & 20 Ave,40.772092,-73.895166,2024-01-01,2025-12-31,24,5286,2886,2400,5538.6,False,False
7034.09,30 Ave & 12 St,40.771717105208275,-73.93159255385399,2024-01-01,2025-12-31,24,12290,6398,5892,2668.5,False,False
7039.03,Ditmars Blvd & 43 St,40.771203,-73.903865,2024-01-01,2025-12-31,24,22686,12006,10680,4805.4,False,False
7047.07,35 St & 23 Ave,40.77301508291382,-73.91119033098221,2024-01-01,2025-12-31,24,13884,6987,6897,4282.8,False,False
7049.04,E 82 St & East End Ave,40.7724607,-73.9468208,2024-01-01,2025-12-31,23,51051,21166,29885,1775.9,False,False
7052.01,W 63 St & Broadway,40.77163851,-73.98261428,2024-01-01,2025-12-31,24,119383,60081,59302,225.5,False,False
7057.07,E 78 St & 2 Ave,40.7727966,-73.95577801,2024-01-01,2025-12-31,24,58995,28833,30162,1434.6,False,False
7059.01,11 Ave & W 59 St,40.77149671054441,-73.99046033620834,2024-01-01,2025-12-31,24,110211,57775,52436,102.8,True,True
7059.08,West End Ave & W 60 St,40.77237,-73.99005,2024-01-01,2025-12-31,24,184896,93512,91384,1.4,True,True
7060.02,21 Ave & 80 St,40.770888,-73.889914,2024-01-01,2025-12-31,24,4899,2672,2227,5937.1,False,False
7062.07,18 St & 27 Ave,40.772768286288304,-73.92743647098541,2024-01-01,2025-12-31,24,25863,13398,12465,3029.5,False,False
7066.01,20 Ave & 48 St,40.772899,-73.896849,2024-01-01,2025-12-31,24,6195,2897,3298,5425.9,False,False
7068.07,8 St & Astoria Blvd,40.7725996921817,-73.93266275525093,2024-01-01,2025-12-31,24,17228,8759,8469,2645.5,False,False
7074.01,Steinway St & Ditmars Blvd,40.772717,-73.906127,2024-01-01,2025-12-31,24,13025,7178,5847,4673.4,False,False
7079.06,Central Park West & W 68 St,40.7734066,-73.97782542,2024-01-01,2025-12-31,23,157910,83097,74813,589.4,False,False
7082.08,23 Ave & 31 St,40.77423301703027,-73.91274864321404,2024-01-01,2025-12-31,23,33020,18543,14477,4211.8,False,False
7082.14,23 Rd & 31 St,40.77336750284339,-73.91382560133934,2024-01-01,2025-12-31,24,8809,4129,4680,4090.8,False,False
7084.12,E 81 St & York Ave,40.7728384,-73.94989233,2024-01-01,2025-12-31,24,87619,44230,43389,1678.1,False,False
7092.06,E 77 St & 3 Ave,40.77314236,-73.95856158,2024-01-01,2025-12-31,24,96819,45926,50893,1351.0,False,False
7098.05,27 Ave & 9 St,40.7739825,-73.9309134,2024-01-01,2025-12-31,23,17365,7110,10255,2853.8,False,False
7100.07,5 Ave & E 72 St,40.77282817,-73.96685276,2024-01-03,2025-12-31,24,149544,71205,78339,979.8,False,False
7111.10,36 St & Ditmars Blvd,40.774306,-73.908335,2024-01-01,2025-12-31,24,25094,12920,12174,4559.0,False,False
7113.08,East End Ave & E 86 St,40.77518615,-73.94446054,2024-01-01,2025-12-31,23,36050,15308,20742,2137.0,False,False
7116.04,W 67 St & Broadway,40.77492513,-73.98266566,2024-01-01,2025-12-31,24,142380,66378,76002,543.1,False,False
7119.04,24 Ave & 29 St,40.7729,-73.916142,2024-01-01,2025-12-31,24,19854,9942,9912,3890.7,False,False
7121.02,E 80 St & 2 Ave,40.77391390238118,-73.9543953537941,2024-01-18,2025-12-31,24,80878,36582,44296,1595.5,False,False
7121.13,E 81 St & 1 Ave,40.77377781072322,-73.95197331905365,2024-01-01,2024-01-18,1,1123,1123,0,1680.1,False,False
7123.04,W 64 St & Thelonious Monk Circle,40.77515953434235,-73.98918695747852,2024-01-01,2025-12-31,24,126219,62280,63939,304.5,False,False
7126.01,21 St & Hoyt Ave S,40.774645,-73.923706,2024-01-01,2025-12-31,24,32998,17222,15776,3405.7,False,False
7128.08,E 76 St & Park Ave,40.773763,-73.96222088,2024-01-01,2025-12-31,24,80731,38191,42540,1259.1,False,False
7132.08,27 Ave & 3 St,40.77485,-73.9342,2024-01-01,2025-12-31,24,11940,6148,5792,2692.6,False,False
7137.04,Steinway St & 21 Ave,40.774798,-73.903787,2024-01-01,2025-12-31,24,17701,9192,8509,4936.6,False,False
7141.07,Central Park West & W 72 St,40.77579376683666,-73.9762057363987,2024-01-01,2025-12-31,24,148204,76630,71574,886.5,False,False
7144.02,31 St & Ditmars Blvd,40.776168,-73.910485,2024-01-01,2025-12-31,24,69835,36006,33829,4473.5,False,False
7146.04,E 85 St & York Ave,40.77536905,-73.94803392,2024-01-01,2025-12-31,22,58197,35851,22346,1998.7,False,False
7149.05,Amsterdam Ave & W 66 St,40.7746671,-73.98470567,2024-01-01,2025-12-31,24,85521,44755,40766,436.2,False,False
7152.10,24 Ave & 26 St,40.774591,-73.918544,2024-01-01,2025-12-31,24,20726,9933,10793,3785.6,False,False
7154.07,E 81 St & 3 Ave,40.77573034,-73.9567526,2024-01-01,2024-01-16,1,1080,1080,0,1675.0,False,False
7154.10,3 Ave & E 82 St,40.775744,-73.9563752,2024-01-16,2025-12-31,24,102316,46680,55636,1692.3,False,False
7159.08,Astoria Park S & Shore Blvd,40.7767,-73.927631,2024-01-01,2025-12-31,24,31877,16888,14989,3254.1,False,False
7161.08,5 Ave & E 78 St,40.77632142182271,-73.96427392959595,2024-01-01,2025-12-31,24,106646,54757,51889,1422.9,False,False
7163.07,20 Ave & 42 St,40.775415,-73.900063,2024-01-01,2025-12-31,24,7452,3663,3789,5254.8,False,False
7165.01,26 Ave & 2 St,40.77684387,-73.93463418,2024-01-01,2025-12-31,24,12747,5995,6752,2813.2,False,False
7170.04,35 St & 21 Ave,40.776745,-73.906558,2024-01-01,2025-12-31,24,10784,5755,5029,4801.5,False,False
7175.05,Columbus Ave & W 72 St,40.7770575,-73.97898475,2024-01-01,2025-12-31,24,190442,94308,96134,898.0,False,False
7178.02,23 Ave & 27 St,40.776165,-73.9153175,2024-01-01,2025-12-31,24,15824,7739,8085,4107.1,False,False
7180.02,E 84 St & 1 Ave,40.77565541,-73.95068615,2024-01-01,2025-12-31,23,78368,44474,33894,1914.1,False,False
7183.03,Riverside Blvd & W 67 St,40.777507027547976,-73.98888587951659,2024-01-01,2025-12-31,24,134685,72417,62268,544.9,False,False
7186.15,19 St & 24 Ave,40.7774552,-73.9225403,2024-01-01,2025-12-31,24,24165,11796,12369,3653.5,False,False
7188.10,E 81 St & Park Ave,40.77677702,-73.9590097,2024-01-01,2025-12-31,24,49318,24432,24886,1681.7,False,False
7188.13,Madison Ave & E 82 St,40.7781314,-73.96069399,2024-01-01,2025-12-31,24,89185,41575,47610,1744.1,False,False
7196.04,20 Ave & 38 St,40.777112,-73.902382,2024-01-01,2025-12-31,24,15211,8802,6409,5141.0,False,False
7202.07,31 St & 21 Ave,40.77813,-73.90842,2024-01-01,2025-12-31,24,15218,7543,7675,4724.3,False,False
7204.08,E 89 St & York Ave,40.7779453,-73.946041,2024-01-01,2025-12-31,24,75163,39731,35432,2329.4,False,False
7207.08,W 70 St & Amsterdam Ave,40.77748046,-73.98288594,2024-01-01,2025-12-31,24,155249,77001,78248,782.8,False,False
7210.07,21 St & 23 Ave,40.778557,-73.919046,2024-01-01,2025-12-31,24,11065,6159,4906,3966.8,False,False
7212.05,E 85 St & 3 Ave,40.77801203,-73.95407149,2024-01-01,2025-12-31,23,144254,83532,60722,2006.8,False,False
7220.01,Steinway St & 19 Ave,40.778089,-73.899558,2024-01-02,2025-12-31,24,5868,2861,3007,5402.4,False,False
7230.10,W 74 St & Columbus Ave,40.7785669,-73.97754961,2024-01-01,2025-12-31,24,72830,34399,38431,1102.4,False,False
7233.05,Crescent St & Ditmars Blvd,40.7787185,-73.9145645,2024-01-01,2025-12-31,24,14619,7255,7364,4298.6,False,False
7235.13,E 88 St & 1 Ave,40.778301,-73.9488134,2024-01-01,2025-12-31,24,85012,41382,43630,2246.3,False,False
7243.04,E 84 St & Park Ave,40.77862688,-73.95772073,2024-01-01,2025-12-31,22,71274,41874,29400,1913.3,False,False
7253.04,Central Park West & W 76 St,40.77896784,-73.97374737,2024-01-01,2025-12-31,24,95346,48425,46921,1293.7,False,False
7256.01,20 Ave & 31 St,40.78001336610564,-73.90667617321014,2024-01-01,2025-12-30,24,6704,3271,3433,4950.0,False,False
7260.09,Amsterdam Ave & W 73 St,40.77966809007312,-73.98093044757842,2024-01-01,2025-12-31,24,182823,93336,89487,1074.0,False,False
7265.10,E 89 St & 3 Ave,40.7806284,-73.9521667,2024-01-01,2025-12-31,24,83012,39285,43727,2337.6,False,False
7271.01,Shore Blvd & Astoria Park,40.77977,-73.923162,2024-01-01,2025-12-29,22,15137,10491,4646,3759.4,False,False
7281.09,W 76 St & Columbus Ave,40.7801839724239,-73.97728532552719,2024-01-01,2025-12-31,22,81471,48270,33201,1270.2,False,False
7284.01,21 Ave & Crescent St,40.780478,-73.912212,2024-01-01,2025-12-31,24,27555,14256,13299,4568.4,False,False
7286.01,E 91 St & 2 Ave,40.78115276427915,-73.94963040947914,2024-01-01,2025-12-31,24,94836,49122,45714,2490.8,False,False
7286.02,E 93 St & 2 Ave,40.782454175279874,-73.9489196240902,2024-01-01,2025-12-31,24,50332,24697,25635,2646.4,False,False
7286.05,1 Ave & E 94 St,40.7817212,-73.94594,2024-01-01,2025-12-31,24,42745,21694,21051,2694.9,False,False
7288.04,Riverside Dr & W 72 St,40.78057799010334,-73.98562431335449,2024-01-01,2025-12-31,24,102394,53543,48851,974.3,False,False
7291.06,Ditmars Blvd & 19 St,40.78145,-73.9183302,2024-01-01,2025-12-30,24,20295,10902,9393,4197.2,False,False
7293.10,E 88 St & Park Ave,40.781410700190015,-73.95595908164978,2024-01-02,2025-12-31,24,76495,37693,38802,2254.5,False,False
7304.08,W 82 St & Central Park W,40.78275,-73.97137,2024-01-01,2025-12-31,24,88626,42758,45868,1756.9,False,False
7311.02,Amsterdam Ave & W 79 St,40.7829391,-73.9786517,2024-01-01,2025-12-31,24,138729,69222,69507,1483.4,False,False
7311.07,W 78 St & Broadway,40.78339981,-73.98093133,2024-01-01,2025-12-31,24,73840,36855,36985,1436.9,False,False
7314.03,21 St & 21 Ave,40.782465,-73.914527,2024-01-01,2025-12-31,24,19908,9967,9941,4523.8,False,False
7323.09,5 Ave & E 87 St,40.78232260730881,-73.95987510681152,2024-01-01,2025-12-16,24,141138,73336,67802,2183.0,False,False
7327.01,Wards Meadow Comfort Station,40.78294,-73.93077,2024-01-01,2025-12-31,24,33692,17438,16254,3525.5,False,False
7338.02,2 Ave & E 96 St,40.7839636,-73.9471673,2024-01-01,2025-12-31,23,66101,37964,28137,2861.6,False,False
7340.06,Riverside Dr & W 78 St,40.78414472,-73.98362492,2024-01-01,2025-12-31,24,46158,22831,23327,1401.4,False,False
7342.01,21 Ave & Shore Blvd,40.783956,-73.916894,2024-01-01,2025-12-31,24,13443,6773,6670,4460.6,False,False
7344.01,E 94 St & Madison Ave,40.78585105291389,-73.95482444378061,2024-01-01,2025-12-31,24,53868,27731,26137,2730.4,False,False
7344.05,E 91 St & Park Ave,40.7835016,-73.955327,2024-01-01,2025-12-31,24,83084,41764,41320,2482.6,False,False
7354.01,Central Park West & W 85 St,40.78476,-73.969862,2024-01-01,2025-12-31,24,114686,60278,54408,2012.8,False,False
7360.10,Amsterdam Ave & W 82 St,40.78524672,-73.97667321,2024-01-01,2025-12-31,24,119962,60237,59725,1787.2,False,False
7363.03,21 St & 20 Ave,40.78393602019729,-73.91273114065842,2024-09-11,2025-12-31,16,3522,844,2678,4741.2,False,False
7363.04,20 Ave & 21 St,40.784003,-73.912297,2024-01-01,2024-03-19,3,374,374,0,4775.4,False,False
7365.08,E 97 St & 3 Ave,40.7859201,-73.94860294,2024-01-01,2025-12-31,24,28580,13362,15218,2994.3,False,False
7365.13,E 95 St & 3 Ave,40.7849032,-73.950503,2024-01-01,2025-12-31,24,51421,25375,26046,2816.4,False,False
7382.04,W 84 St & Columbus Ave,40.78499979,-73.97283406,2024-01-01,2025-12-31,19,71513,41253,30260,1917.0,False,False
7386.10,2 Ave & E 99 St,40.7862586,-73.94552579,2024-01-01,2025-12-31,24,33346,17461,15885,3150.5,False,False
7388.10,Riverside Dr & W 82 St,40.78720869,-73.98128127,2024-01-01,2025-12-31,24,77005,39742,37263,1793.3,False,False
7391.02,20 Ave & Shore Blvd,40.785994,-73.915098,2024-01-01,2025-12-31,24,3598,1539,2059,4719.4,False,False
7393.09,E 97 St & Madison Ave,40.787801,-73.953559,2024-01-01,2025-12-31,24,75290,38406,36884,2970.7,False,False
7407.13,E 102 St & 1 Ave,40.7869946,-73.94164802,2024-01-01,2025-12-31,24,45635,22307,23328,3380.8,False,False
7409.04,W 84 St & Amsterdam Ave,40.78621,-73.9756,2024-01-01,2025-12-31,24,82578,41719,40859,1923.9,False,False
7414.17,3 Ave & E 100 St,40.7877214,-73.94728331,2024-01-01,2025-12-31,24,25878,13167,12711,3222.4,False,False
7432.04,W 90 St & Amsterdam Ave,40.79017948095081,-73.97288918495178,2024-01-01,2024-06-18,6,11032,11032,0,2418.6,False,False
7432.09,W 89 St & Columbus Ave,40.7882213,-73.97041561,2024-01-01,2025-12-31,24,95337,47715,47622,2327.3,False,False
7436.11,2 Ave & E 104 St,40.7892105,-73.94370784,2024-01-01,2024-03-22,3,3131,3131,0,3510.9,False,False
7436.16,E 103 St & 2 Ave,40.78864,-73.9436,2024-04-26,2025-12-31,21,31453,12179,19274,3459.0,False,False
7443.01,Madison Ave & E 99 St,40.78948541553215,-73.95242929458618,2024-01-01,2025-12-31,24,51710,25980,25730,3179.7,False,False
7443.17,E 98 St & Park Ave,40.78813,-73.95206,2024-01-01,2025-12-31,24,28589,14247,14342,3063.7,False,False
7450.05,Pleasant Ave & E 116 St,40.7949879,-73.9333349,2024-01-01,2024-06-18,6,10807,10807,0,4496.7,False,False
7453.01,Central Park W & W 91 St,40.78866499127883,-73.96680057048798,2024-01-01,2025-10-07,22,110414,61865,48549,2515.3,False,False
7453.08,W 94 St & Central Park W,40.790431,-73.965894,2025-10-25,2025-12-31,3,3330,0,3330,2723.4,False,False
7456.03,E 106 St & 1 Ave,40.7892529,-73.93956237,2024-01-01,2025-12-31,24,32565,17198,15367,3685.0,False,False
7458.03,W 87 St & Amsterdam Ave,40.78839,-73.9747,2024-01-01,2025-12-27,24,81108,40675,40433,2172.0,False,False
7458.09,W 90 St & Amsterdam Ave,40.79018,-73.97289,2024-06-18,2025-12-31,19,45824,16436,29388,2418.6,False,False
7463.09,E 103 St & Lexington Ave,40.7903051,-73.94755757,2024-01-01,2025-12-31,24,41119,21396,19723,3457.8,False,False
7484.05,W 87 St & West End Ave,40.789622,-73.97757,2024-01-01,2025-12-31,24,82182,42208,39974,2176.8,False,False
7488.24,E 102 St & Park Ave,40.7904828,-73.95033068,2024-01-01,2025-12-31,24,32882,16135,16747,3361.8,False,False
7502.01,W 92 St & Broadway,40.7921,-73.9739,2024-01-01,2025-12-31,24,70326,34461,35865,2564.9,False,False
7504.18,E 106 St & Lexington Ave,40.791976,-73.945993,2024-01-01,2025-12-31,24,32278,17658,14620,3683.6,False,False
7504.19,3 Ave & E 109 St,40.79338,-73.94329,2024-01-01,2025-12-31,24,24622,12407,12215,3932.4,False,False
7511.19,5 Ave & E 103 St,40.7922553,-73.95249933,2024-01-01,2025-12-31,24,83932,42637,41295,3444.9,False,False
7514.06,Icahn Stadium Plaza,40.79322,-73.92396,2024-05-16,2025-12-31,20,18579,6931,11648,4767.1,False,False
7520.07,Columbus Ave & W 95 St,40.7919557,-73.968087,2024-01-01,2025-12-31,24,123237,61621,61616,2783.8,False,False
7522.02,1 Ave & E 110 St,40.7923272,-73.9383,2024-01-01,2025-12-31,24,50786,24924,25862,4032.4,False,False
7524.09,West End Ave & W 94 St,40.7941654,-73.974124,2024-01-01,2025-12-31,24,58704,27242,31462,2756.8,False,False
7524.16,Riverside Dr & W 91 St,40.79313480986663,-73.97700369358063,2024-01-01,2025-12-31,23,47965,23025,24940,2541.2,False,False
7528.31,E 106 St & Madison Ave,40.7934337,-73.94945003,2024-01-01,2025-12-31,24,39422,19338,20084,3683.3,False,False
7538.14,W 100 St & Manhattan Ave,40.795,-73.9645,2024-01-01,2025-12-31,22,68103,39536,28567,3223.7,False,False
7538.18,Central Park W & W 97 St,40.79249519495111,-73.96417066463071,2024-01-01,2025-12-31,24,98864,47992,50872,2993.3,False,False
7540.02,E 114 St & 1 Ave,40.7945663,-73.9362541,2024-01-02,2025-12-31,24,26137,12420,13717,4333.1,False,False
7540.05,Pleasant Ave & E 116 St,40.79499,-73.93333,2024-06-18,2025-12-31,19,41564,15397,26167,4497.1,False,False
7541.01,W 95 St & Broadway,40.7937704,-73.971888,2024-01-01,2025-12-31,22,82799,48348,34451,2808.0,False,False
7543.15,3 Ave & E 112 St,40.795508,-73.941606,2024-01-01,2025-12-31,24,21252,10729,10523,4207.1,False,False
7563.06,E 116 St & 2 Ave,40.796879,-73.937261,2024-01-01,2025-12-31,24,21533,11015,10518,4514.1,False,False
7567.06,Lexington Ave & E 111 St,40.7954121,-73.9441232,2024-01-01,2025-12-31,24,42753,22119,20634,4092.0,False,False
7571.01,Sunken Meadow Comfort Station,40.79558,-73.91906,2024-01-01,2025-12-31,24,13907,7453,6454,5229.2,False,False
7575.01,Randall's Island - Field 10,40.795098,-73.923734,2024-01-01,2024-05-16,5,2070,2070,0,4944.0,False,False
7577.27,Central Park W & W 103 St,40.79558954105342,-73.96188408136368,2024-01-01,2025-12-31,24,62393,29815,32578,3385.9,False,False
7579.01,Pleasant Ave & E 120 St,40.7974772,-73.9311847,2024-01-01,2025-12-31,24,17361,9344,8017,4825.7,False,False
7579.11,E 117 St & 1 Ave,40.79656826080296,-73.93459528684616,2024-01-01,2024-06-13,6,6395,6395,0,4594.7,False,False
7580.01,W 100 St & Broadway,40.7973721,-73.97041192,2024-01-01,2025-12-31,23,95279,54148,41131,3217.5,False,False
7587.16,W 111 St & 5 Ave,40.79752078124755,-73.9489397406578,2024-01-01,2025-12-31,24,56384,27044,29340,4099.5,False,False
7595.17,Columbus Ave & W 103 St,40.7969347,-73.9643412291,2024-01-01,2025-12-31,24,29277,13782,15495,3418.2,False,False
7596.10,E 118 St & 1 Ave,40.79747,-73.93504,2024-06-13,2024-06-17,1,162,162,0,4662.2,False,False
7596.11,1 Ave & E 118 St,40.797459,-73.934499,2024-06-17,2025-12-31,19,31715,11890,19825,4684.0,False,False
7599.02,E 115 St & Madison Ave,40.7989445,-73.944846,2024-01-01,2025-12-31,24,24233,12763,11470,4404.3,False,False
7599.09,E 115 St & Lexington Ave,40.797911,-73.9423,2024-01-01,2025-12-31,24,31988,15205,16783,4408.1,False,False
7602.05,Lenox Ave & W 111 St,40.7987859,-73.9523,2024-01-01,2025-12-31,24,76741,36771,39970,4093.8,False,False
7606.01,W 106 St & Central Park West,40.7981856,-73.9605909006,2024-01-01,2025-12-31,24,73342,39968,33374,3690.2,False,False
7610.13,W 104 St & Amsterdam Ave,40.799041392882984,-73.96649479866028,2024-01-01,2025-12-31,24,57109,26539,30570,3536.8,False,False
7611.02,E 118 St & 3 Ave,40.799139,-73.9389152,2024-01-01,2025-12-31,24,30347,16032,14315,4668.2,False,False
7613.04,E 134 St & Walnut Ave,40.800425,-73.911034,2024-01-03,2025-12-31,24,984,588,396,6076.1,False,False
7617.07,Central Park North & Adam Clayton Powell Blvd,40.799484,-73.955613,2024-01-01,2025-12-31,24,100177,49895,50282,4024.5,False,False
7618.01,Bronx Shore Comfort Station,40.80046,-73.92404,2024-01-01,2025-12-31,24,6941,3519,3422,5418.0,False,False
7619.05,W 107 St & Columbus Ave,40.7997568,-73.9621128676,2024-01-01,2025-12-31,24,52020,25545,26475,3782.0,False,False
7622.12,2 Ave & E 122 St,40.8006721,-73.9349,2024-01-01,2025-12-31,24,19571,10613,8958,4977.8,False,False
7623.13,Riverside Dr & W 104 St,40.8013434,-73.9711457439,2024-01-01,2025-12-31,24,68221,35009,33212,3574.3,False,False
7625.18,E 118 St & Park Ave,40.8005385,-73.9419949,2024-01-01,2025-12-31,24,15172,7748,7424,4674.8,False,False
7626.02,Willow Ave & E 133 St,40.800933,-73.913863,2024-01-01,2025-12-31,24,5673,3363,2310,5964.6,False,False
7627.10,Lenox Ave & W 115 St,40.8011939,-73.9500739,2024-01-01,2025-12-31,24,34940,18190,16750,4415.4,False,False
7631.23,Frederick Douglass Blvd & W 112 St,40.801694,-73.957145,2024-01-01,2025-12-31,24,86392,43956,42436,4169.7,False,False
7634.01,W 106 St & Amsterdam Ave,40.8008363,-73.9664492472,2024-01-01,2025-12-31,24,63087,34676,28411,3713.2,False,False
7636.05,E 123 St & Lexington Ave,40.8029263,-73.9379,2024-01-01,2025-12-31,24,29001,15437,13564,5073.2,False,False
7639.06,Walnut Ave & E 136 St,40.801657,-73.909513,2024-01-02,2025-12-30,24,2463,1163,1300,6263.1,False,False
7640.04,E 118 St & Madison Ave,40.8014866,-73.9442507,2024-01-01,2025-12-31,24,31635,16572,15063,4674.5,False,False
7642.04,E 133 St & Cypress Pl,40.80262,-73.9174,2024-01-01,2025-12-31,24,2232,1178,1054,5930.6,False,False
7643.18,Adam Clayton Powell Blvd & W 115 St,40.802535,-73.9532423,2024-01-01,2025-12-31,24,31938,17103,14835,4416.5,False,False
7646.04,W 110 St & Amsterdam Ave,40.802692,-73.96295,2024-01-01,2025-12-31,24,75665,37543,38122,4034.0,False,False
7648.16,2 Ave & E 125 St,40.802554,-73.933509,2024-01-01,2025-12-31,24,30038,14494,15544,5216.5,False,False
7650.05,West End Ave & W 107 St,40.8021174,-73.9681805305,2024-01-01,2025-12-31,23,54410,24650,29760,3768.5,False,False
7652.04,Lexington Ave & E 120 St,40.8013066,-73.9398167,2024-01-01,2025-12-31,24,21050,10531,10519,4838.0,False,False
7654.04,E 138 St & Willow Ave,40.804168,-73.911545,2024-01-01,2025-12-31,24,4785,2392,2393,6365.7,False,False
7655.22,Lenox Ave & W 117 St,40.8025566,-73.9490782,2024-01-01,2025-12-15,24,67849,36286,31563,4587.6,False,False
7657.03,St Ann's Ave & Bruckner Blvd,40.803399,-73.919763,2024-01-01,2025-12-31,24,6645,3274,3371,5887.4,False,False
7658.13,Frederick Douglass Blvd & W 115 St,40.8038654,-73.9559308,2024-01-01,2025-12-31,24,61777,31269,30508,4429.4,False,False
7662.13,Lexington Ave & E 127 St,40.805726,-73.936322,2024-01-01,2025-12-31,24,19621,9818,9803,5408.2,False,False
7667.04,Madison Ave & E 120 St,40.80295,-73.942954,2024-01-01,2025-12-31,24,29789,15133,14656,4869.0,False,False
7669.10,E 138 St & Cypress Ave,40.805559,-73.914718,2024-01-01,2025-12-31,24,10682,5707,4975,6326.4,False,False
7670.09,Adam Clayton Powell Blvd & W 118 St,40.804372,-73.951475,2024-01-01,2025-12-31,24,39112,20165,18947,4667.7,False,False
7680.03,Cathedral Pkwy & Broadway,40.804213,-73.96699104,2024-01-01,2025-12-31,24,93352,47684,45668,4019.9,False,False
7682.01,Park Ave & E 124 St,40.8045555,-73.9396861,2024-01-01,2025-12-31,24,102320,49301,53019,5157.6,False,False
7685.14,Mt Morris Park W & W 120 St,40.804038,-73.945925,2024-01-01,2025-12-31,24,37377,18695,18682,4854.8,False,False
7687.05,E 135 St & St Ann's Ave,40.805089,-73.918889,2024-01-01,2025-12-31,24,6354,3594,2760,6083.8,False,False
7688.12,Frederick Douglass Blvd & W 117 St,40.805159,-73.954692,2024-01-01,2025-12-31,24,83436,44535,38901,4605.0,False,False
7691.05,Willis Ave & Bruckner Blvd,40.805701,-73.925177,2024-01-01,2025-12-31,24,11413,5244,6169,5866.3,False,False
7692.11,W 116 St & Amsterdam Ave,40.8067581,-73.9607082,2024-01-01,2025-12-31,24,58514,31044,27470,4519.3,False,False
7696.07,E 128 St & 3 Ave,40.805631,-73.934077,2024-01-07,2025-12-31,24,8161,3853,4308,5493.7,False,False
7701.21,5 Ave & W 126 St,40.80722,-73.9418,2024-01-01,2025-12-31,24,37248,19247,18001,5329.2,False,False
7703.14,E 141 St & Jackson Ave,40.806896,-73.911837,2024-01-01,2025-12-31,24,5855,2819,3036,6589.3,False,False
7704.04,Adam Clayton Powell Blvd & W 123 St,40.8078316,-73.949373,2024-01-01,2025-12-31,24,49291,24419,24872,5086.0,False,False
7707.08,Brook Ave & E 138 St,40.807408,-73.91924,2024-01-01,2025-12-31,24,13513,8016,5497,6283.6,False,False
7712.04,Alexander Ave & E 134 St,40.807466,-73.927107,2024-01-01,2025-12-31,24,13157,6893,6264,5953.7,False,False
7712.06,Lincoln Ave & E 134 St,40.808484,-73.928803,2024-01-01,2025-12-31,24,13878,6871,7007,5981.8,False,False
7713.01,W 113 St & Broadway,40.805973,-73.964928,2024-01-01,2025-12-31,24,66297,31729,34568,4273.8,False,False
7713.11,W 116 St & Broadway,40.8082,-73.9641,2024-01-01,2025-12-31,24,65129,33672,31457,4523.6,False,False
7716.19,Lexington Ave & E 128 St,40.806414,-73.936085,2024-01-01,2025-12-31,24,11261,5587,5674,5484.3,False,False
7719.13,Southern Blvd & E 142 St,40.807347437082,-73.90809774398804,2024-01-02,2025-12-31,24,3641,819,2822,6821.7,False,False
7720.03,Lenox Ave & W 126 St,40.808442,-73.9452087,2024-01-01,2025-12-31,23,85991,45208,40783,5315.5,False,False
7722.06,E 141 St & St Ann's Ave,40.808633,-73.916124,2024-01-01,2025-12-31,24,8178,4167,4011,6539.2,False,False
7723.01,St Nicholas Ave & Manhattan Ave,40.809725,-73.953149,2024-01-01,2025-12-31,24,76088,37178,38910,5110.8,False,False
7726.02,Willis Ave & E 137 St,40.808384,-73.923604,2024-01-01,2025-12-31,24,19923,10308,9615,6189.5,False,False
7727.07,Amsterdam Ave & W 119 St,40.8086249,-73.9596214,2024-01-17,2025-12-31,24,41970,19548,22422,4744.4,False,False
7727.08,Amsterdam Ave & W 119 St,40.80863218,-73.9595861,2024-01-01,2024-01-17,1,430,430,0,4746.6,False,False
7735.05,5 Ave & W 131 St,40.81014,-73.93973,2024-01-01,2025-12-31,24,26664,13197,13467,5696.2,False,False
7735.23,E 128 St & Madison Ave,40.80756,-73.939182,2024-01-01,2025-12-31,24,19812,9815,9997,5468.9,False,False
7737.06,St Mary's St & Jackson Ave,40.808891,-73.91081,2024-01-01,2025-12-30,24,11323,6061,5262,6818.1,False,False
7738.04,Adam Clayton Powell Blvd & W 126 St,40.809495347779475,-73.94776493310928,2024-01-01,2025-12-31,24,67439,31915,35524,5313.8,False,False
7740.08,Brook Ave & E 141 St,40.809619,-73.917875,2024-01-01,2025-12-31,24,7510,4270,3240,6552.0,False,False
7741.01,Morningside Ave & W 123 St,40.81,-73.9551508,2024-01-01,2025-12-31,24,32741,16906,15835,5057.3,False,False
7741.04,Morningside Dr & Amsterdam Ave,40.81028506306003,-73.95736455917358,2024-01-01,2025-12-31,24,23472,12020,11452,4996.4,False,False
7744.06,Lincoln Ave & E 138 St,40.810893,-73.927311,2024-01-01,2025-12-31,24,25258,12971,12287,6275.9,False,False
7745.07,W 120 St & Claremont Ave,40.8109494,-73.9634,2024-01-01,2025-12-31,24,44959,22760,22199,4819.1,False,False
7748.02,E 132 St & Madison Ave,40.810224,-73.937195,2024-01-01,2025-12-31,24,21480,11296,10184,5807.7,False,False
7751.05,Wales Ave & E 147 St,40.811314,-73.907729,2024-01-01,2025-12-31,24,7788,3907,3881,7188.0,False,False
7753.13,Lenox Ave & W 130 St,40.8107922,-73.9430681,2024-01-01,2025-12-31,24,31926,15833,16093,5628.7,False,False
7755.03,St Ann's Ave & E 144 St,40.811112,-73.914932,2024-01-01,2025-12-31,24,8536,4671,3865,6823.9,False,False
7756.10,St Nicholas Ave & W 126 St,40.8114323,-73.9518776,2024-01-01,2025-12-31,23,70843,37829,33014,5327.8,False,False
7759.08,Willis Ave & E 141 St,40.81093,-73.921606,2024-01-01,2025-12-31,24,14250,7438,6812,6517.5,False,False
7767.06,Southern Blvd & Ave St John,40.812769,-73.901583,2024-01-01,2025-12-31,23,6023,3936,2087,7633.2,False,False
7769.06,5 Ave & E 135 St,40.812191,-73.937838,2024-01-01,2025-12-31,24,16003,8231,7772,5971.8,False,False
7774.02,Adam Clayton Powell Blvd & W 130 St,40.812346,-73.946168,2024-01-01,2025-12-31,23,23175,12262,10913,5652.8,False,False
7777.02,E 144 St & Brook Ave,40.811675,-73.917037,2024-01-01,2025-12-31,24,7750,4065,3685,6782.9,False,False
7781.10,E 142 St & 3 Ave,40.812735,-73.923697,2024-01-01,2025-12-31,24,13715,7359,6356,6601.9,False,False
7783.18,Broadway & W 122 St,40.8120562,-73.9612547,2024-01-01,2025-12-31,24,33388,17051,16337,5012.7,False,False
7788.13,Southern Blvd & E 149 St,40.811892,-73.904192,2024-01-01,2025-12-31,24,15531,7908,7623,7420.0,False,False
7790.04,Lenox Ave & W 133 St,40.81296,-73.941878,2024-01-01,2025-12-31,24,25262,13490,11772,5887.9,False,False
7793.02,E 149 St & Eagle Ave,40.814046,-73.91186,2024-01-01,2025-12-31,24,9668,5512,4156,7236.9,False,False
7795.09,Frederick Douglass Blvd & W 129 St,40.8125511,-73.9492286,2024-01-01,2025-12-31,24,23125,10777,12348,5543.0,False,False
7798.02,Willis Ave & E 143 St,40.812299,-73.92037,2024-01-01,2025-12-31,24,9456,5293,4163,6700.7,False,False
7800.03,Amsterdam Ave & W 125 St,40.813358,-73.956461,2024-01-01,2025-12-31,24,25670,13376,12294,5331.4,False,False
7803.02,E 138 St & Park Ave,40.81263616769319,-73.92924964427948,2024-01-01,2025-12-31,24,15539,8010,7529,6367.7,False,False
7803.08,E 138 St & Grand Concourse,40.813224,-73.930605,2024-01-01,2025-12-31,24,6386,3170,3216,6366.9,False,False
7807.04,Beck St & Leggett Ave,40.815077,-73.899939,2024-01-01,2025-12-31,23,7702,3538,4164,7918.8,False,False
7809.13,E 138 St & 5 Ave,40.81449,-73.936153,2024-01-01,2025-12-31,24,16775,8746,8029,6262.9,False,False
7812.01,E 149 St & Jackson Ave,40.813135,-73.909235,2024-01-01,2025-12-31,24,13774,7823,5951,7277.0,False,False
7814.01,Adam Clayton Powell Blvd & W 132 St,40.813539,-73.94521,2024-01-01,2025-12-31,24,30101,14780,15321,5807.5,False,False
7816.14,Brook Ave & E 148 St,40.814383,-73.915368,2024-01-01,2025-12-31,24,7243,3570,3673,7112.0,False,False
7818.17,W 129 St & Convent Ave,40.814394437915816,-73.95324736833572,2024-01-01,2025-12-31,24,21988,10964,11024,5561.1,False,False
7820.05,Hunts Point Ave & Bryant Ave,40.813991,-73.8855,2024-01-01,2025-12-31,24,4739,2419,2320,8647.1,False,False
7821.01,Morris Ave & E 142 St,40.814469,-73.924963,2024-01-01,2025-12-31,24,12824,6925,5899,6717.9,False,False
7823.03,Broadway & Moylan Pl,40.8143256,-73.9590255,2024-01-01,2025-12-31,24,37739,18167,19572,5322.8,False,False
7830.03,Prospect Ave & E 151 St,40.814232,-73.903927,2024-01-01,2025-12-31,24,8264,4374,3890,7638.4,False,False
7832.04,W 135 St & Lenox Terrace Pl,40.813619,-73.939336,2024-01-01,2025-12-31,24,21002,11253,9749,6050.8,False,False
7835.10,St Ann's Ave & Westchester Ave,40.815887,-73.911918,2024-01-01,2025-12-31,24,8634,4616,4018,7405.8,False,False
7837.30,St Nicholas Ave & W 134 St,40.816234,-73.948222,2024-01-01,2025-12-31,24,32476,17459,15017,5941.4,False,False
7840.05,Courtlandt Ave & E 149 St,40.816402,-73.919549,2024-01-01,2025-12-31,24,19811,10106,9705,7127.9,False,False
7840.11,E 147 St & Bergen Ave,40.814673,-73.91839,2024-01-01,2025-12-31,24,10684,4931,5753,7011.4,False,False
7842.16,Amsterdam Ave & W 131 St,40.816355,-73.954295,2024-01-01,2025-12-31,24,17276,9323,7953,5709.8,False,False
7844.05,Barry St & Tiffany St,40.816126,-73.891559,2024-01-01,2025-12-31,24,3591,1850,1741,8464.6,False,False
7845.06,Grand Concourse & E 144 St,40.816576,-73.927987,2024-01-01,2025-12-31,24,22542,11589,10953,6798.2,False,False
7849.10,Longwood Ave & Southern Blvd,40.816343,-73.896447,2024-01-01,2025-12-31,24,8698,4554,4144,8213.4,False,False
7851.04,5 Av & W 139 St,40.815484,-73.935856,2024-01-01,2025-12-31,24,15181,8181,7000,6371.2,False,False
7853.01,Westchester Ave & Jackson Ave,40.816124,-73.908116,2024-01-01,2025-12-31,24,16520,8193,8327,7602.8,False,False
7855.03,Adam Clayton Powell Blvd & W 138 St,40.81695971032464,-73.9422959089279,2024-01-01,2025-12-31,24,41024,21735,19289,6258.3,False,False
7858.02,Bergen Ave & E 152 St,40.817166,-73.914737,2024-01-01,2025-12-31,24,15149,7591,7558,7404.2,False,False
7860.08,Convent Ave & W 135 St,40.818215,-73.950988,2024-01-01,2025-12-31,24,24362,12411,11951,6023.2,False,False
7863.03,E 149 St & Morris Ave,40.81734,-73.922962,2024-01-01,2025-12-31,24,20247,9846,10401,7077.3,False,False
7865.09,Broadway & W 131 St,40.817555,-73.957163,2024-01-01,2025-12-31,24,26332,13472,12860,5711.5,False,False
7867.04,Southern Blvd & Tiffany St,40.818185,-73.894143,2024-01-01,2025-12-31,24,6119,3026,3093,8494.2,False,False
7868.05,Gerard Ave & E 146 St,40.817755,-73.92965,2024-01-01,2025-12-31,24,16333,6857,9476,6844.1,False,False
7870.02,Prospect Ave & Longwood Ave,40.81899,-73.90202,2024-01-01,2025-12-31,24,4957,2713,2244,8157.0,False,False
7872.03,Lenox Ave & W 140 St,40.817245,-73.938787,2024-01-01,2025-12-31,24,27947,14530,13417,6428.2,False,False
7876.07,Frederick Douglass Blvd & W 139 St,40.81900581806558,-73.94476890563965,2024-01-01,2025-12-31,23,19968,9917,10051,6349.5,False,False
7879.01,Melrose Ave & E 150 St,40.816827,-73.917338,2024-01-01,2025-12-31,24,40068,20810,19258,7262.0,False,False
7881.09,Old Broadway & W 133 St,40.818212,-73.955277,2024-01-01,2025-12-31,24,8265,4381,3884,5851.0,False,False
7883.06,Lafayette Ave & Hunts Point Ave,40.816567,-73.888161,2024-01-01,2025-12-31,24,6963,3603,3360,8694.2,False,False
7883.09,Seneca Ave & Irvine St,40.81872569990116,-73.88862490653992,2024-01-01,2025-12-31,18,2752,2036,716,8843.7,False,False
7883.10,Seneca Ave & Irvine St,40.81885,-73.88821,2024-12-30,2025-07-21,8,846,6,840,8877.4,False,False
7884.04,E 149 St & Park Ave,40.818154,-73.925294,2024-01-01,2025-12-31,24,20968,9766,11202,7062.6,False,False
7886.02,12 Ave & W 125 St,40.818299,-73.960405,2024-01-01,2025-12-19,24,39596,22885,16711,5654.0,False,False
7888.10,Dawson St & Intervale Ave,40.819999,-73.897263,2024-01-01,2025-12-31,24,2665,1368,1297,8486.2,False,False
7891.06,Westchester Ave & E 156 St,40.817802,-73.905203,2024-01-01,2025-12-31,24,7174,3830,3344,7894.7,False,False
7893.05,Adam Clayton Powell Blvd & W 141 St,40.819241,-73.941057,2024-01-01,2025-12-31,24,22234,11627,10607,6528.1,False,False
7896.11,E 156 St & Brook Ave,40.819823,-73.912411,2024-01-01,2025-12-31,24,16449,8564,7885,7756.7,False,False
7898.03,St Nicholas Ave & W 137 St,40.818477,-73.947568,2024-01-01,2025-12-31,24,19327,9594,9733,6185.8,False,False
7901.04,Morris Ave & E 153 St,40.820036,-73.921411,2024-01-01,2025-12-31,24,10294,4541,5753,7401.8,False,False
7903.02,Broadway & W 133 St,40.8190344,-73.956156,2024-01-01,2025-12-31,24,24669,12439,12230,5895.8,False,False
7905.05,Garrison Ave & Manida St,40.818743,-73.890247,2024-01-02,2025-12-31,24,3743,1503,2240,8754.5,False,False
7909.07,Westchester Ave & Longwood Ave,40.819701,-73.901311,2024-01-01,2025-12-31,24,14258,7185,7073,8255.8,False,False
7910.01,Lenox Ave & W 144 St,40.819783,-73.936521,2024-01-01,2025-12-31,24,18019,9637,8382,6765.1,False,False
7910.10,Lenox Ave & W 146 St,40.821111,-73.935971,2024-01-01,2025-12-31,24,10665,5504,5161,6916.8,False,False
7913.15,Cauldwell Ave & E 158 St,40.81989,-73.908351,2024-01-01,2025-12-31,23,12247,6109,6138,7940.5,False,False
7915.11,Edgecombe Ave & W 141 St,40.820681,-73.945144,2024-01-01,2025-12-31,24,28105,15150,12955,6497.3,False,False
7918.12,Melrose Ave & E 154 St,40.819609,-73.916071,2024-01-01,2025-12-31,24,7974,4278,3696,7581.7,False,False
7920.05,Amsterdam Ave & W 136 St,40.819746,-73.951819,2024-01-01,2025-12-31,23,22393,11699,10694,6138.8,False,False
7922.01,Faile St & Garrison Ave,40.820578,-73.888271,2024-01-01,2025-12-31,24,1269,580,689,9016.9,False,False
7925.04,W 133 St & 12 Ave,40.820003,-73.959089,2024-01-01,2025-12-31,24,9785,5672,4113,5872.4,False,False
7927.08,E 163 St & Tiffany St,40.821075,-73.895069,2024-01-01,2025-12-31,24,7995,4179,3816,8693.6,False,False
7931.05,E 160 St & Tinton Ave,40.820302,-73.903944,2024-01-01,2025-12-31,24,6308,3590,2718,8182.6,False,False
7932.10,W 144 St & Adam Clayton Powell Blvd,40.820877,-73.939249,2024-01-01,2025-12-31,24,19349,10395,8954,6761.8,False,False
7935.07,Brook Ave & E 157 St,40.820713,-73.911759,2024-01-01,2025-12-31,24,10007,5064,4943,7869.4,False,False
7937.15,St Nicholas Terrace & Convent Ave,40.821294,-73.947868,2024-01-01,2025-12-31,24,22805,11611,11194,6447.7,False,False
7940.02,E 155 St & Courtlandt Ave,40.82057,-73.917579,2024-01-01,2025-12-31,24,6270,3338,2932,7610.0,False,False
7940.04,E 156 St & Courtlandt Ave,40.82123860172,-73.9173299074173,2024-01-01,2025-12-31,24,7372,4013,3359,7684.5,False,False
7942.07,Broadway & W 138 St,40.82182,-73.95353,2024-01-01,2025-12-31,24,24933,13158,11775,6272.0,False,False
7942.21,Riverside Dr & W 138 St,40.823168,-73.955857,2024-01-01,2025-12-31,24,22884,11877,11007,6309.8,False,False
7945.03,Walton Ave & E 151 St,40.82090903827738,-73.92753845245076,2024-01-01,2025-12-31,24,15195,7561,7634,7235.4,False,False
7945.07,Walton Ave & E 153 St,40.822351,-73.926907,2024-01-02,2025-12-22,24,5419,2888,2531,7400.7,False,False
7948.10,Intervale Ave & Westchester Ave,40.821967,-73.896752,2024-01-01,2025-12-31,24,6368,3276,3092,8685.5,False,False
7952.02,Cauldwell Ave & E 161 St,40.82188,-73.907521,2024-01-01,2025-12-31,24,12452,6335,6117,8164.1,False,False
7954.12,Frederick Douglass Blvd & W 145 St,40.823061,-73.941928,2024-01-01,2025-12-31,24,29333,14774,14559,6857.8,False,False
7957.11,E 158 St & Melrose Ave,40.822215,-73.914688,2024-01-01,2025-12-31,24,9790,4890,4900,7889.4,False,False
7959.18,Hamilton Pl & W 140 St,40.822756,-73.951346,2024-01-01,2025-12-31,24,17738,8607,9131,6450.5,False,False
7962.01,Concourse Village West & E 156 St,40.823162,-73.923267,2024-01-01,2025-12-31,24,10638,5821,4817,7627.8,False,False
7966.02,E 165 St & Fox St,40.82394,-73.894025,2024-01-01,2025-12-31,24,6514,2728,3786,8998.2,False,False
7967.04,River Ave & E 151 St,40.822217,-73.928939,2024-01-01,2025-12-31,24,23428,12015,11413,7304.8,False,False
7970.05,E 163 St & Union Ave,40.822545,-73.901824,2024-01-01,2025-12-31,23,11268,6008,5260,8488.2,False,False
7971.07,W 147 St & Adam Clayton Powell Blvd,40.82281,-73.937413,2024-01-01,2025-12-31,24,19638,10031,9607,7024.8,False,False
7974.01,3 Ave & E 163 St,40.823872,-73.908699,2024-01-01,2025-12-31,24,11143,6155,4988,8301.1,False,False
7976.08,Edgecombe Ave & W 145 St,40.823498,-73.94386,2024-01-01,2025-12-31,24,31313,14626,16687,6822.7,False,False
7979.17,E 161 St & Park Ave,40.824811,-73.916407,2024-01-01,2025-12-31,24,14362,7877,6485,8066.9,False,False
7981.16,Broadway & W 142 St,40.824686,-73.951947,2024-01-01,2025-12-31,24,16996,8880,8116,6614.2,False,False
7981.27,W 140 St & Riverside Dr,40.824013,-73.954743,2024-01-01,2025-12-31,24,7632,4153,3479,6436.6,False,False
7983.02,Longfellow Ave & Aldus St,40.82319448542357,-73.88762910982096,2024-01-01,2025-12-31,23,5959,3478,2481,9271.5,False,False
7983.04,Longfellow Ave & E 165 St,40.825322,-73.887729,2024-01-02,2025-12-27,24,2592,1204,1388,9447.0,False,False
7984.04,Grand Concourse & E 156 St,40.823429,-73.924689,2024-01-01,2025-12-31,24,10349,4333,6016,7595.4,False,False
7987.14,Rogers Pl & E 165 St,40.82388366441761,-73.8974027708582,2024-01-02,2025-12-31,23,5620,3383,2237,8823.6,False,False
7991.01,Tinton Ave & E 165 St,40.824796,-73.90242,2024-01-01,2025-12-31,24,10625,5363,5262,8667.1,False,False
7992.04,Bradhurst Ave & W 148 St,40.825125,-73.941616,2024-01-01,2025-12-31,24,16277,8300,7977,7070.9,False,False
7995.04,Washington Ave & E 163 St,40.824,-73.91089,2024-01-01,2025-12-31,24,19313,9634,9679,8220.6,False,False
7997.08,W 145 St & Amsterdam Ave,40.825244,-73.947257,2024-01-01,2025-12-31,24,24696,13139,11557,6856.4,False,False
8000.02,Concourse Village East & E 158 St,40.823732,-73.919379,2024-01-01,2025-12-31,24,17792,7824,9968,7843.1,False,False
8004.03,Westchester Ave & Southern Blvd,40.824956,-73.891677,2024-01-01,2025-12-31,24,19957,9436,10521,9207.9,False,False
8005.03,E 157 St & River Ave,40.825737,-73.927311,2024-01-01,2025-12-31,24,11992,6081,5911,7711.8,False,False
8005.08,River Ave & E 153 St,40.82441,-73.92818,2024-01-01,2025-12-31,24,8611,4956,3655,7548.0,False,False
8008.03,Prospect Ave & E 167 St,40.826303,-73.898751,2024-01-01,2025-12-31,24,9861,5227,4634,8977.4,False,False
8009.05,Adam Clayton Powell Blvd & W 151 St,40.825289,-73.936232,2024-01-01,2025-12-31,24,15863,8754,7109,7310.7,False,False
8012.04,3 Ave & Franklin Ave,40.82696,-73.907451,2024-01-01,2025-12-31,24,11141,5414,5727,8649.1,False,False
8013.07,St Nicholas Ave & W 150 St,40.827212,-73.942722,2024-01-01,2025-12-31,24,16804,8383,8421,7229.6,False,False
8016.07,Park Ave & E 162 St,40.825716,-73.915585,2024-01-01,2025-12-31,23,10241,5707,4534,8188.0,False,False
8018.04,Riverside Dr & W 145 St,40.827305,-73.951989,2024-01-01,2025-12-31,24,19733,9920,9813,6867.2,False,False
8018.09,W 146 St & Broadway,40.826969,-73.949738,2024-01-01,2025-12-31,24,26961,14086,12875,6924.7,False,False
8020.01,Home St & Westchester Ave,40.827629,-73.886659,2024-01-01,2025-12-31,24,11806,5914,5892,9702.0,False,False
8021.11,Grand Concourse & E 161 St,40.82713380423556,-73.9227358996868,2024-01-01,2025-12-31,24,28174,14363,13811,8033.6,False,False
8024.05,E 169 St & Fox St,40.827184,-73.893721,2024-01-01,2025-12-31,24,3459,1738,1721,9301.2,False,False
8025.01,E 153 St & E 157 St,40.826677,-73.929327,2024-01-01,2025-12-31,24,10507,5290,5217,7721.4,False,False
8029.28,Macombs Pl & W 152 St,40.826406,-73.937948,2024-01-01,2025-12-31,24,20352,10318,10034,7344.2,False,False
8033.09,W 148 St & Amsterdam Ave,40.827075,-73.945909,2024-01-01,2025-12-31,24,18047,9360,8687,7088.5,False,False
8036.05,Morris Ave & E 163 St,40.827230499624726,-73.91765579597632,2024-01-01,2025-12-31,24,22658,11466,11192,8253.3,False,False
8040.03,E 167 St & Bryant Ave,40.826706,-73.888719,2024-01-02,2025-12-31,24,4502,2203,2299,9514.0,False,False
8041.07,E 161 St & River Ave,40.827883,-73.927111,2024-01-01,2025-12-31,24,39780,22601,17179,7927.6,False,False
8044.09,Intervale Ave & Kelly St,40.827301,-73.896372,2024-01-01,2025-12-31,24,3689,1736,1953,9182.0,False,False
8048.01,E 167 St & Franklin Ave,40.82895,-73.90521,2024-01-01,2025-12-31,24,6525,3372,3153,8934.2,False,False
8048.04,Boston Rd & E 167 St,40.828199,-73.903719,2024-01-01,2025-12-31,24,12398,6814,5584,8927.2,False,False
8049.05,Edgecombe Ave & W 150 St,40.826881,-73.941427,2024-01-01,2025-12-31,24,5412,2968,2444,7249.3,False,False
8049.10,Convent Ave & W 151 St,40.82831,-73.942924,2024-01-01,2025-12-31,24,9613,4942,4671,7328.3,False,False
8052.01,Webster Ave & E 166 St,40.828975,-73.911259,2024-01-01,2025-12-31,24,5713,3167,2546,8681.1,False,False
8052.02,E 165 St & Clay Ave,40.82809,-73.91288,2024-01-01,2025-12-31,24,8781,4637,4144,8528.4,False,False
8054.04,Riverside Dr & W 148 St,40.829114,-73.950426,2024-01-01,2025-12-31,24,10505,5252,5253,7105.8,False,False
8057.02,Grand Concourse & E 164 St,40.829608,-73.921461,2024-01-01,2025-12-31,24,15145,8034,7111,8324.9,False,False
8060.01,Freeman St & Southern Blvd,40.830051,-73.892103,2024-01-01,2025-12-31,24,10744,5808,4936,9638.1,False,False
8061.01,Jerome Ave & Anderson Ave,40.830179,-73.928747,2024-01-01,2025-12-31,24,5175,2623,2552,8087.0,False,False
8064.03,Union Ave & E 169 St,40.82995,-73.898802,2024-01-01,2025-12-31,24,7187,3807,3380,9311.2,False,False
8065.13,W 155 St & Frederick Douglass Blvd,40.82923,-73.936996,2024-01-01,2025-12-31,24,10862,5552,5310,7655.8,False,False
8068.01,Washington Ave & E 167 St,40.829896,-73.907618,2024-01-01,2025-12-31,24,13649,7190,6459,8923.0,False,False
8069.01,Amsterdam Ave & W 152 St,40.829523,-73.944279,2024-01-01,2025-12-31,24,17864,9393,8471,7391.9,False,False
8072.06,Sherman Ave & E 166 St,40.83130549267296,-73.91744792461395,2024-01-01,2025-12-31,24,12954,6912,6042,8653.1,False,False
8076.08,West Farms Rd & Boone Ave,40.8301283948092,-73.88630211353302,2024-01-01,2025-12-29,24,2523,1280,1243,9937.5,False,False
8077.07,Gerard Ave & E 164 St,40.830262,-73.923391,2024-01-01,2025-12-31,24,5458,2576,2882,8309.5,False,False
8080.01,Freeman St & Reverend James A Polite Ave,40.830529,-73.894717,2024-01-02,2025-12-30,24,3450,1645,1805,9555.0,False,False
8081.01,Jerome Ave & Ogden Ave,40.829797,-73.931015,2024-01-01,2025-12-31,22,5420,2515,2905,7962.3,False,False
8084.03,Fulton Ave & E 168 St,40.830471,-73.904556,2024-01-01,2025-12-31,24,6487,3901,2586,9107.3,False,False
8085.05,St Nicholas Ave & W 155 St,40.830663,-73.941323,2024-01-01,2025-12-31,24,11903,6199,5704,7621.3,False,False
8085.09,St Nicholas Ave & W 157 St,40.832314,-73.94102,2024-01-01,2025-12-31,24,7737,4128,3609,7794.0,False,False
8085.13,Harlem River Dr & W 155 St,40.830476,-73.939929,2024-01-01,2025-12-31,24,7714,3873,3841,7659.0,False,False
8088.01,E 167 St & Clay Ave,40.83094,-73.91125,2024-01-01,2025-12-31,24,11109,5447,5662,8870.4,False,False
8089.05,Broadway & W 153 St,40.831327,-73.946665,2024-01-01,2025-12-31,24,14053,6715,7338,7471.8,False,False
8092.06,Grand Concourse & E 166 St,40.83196,-73.91956,2024-01-01,2025-12-31,24,15740,8831,6909,8630.1,False,False
8095.06,Hoe Ave & Jennings St,40.832171,-73.889686,2024-01-01,2025-12-31,24,4139,2017,2122,9947.3,False,False
8096.02,Jerome Ave & E 164 St,40.831444,-73.926226,2024-01-01,2025-12-29,24,7194,4230,2964,8309.4,False,False
8096.03,Anderson Ave & W 164 St,40.832057,-73.927421,2024-01-01,2025-12-31,24,7238,3603,3635,8322.8,False,False
8099.04,Prospect Ave & Jennings St,40.831762,-73.896853,2024-01-01,2025-12-31,24,3815,2053,1762,9568.6,False,False
8100.01,Frederick Douglass Blvd & Harlem River Dr,40.830702,-73.936371,2024-01-01,2025-12-31,24,7662,4547,3115,7823.7,False,False
8103.05,3 Ave & E 169 St,40.832678,-73.905158,2024-01-01,2025-12-31,24,16472,9168,7304,9293.1,False,False
8104.10,Amsterdam Ave & W 156 St,40.832081,-73.942386,2024-01-01,2025-12-31,24,11092,6081,5011,7716.6,False,False
8107.10,Morris Ave & McClellan St,40.831584,-73.9149,2024-01-01,2025-12-31,24,12002,6457,5545,8786.7,False,False
8108.02,Riverside Dr & W 153 St,40.832164,-73.949702,2024-01-01,2025-12-31,24,11009,6015,4994,7431.5,False,False
8110.04,Boone Ave & E 172 St,40.832649,-73.885272,2024-01-01,2025-12-31,24,8722,4496,4226,10211.4,False,False
8111.04,Gerard Ave & E 165 St,40.83173,-73.922394,2024-01-01,2025-12-31,22,4781,3109,1672,8492.2,False,False
8111.07,River Ave & McClellan St,40.83406,-73.92243,2024-01-01,2025-12-31,24,13105,6956,6149,8716.2,False,False
8114.02,Louis Nine Blvd & Intervale Ave,40.831998,-73.892686,2024-01-01,2025-12-31,24,7500,3521,3979,9785.9,False,False
8115.01,Ogden Ave & W 164 St,40.832812,-73.929372,2024-01-01,2025-12-31,24,7478,4043,3435,8321.9,False,False
8118.02,Franklin Ave & E 169 St,40.83171,-73.90208,2024-01-01,2025-12-31,24,11943,6403,5540,9331.1,False,False
8119.05,W 159 St & Edgecombe Ave,40.833303,-73.939326,2024-01-01,2025-12-31,24,6032,3204,2828,7958.1,False,False
8122.04,E 169 St & Webster Ave,40.834015,-73.908863,2024-01-01,2025-12-31,24,9868,5115,4753,9265.4,False,False
8123.06,Broadway & W 157 St,40.83402740143528,-73.94510813442648,2024-01-01,2025-12-31,24,25379,13402,11977,7796.8,False,False
8126.07,Grand Concourse & E 167 St,40.834263,-73.917641,2024-01-01,2025-12-31,24,22806,11022,11784,8931.2,False,False
8129.02,Southern Blvd & E 172 St,40.834124,-73.88955,2024-01-01,2025-12-31,24,6749,3236,3513,10129.9,False,False
8130.02,E 165 St & Jerome Ave,40.83263,-73.925101,2024-01-01,2025-12-31,24,5079,2176,2903,8469.7,False,False
8133.08,Boston Rd & Prospect Ave,40.833246,-73.896599,2024-01-01,2025-12-31,24,17122,9683,7439,9718.2,False,False
8137.06,3 Ave & E 170 St,40.834857,-73.903743,2024-01-01,2025-12-31,24,11621,6452,5169,9561.3,False,False
8138.07,W 160 St & St Nicholas Ave,40.834468,-73.939865,2024-01-01,2025-12-31,24,14032,7379,6653,8049.8,False,False
8141.05,College Ave & E 169 St,40.835122799036405,-73.91196817159653,2024-01-01,2025-12-31,24,8584,4712,3872,9248.6,False,False
8142.03,Riverside Dr E & W 155 St,40.834097985815255,-73.94834974194816,2024-04-29,2025-12-31,21,8579,3702,4877,7673.8,False,False
8144.09,E 174 St & Longfellow Ave,40.836274,-73.884308,2024-01-01,2025-12-31,24,10080,5451,4629,10580.9,False,False
8145.03,Gerard Ave & McClellan St,40.833909,-73.92112,2024-01-01,2025-12-31,24,7332,3297,4035,8755.0,False,False
8149.09,Ogden Ave & W 165 St,40.834457,-73.928381,2024-01-01,2025-12-31,24,13088,7005,6083,8520.7,False,False
8152.03,Fulton Ave & St Paul's Pl,40.83545,-73.90153,2024-01-01,2025-12-31,24,12182,6413,5769,9711.5,False,False
8153.10,W 163 St & Edgecombe Ave,40.835798,-73.937496,2024-01-01,2025-12-31,24,5760,3300,2460,8274.1,False,False
8156.01,E 170 St & Clay Ave,40.837213,-73.908345,2024-01-01,2025-12-31,24,10008,5475,4533,9596.0,False,False
8156.03,E 170 St & Webster Ave,40.83617913677475,-73.90730146322765,2024-01-01,2025-12-31,24,19564,11033,8531,9538.4,False,False
8157.06,Broadway & W 160 St,40.835775,-73.9434,2024-01-01,2025-12-31,24,16005,8567,7438,8035.3,False,False
8160.03,Sheridan Ave & E 168 St,40.835334,-73.9154,2024-01-01,2025-12-31,24,11514,6996,4518,9126.2,False,False
8163.05,Southern Blvd & E 174 St,40.836733,-73.887931,2024-01-01,2025-12-31,24,15396,8209,7187,10444.5,False,False
8167.02,Wilkins Ave & Crotona Park E,40.835302,-73.895133,2024-01-01,2025-12-31,24,10016,5295,4721,9976.3,False,False
8167.04,Charlotte St & Boston Rd,40.8358771,-73.8931428,2024-01-02,2025-12-31,24,2894,1904,990,10120.6,False,False
8171.06,E 171 St & 3 Ave,40.837119,-73.902185,2024-01-01,2025-12-31,24,10665,5349,5316,9843.6,False,False
8172.07,Amsterdam Ave & W 162 St,40.83618,-73.939789,2024-01-01,2025-12-31,24,13404,6443,6961,8219.4,False,False
8175.06,College Ave & E 170 St,40.837576,-73.910489,2024-01-01,2025-12-31,24,4531,2328,2203,9546.3,False,False
8176.01,W 160 St & Riverside Dr,40.83719,-73.9466,2024-07-27,2025-12-31,18,5162,1661,3501,8044.6,False,False
8179.03,Walton Ave & E 168 St,40.83649,-73.918316,2024-01-01,2025-12-31,24,14663,8523,6140,9119.1,False,False
8182.02,Crotona Park East & E 173 St,40.837037,-73.890413,2024-01-01,2025-12-31,24,4363,2597,1766,10354.4,False,False
8183.02,University Ave & W 168 St,40.838706,-73.927034,2024-01-01,2025-12-31,24,5291,2651,2640,8982.0,False,False
8183.08,Nelson Ave & 167 St,40.83670566862804,-73.92608866095543,2024-01-01,2025-12-31,24,10283,5556,4727,8831.2,False,False
8186.01,Fulton Ave & E 172 St,40.839229,-73.899047,2024-01-01,2025-12-31,24,9652,5167,4485,10178.0,False,False
8187.04,Edgecombe Ave & W 167 St,40.838191,-73.936085,2024-01-01,2025-12-31,24,8345,4652,3693,8563.4,False,False
8190.03,E 171 St & Webster Ave,40.838379,-73.905838,2024-01-01,2025-12-31,24,8635,4522,4113,9810.9,False,False
8191.01,Broadway & W 165 St,40.839137,-73.941409,2024-01-01,2025-12-31,24,14419,7202,7217,8442.1,False,False
8194.06,Grand Concourse & E 171 St,40.839549,-73.913004,2024-01-01,2025-12-31,24,8342,4427,3915,9631.7,False,False
8194.07,E 170 St & Sheridan Ave,40.838315,-73.912604,2024-01-01,2025-12-31,24,10894,5878,5016,9528.7,False,False
8196.02,Southern Blvd & E 175 St,40.839335,-73.886445,2024-01-01,2025-12-31,24,4117,2005,2112,10752.4,False,False
8198.05,Shakespeare Ave & W 169 St,40.839312,-73.922423,2024-01-01,2025-12-31,24,15436,7851,7585,9228.8,False,False
8205.05,3 Ave & E 172 St,40.839586,-73.900277,2024-01-01,2025-12-31,24,9607,5573,4034,10160.2,False,False
8206.17,Amsterdam Ave & W 167 St,40.839443,-73.937044,2024-01-01,2025-12-31,24,11803,5637,6166,8646.8,False,False
8209.01,Morris Ave & E 171 St,40.83899,-73.9109,2024-01-01,2025-12-31,24,4588,2374,2214,9664.3,False,False
8210.01,W 163 St & Riverside Dr,40.839278,-73.945446,2024-01-01,2025-12-31,24,5691,3086,2605,8294.0,False,False
8212.01,Boston Rd & West Farms Rd,40.83998,-73.8806,2024-01-01,2025-12-31,24,12389,6811,5578,11096.3,False,False
8213.01,Plaza Dr & W 170 St,40.840484,-73.917946,2024-01-01,2025-12-31,24,30376,16118,14258,9520.6,False,False
8216.02,Waterloo Pl & Crotona Park East,40.839194,-73.888587,2024-01-01,2025-12-31,24,3815,2185,1630,10638.2,False,False
8218.04,Ogden Ave & Merriam Ave,40.839142,-73.925961,2024-01-01,2025-12-31,24,7419,3571,3848,9069.6,False,False
8225.05,Clay Ave & Claremont Pkwy,40.83999,-73.90549,2024-01-01,2025-12-31,24,6264,3789,2475,9980.9,False,False
8226.05,W 165 St & Fort Washington Ave,40.84004,-73.942939,2024-01-01,2025-12-31,24,11396,6281,5115,8468.6,False,False
8226.06,Broadway & W 168 St,40.84089603193041,-73.93972098827362,2024-01-01,2025-12-31,22,19905,12748,7157,8680.8,False,False
8226.07,W 168 St & Ft Washington Ave,40.84210236102173,-73.9422395825386,2024-01-01,2025-12-31,24,27263,14378,12885,8697.2,False,False
8229.04,Sheridan Ave & E 172 St,40.840494,-73.911479,2024-01-01,2025-12-29,24,6782,3918,2864,9785.4,False,False
8233.01,Inwood Ave & W 170 St,40.840536,-73.919228,2024-01-01,2025-12-31,24,3477,1926,1551,9474.0,False,False
8236.01,Crotona Park North & Prospect Ave,40.841092,-73.892317,2024-01-01,2025-12-31,24,3915,2171,1744,10644.8,False,False
8241.07,3 Ave & E 174 St,40.84224,-73.8985,2024-01-01,2025-12-31,24,5099,2747,2352,10489.2,False,False
8242.04,Amsterdam Ave & W 172 St,40.842173,-73.935111,2024-01-01,2025-12-31,23,9672,4172,5500,8989.8,False,False
8245.03,Mount Eden Pkwy & Eastburn Ave,40.842675,-73.908544,2024-01-01,2025-12-31,24,5642,3335,2307,10116.7,False,False
8248.05,Boston Rd & E 178 St,40.84096,-73.87923,2024-01-01,2025-12-31,24,13517,6737,6780,11252.0,False,False
8249.10,Walton Ave & E 171 St,40.840683,-73.915073,2024-01-01,2025-12-31,24,15002,7780,7222,9657.1,False,False
8252.03,Crotona Pkwy & Elsmere Pl,40.84188,-73.8855,2024-01-01,2025-12-31,24,6027,3032,2995,11029.8,False,False
8254.01,W 170 St & University Ave,40.84207,-73.926075,2024-01-01,2025-12-31,24,10832,5888,4944,9344.4,False,False
8257.03,Crotona Ave & Crotona Park N,40.84234,-73.89409,2024-01-01,2025-12-31,24,5577,2547,3030,10685.5,False,False
8262.07,W 171 St & St Nicholas Ave,40.842941,-73.938631,2024-01-01,2025-12-31,24,18011,8720,9291,8923.4,False,False
8265.09,Grand Concourse & E Mount Eden Ave,40.84301,-73.91172,2024-01-01,2025-12-31,24,13204,6667,6537,10019.0,False,False
8268.08,E 179 St & Daly Ave,40.84335,-73.88247,2024-01-01,2025-12-31,24,4124,1749,2375,11308.1,False,False
8269.01,Goble Pl & Macombs Rd,40.844075,-73.917256,2024-01-01,2025-12-31,23,8236,4513,3723,9897.4,False,False
8272.01,Clinton Ave & E Tremont Ave,40.845,-73.88994,2024-01-01,2024-06-03,6,758,758,0,11117.8,False,False
8272.05,Fairmount Pl & Prospect Ave,40.843099,-73.889927,2024-06-03,2025-12-31,19,2689,1188,1501,10939.6,False,False
8272.08,E 176 St & Clinton Ave,40.84311,-73.89149,2024-01-01,2025-12-31,24,4119,2172,1947,10871.4,False,False
8277.03,Washington Ave & E 174 St,40.843079,-73.900216,2024-01-02,2025-12-31,24,2042,1004,1038,10497.0,False,False
8278.05,Amsterdam Ave & W 175 St,40.844044,-73.933651,2024-01-01,2025-12-31,24,10493,5813,4680,9230.3,False,False
8281.06,Clay Ave & E 173 St,40.843264,-73.904867,2024-01-01,2025-12-30,23,5114,2317,2797,10324.0,False,False
8284.01,Bronx Park S & Bryant Ave,40.84437,-73.87796,2024-01-01,2025-12-30,24,4674,2384,2290,11619.6,False,False
8285.09,E 174 St & Walton Ave,40.844811,-73.912042,2024-01-01,2025-12-31,24,5308,3109,2199,10180.1,False,False
8285.11,Featherbed Ln & Jerome Ave,40.845505,-73.914311,2024-01-01,2025-12-31,24,4053,2167,1886,10154.7,False,False
8288.11,E 179 St & Southern Blvd,40.84467,-73.88507,2024-04-18,2025-12-31,21,5995,2292,3703,11306.7,False,False
8290.01,Nelson Ave & W 172 St,40.843965,-73.920999,2024-01-01,2025-12-31,24,11182,6446,4736,9741.1,False,False
8293.12,Arthur Ave & E Tremont Ave,40.84616,-73.89322,2024-01-01,2025-12-31,24,15403,6606,8797,11087.2,False,False
8299.03,Wadsworth Ave & W 175 St,40.846052,-73.937648,2024-01-01,2025-12-31,24,14847,6988,7859,9265.4,False,False
8303.06,Grand Concourse & E 175 St,40.84627592921954,-73.90931278467178,2024-01-01,2025-12-31,24,6765,4026,2739,10433.2,False,False
8306.03,Vyse Ave & E 181 St,40.84463,-73.87988,2024-01-01,2025-12-31,24,4066,2241,1825,11549.0,False,False
8307.05,Macombs Rd & Featherbed Ln,40.84552,-73.91722,2024-01-01,2025-12-31,24,3744,1900,1844,10040.1,False,False
8315.03,3 Ave & E Tremont Ave,40.84649,-73.89616,2024-01-01,2025-12-31,24,11350,5256,6094,10994.7,False,False
8316.02,Audubon Ave & W 179 St,40.847305,-73.933291,2024-01-01,2025-12-31,24,9838,5164,4674,9561.9,False,False
8319.01,Anthony Ave & E 175 St,40.846465,-73.903869,2024-01-01,2025-12-31,24,5307,3045,2262,10676.1,False,False
8320.01,Fort Washington Ave & W 173 St,40.84522,-73.940493,2024-01-01,2025-12-31,24,13510,7338,6172,9070.4,False,False
8323.05,Townsend Ave & E 175 St,40.84741,-73.911359,2024-01-01,2025-12-31,24,4800,2536,2264,10459.4,False,False
8325.08,Southern Blvd & E 180 St,40.84605,-73.88426,2024-01-01,2025-12-31,24,6399,3247,3152,11471.8,False,False
8325.12,Crotona Pkwy & Bronx Park S,40.84784,-73.883,2024-01-01,2025-12-31,24,5063,2430,2633,11695.6,False,False
8327.15,Featherbed Ln & Nelson Ave,40.846011,-73.919637,2024-01-01,2025-12-31,24,6610,3868,2742,9994.7,False,False
8330.05,Crotona Ave & E 179 St,40.84666,-73.88991,2024-01-02,2025-12-31,24,7516,3852,3664,11276.2,False,False
8335.02,Park Ave & E Tremont Ave,40.84731,-73.89981,2024-01-01,2025-12-31,24,8149,4064,4085,10920.8,False,False
8336.02,Wadsworth Ave & W 179 St,40.848467,-73.936064,2024-01-01,2025-12-31,24,27650,14242,13408,9563.7,False,False
8340.01,Grand Concourse & E 176 St,40.84761,-73.90745,2024-01-10,2025-12-31,24,7945,3984,3961,10638.2,False,False
8344.04,Macombs Rd & W 175 St,40.848177,-73.916082,2024-01-01,2025-12-31,24,5779,3045,2734,10344.9,False,False
8344.09,University Ave & Macombs Rd,40.8496401,-73.9161206,2024-01-01,2025-12-31,24,7791,4385,3406,10487.1,False,False
8346.06,E 180 St & Prospect Ave,40.84696,-73.88663,2024-01-01,2025-12-31,24,5727,2677,3050,11448.9,False,False
8348.02,Popham Ave & W 174 St,40.847746,-73.922079,2024-01-01,2025-12-31,24,10869,5724,5145,10056.4,False,False
8351.06,E 178 St & Monterey Ave,40.84749,-73.89464,2024-01-01,2025-12-31,24,4214,2028,2186,11154.5,False,False
8353.02,Amsterdam Ave & W 180 St,40.847396,-73.931205,2024-01-01,2025-12-31,24,5935,3014,2921,9654.3,False,False
8353.09,Amsterdam Ave & W 183 St,40.84925,-73.93022,2024-01-01,2025-12-31,24,6988,3515,3473,9874.1,False,False
8356.02,E Tremont Ave & E 176 St,40.847798,-73.901883,2024-01-01,2025-12-31,24,6046,3449,2597,10884.7,False,False
8356.04,Anthony Ave & E Tremont Ave,40.848793,-73.903178,2024-01-01,2025-12-31,24,7489,3603,3886,10928.3,False,False
8358.03,W 180 St & Ft Washington Ave,40.849972,-73.938423,2024-01-01,2025-12-31,24,22050,11788,10262,9615.6,False,False
8358.10,Cabrini Blvd & W 177 St,40.848282,-73.941343,2024-01-01,2025-12-31,24,5226,2774,2452,9335.0,False,False
8362.02,Walton Ave & E 176 St,40.84833,-73.90971,2024-01-01,2025-12-31,24,8225,4631,3594,10615.7,False,False
8362.09,Jerome Ave & W 177 St,40.850121,-73.910765,2024-01-03,2025-12-31,24,3640,1807,1833,10746.0,False,False
8366.06,W 176 St & Montgomery Ave,40.849629,-73.919205,2024-01-01,2025-12-31,24,5488,2983,2505,10357.7,False,False
8366.07,University Ave & Brandt Pl,40.848354,-73.918389,2024-01-01,2025-12-31,22,4860,2358,2502,10271.3,False,False
8369.08,Hughes Ave & Oak Tree Pl,40.85079,-73.88945,2024-01-01,2025-12-31,24,3619,1620,1999,11689.5,False,False
8374.02,Park Ave & E 179 St,40.85014,-73.89818,2024-01-01,2025-12-31,24,5134,2583,2551,11261.1,False,False
8379.06,Echo Pl & Grand Concourse,40.849955,-73.905943,2024-01-10,2025-12-31,24,15648,6911,8737,10926.6,False,False
8379.07,Creston Ave & E 178 St,40.850885,-73.906469,2024-01-01,2024-01-08,1,51,51,0,10995.1,False,False
8381.04,W 181 St & Riverside Dr,40.85168,-73.94186,2024-01-01,2025-12-31,24,13325,7076,6249,9648.6,False,False
8384.03,W Tremont Ave & Grand Ave,40.850036,-73.912785,2024-01-01,2025-12-31,24,5060,2406,2654,10656.3,False,False
8384.04,University Ave & Morton Pl,40.85118155499655,-73.91465058978447,2024-02-15,2025-12-31,23,3946,1986,1960,10695.4,False,False
8387.03,Crotona Ave & E 183 St,40.85157,-73.88475,2024-01-01,2025-12-31,24,6113,3034,3079,11965.8,False,False
8392.02,E 180 St & Monterey Ave,40.85025,-73.89301,2024-01-01,2025-12-31,24,6215,2982,3233,11487.5,False,False
8394.15,Amsterdam Ave & W 186 St,40.851113,-73.928808,2024-01-01,2025-12-31,24,5566,3031,2535,10111.9,False,False
8397.02,E Burnside Ave & Ryer Ave,40.850535,-73.901318,2024-01-01,2025-12-31,24,13035,8094,4941,11173.5,False,False
8399.06,Fort Washington Ave & W 183 St,40.852252,-73.937854,2024-01-01,2025-12-31,24,13610,7070,6540,9860.6,False,False
8403.02,E Tremont Ave & Jerome Ave,40.851747,-73.908964,2024-01-01,2025-12-15,22,4784,3190,1594,10976.7,False,False
8407.03,W Tremont Ave & Montgomery Ave,40.851788,-73.916418,2024-01-01,2025-12-31,24,5078,2517,2561,10682.5,False,False
8410.10,E 182 St & Belmont Ave,40.85089,-73.88793,2024-01-01,2025-12-31,24,5222,2687,2535,11763.5,False,False
8415.01,E 181 St & Bathgate Ave,40.85198,-73.89438,2024-01-01,2025-12-31,24,6080,3302,2778,11595.3,False,False
8416.07,Broadway & W 185 St,40.852538,-73.93441,2024-01-01,2025-12-31,24,14275,7556,6719,10026.0,False,False
8416.10,W 186 St & St Nicholas Ave,40.852253,-73.931308,2024-01-01,2025-12-31,24,9426,4784,4642,10122.6,False,False
8425.01,W Burnside Ave & University Ave,40.853686,-73.912498,2024-01-01,2024-02-14,2,200,200,0,11024.7,False,False
8427.05,Southern Blvd & E 187 St,40.8535,-73.88177,2024-01-01,2025-12-31,24,6495,3285,3210,12279.2,False,False
8428.04,W Tremont Ave & Matthewson Rd,40.853827,-73.920765,2024-01-01,2025-12-31,24,6405,3196,3209,10698.2,False,False
8428.05,Sedgwick Ave & W Tremont Ave,40.85304455868985,-73.91830623149872,2024-01-01,2025-12-31,24,8198,4245,3953,10722.9,False,False
8430.03,Arthur Ave & E 183 St,40.85307,-73.88953,2024-01-02,2025-12-31,24,5958,2775,3183,11904.3,False,False
8432.11,Amsterdam Ave & W 189 St,40.85318758861975,-73.92715752124786,2024-01-01,2025-12-31,24,5601,2662,2939,10379.8,False,False
8435.04,Valentine Ave & E 181 St,40.854123869116,-73.89932222664356,2024-01-01,2025-12-31,24,6600,3506,3094,11601.3,False,False
8441.01,Morris Ave & E Burnside Ave,40.85322,-73.90546,2024-01-01,2025-12-31,24,10470,5966,4504,11262.2,False,False
8441.05,Davidson Ave & W Burnside Ave,40.853646,-73.908731,2024-01-01,2025-12-31,24,8427,4758,3669,11170.0,False,False
8447.07,Crescent Ave & Belmont Ave,40.85391,-73.8866,2024-01-01,2025-12-31,24,6647,3323,3324,12108.4,False,False
8451.07,E 182 St & Park Ave,40.85455,-73.89507,2024-01-01,2025-12-31,23,2358,1139,1219,11814.7,False,False
8453.14,W 190 St & St Nicholas Ave,40.854788,-73.929513,2024-01-01,2025-12-31,23,9394,5456,3938,10441.1,False,False
8456.02,Creston Ave & E 181 St,40.8549,-73.90281,2024-01-01,2024-01-05,1,27,27,0,11532.8,False,False
8456.05,Grand Concourse & E 181 St,40.85466,-73.9015,2024-01-08,2025-12-31,24,6882,3249,3633,11563.0,False,False
8458.03,Pinehurst Ave & W 187 St,40.855331,-73.937878,2024-01-01,2025-12-31,24,12829,6564,6265,10160.8,False,False
8462.09,University Ave & W Burnside Ave,40.85501,-73.910751,2024-01-01,2025-12-31,24,8822,4537,4285,11222.5,False,False
8465.01,Sedgwick Ave & W Burnside Ave,40.854947,-73.916661,2024-01-01,2025-12-31,24,4507,2405,2102,10974.3,False,False
8467.03,E 184 St & 3 Ave,40.85472,-73.89022,2024-01-01,2025-12-31,24,8025,3396,4629,12033.0,False,False
8469.05,Audubon Ave & W 192 St,40.85589030603889,-73.92708241939545,2024-01-01,2025-12-31,24,5580,2700,2880,10645.7,False,False
8472.06,Valentine Ave & E 183 St,40.856987,-73.898237,2024-01-01,2025-12-31,24,4478,2382,2096,11921.7,False,False
8472.08,Webster Ave & Ford St,40.85556,-73.89615,2024-01-01,2025-12-31,24,6004,3636,2368,11869.3,False,False
8474.02,W 190 St & Broadway,40.85648733523576,-73.93296986818314,2024-01-01,2025-12-31,24,8085,4198,3887,10467.8,False,False
8478.11,Jerome Ave & E 181 St,40.855653,-73.905528,2024-01-01,2025-12-31,24,3627,2003,1624,11494.8,False,False
8483.02,Andrews Ave S & W 179 St,40.855156,-73.91278,2024-01-01,2025-12-31,24,5013,2758,2255,11158.1,False,False
8485.01,E 188 St & Hughes Ave,40.8561,-73.88625,2024-01-01,2025-12-31,24,6056,2749,3307,12332.7,False,False
8489.06,E 187 St & 3 Ave,40.85724,-73.8909,2024-01-02,2025-12-31,24,4418,2457,1961,12245.8,False,False
8491.07,Audubon Ave & Fort George Ave,40.85715781391904,-73.92717361450195,2024-01-01,2025-12-31,24,3418,1648,1770,10765.4,False,False
8494.01,E 182 St & Morris Ave,40.85670801831255,-73.90265285968779,2024-01-01,2025-12-31,24,8021,3927,4094,11714.2,False,False
8494.06,Ryer Ave & E 182 St,40.8558,-73.89956,2024-01-01,2024-01-08,1,35,35,0,11752.7,False,False
8494.07,E 182 St & Grand Concourse,40.85591,-73.90051,2024-01-08,2025-12-31,24,6452,3258,3194,11724.4,False,False
8496.01,Fort Washington Ave & W 190 St,40.856906,-73.935662,2024-01-01,2025-12-31,24,7250,3963,3287,10401.7,False,False
8500.01,Grand Ave & W 181 St,40.856302,-73.907302,2024-01-01,2025-12-31,24,6486,3315,3171,11485.5,False,False
8502.04,Crotona Ave & E Fordham Rd,40.8579,-73.88147,2024-01-01,2025-12-31,24,7669,3744,3925,12707.9,False,False
8505.08,E 189 St & Bathgate Ave,40.85859,-73.88821,2024-01-02,2025-12-31,24,5059,2714,2345,12488.2,False,False
8507.02,Dyckman St & 10 Ave,40.85890447538412,-73.9230939745903,2024-01-01,2025-12-23,24,3349,1896,1453,11098.7,False,False
8510.02,Tiebout Ave & E 184 St,40.858498,-73.89637,2024-01-01,2025-12-31,24,7967,4309,3658,12144.7,False,False
8511.08,Broadway & W 192 St,40.857994,-73.932173,2024-01-01,2025-12-31,24,8948,4254,4694,10646.3,False,False
8514.05,Walton Ave & E 183 St,40.858472,-73.90266,2024-01-01,2025-12-31,24,6025,3189,2836,11884.6,False,False
8520.01,Andrew Ave N & Hall of Fame Tce,40.85834,-73.91008,2024-01-01,2025-12-31,24,4711,2293,2418,11575.3,False,False
8526.03,3 Ave & E 189 St,40.85985,-73.89135,2024-01-01,2025-12-31,24,11326,5992,5334,12479.2,False,False
8528.05,Nagle Ave & Ellwood St,40.86012,-73.928489,2024-01-01,2025-12-31,24,8146,4641,3505,11000.7,False,False
8531.05,Grand Concourse & E 184 St,40.85941,-73.8985,2024-01-10,2025-12-31,24,9137,4852,4285,12145.0,False,False
8532.03,Margaret Corbin Plz & Ft Washington Ave,40.859166,-73.933872,2024-01-01,2025-12-30,24,9962,5133,4829,10693.2,False,False
8535.01,Buchanan Pl & Grand Ave,40.85834,-73.90626,2024-01-01,2025-12-31,24,5746,2995,2751,11725.4,False,False
8535.09,Aqueduct Ave & North St,40.8604787,-73.9057169936,2024-01-01,2025-12-30,24,3836,2124,1712,11955.3,False,False
8539.02,Sedgwick Ave & Hall of Fame Terrace,40.859532,-73.913303,2024-01-02,2025-12-29,24,1068,551,517,11554.8,False,False
8541.04,E 191 St & Bathgate Ave,40.8601,-73.8866,2024-01-01,2025-12-28,24,5184,2465,2719,12700.7,False,False
8543.01,10 Ave & W 202 St,40.861281970750994,-73.921417593956,2024-01-01,2025-12-31,23,3154,2034,1120,11397.2,False,False
8546.06,Tiebout Ave & E Fordham Rd,40.861915,-73.894831,2024-01-01,2025-12-31,24,14149,6459,7690,12537.3,False,False
8547.04,Broadway & Ellwood St,40.862058,-73.929719,2024-01-01,2025-12-31,24,6969,3111,3858,11139.9,False,False
8550.01,Jerome Ave & W 184 St,40.860814,-73.902541,2024-01-01,2025-12-31,24,3993,2084,1909,12116.0,False,False
8550.04,Morris Ave & E 184 St,40.86008,-73.90079,2024-01-01,2024-01-08,1,42,42,0,12116.4,False,False
8555.05,Loring Pl North & W 183 St,40.8604244,-73.9093359997,2024-01-01,2025-12-31,24,5130,2535,2595,11808.3,False,False
8558.01,Southern Blvd & Xavier Way,40.86149,-73.88103,2024-01-02,2025-12-26,24,2951,1440,1511,13068.9,False,False
8559.04,9 Ave & W 204 St,40.86169883507865,-73.91855701804161,2024-01-02,2025-12-31,24,834,467,367,11552.4,False,False
8563.06,Nagle Ave & Thayer St,40.861382,-73.925591,2024-01-01,2025-12-31,24,10250,5099,5151,11239.6,False,False
8566.05,E 188 St & Creston Ave,40.861669,-73.898589,2024-01-01,2025-12-31,24,18053,9024,9029,12359.9,False,False
8571.02,Grand Ave & W Fordham Rd,40.86288,-73.90316,2024-01-01,2025-12-31,23,4390,1867,2523,12291.2,False,False
8575.02,Cedar Ave & W Fordham Rd,40.86156,-73.91219,2024-01-02,2025-12-31,24,3799,1818,1981,11796.2,False,False
8579.03,W 204 St & Nagle Ave,40.863211,-73.920827,2024-01-01,2025-12-31,24,3893,2142,1751,11608.5,False,False
8579.05,Academy St & Nagle Ave,40.862562,-73.922661,2024-01-01,2025-12-31,24,3907,1706,2201,11471.8,False,False
8579.09,10 Ave & W 204 St,40.862638,-73.92006,2024-01-02,2025-12-30,24,2607,1371,1236,11583.5,False,False
8582.02,Bainbridge Ave & E 193 St,40.86389,-73.89246,2024-01-02,2024-07-18,7,681,681,0,12825.8,False,False
8582.09,E Fordham Rd & Webster Ave,40.861748,-73.89105,2024-01-01,2025-12-31,24,22700,13293,9407,12675.5,False,False
8582.10,Bainbridge Ave & E 193 St,40.86415477605928,-73.892452880543,2024-07-18,2025-12-31,18,3172,1070,2102,12851.5,False,False
8583.02,Sherman Ave & Thayer St,40.863124,-73.926994,2024-01-01,2025-12-31,24,6927,3743,3184,11352.8,False,False
8586.09,Jerome Ave & W Fordham Rd,40.86294,-73.90108,2024-01-01,2025-12-31,24,17732,9574,8158,12381.3,False,False
8590.01,W Fordham Rd & Loring Pl N,40.86295,-73.90741,2024-01-01,2025-12-31,24,7243,3746,3497,12131.3,False,False
8597.01,Decatur Ave & E 197 St,40.86557,-73.88807,2024-01-01,2025-12-31,24,1977,915,1062,13166.7,False,False
8601.04,Grand Concourse & E 192 St,40.86448,-73.89522,2024-01-01,2025-12-31,22,7361,4813,2548,12769.3,False,False
8605.06,Aqueduct Ave & W 190 St,40.8649213,-73.9024238,2024-01-01,2025-12-31,24,4802,2820,1982,12519.4,False,False
8613.09,10 Ave & W 207 St,40.864632,-73.918598,2024-01-01,2025-12-31,24,9307,4647,4660,11836.0,False,False
8615.01,Bainbridge Ave & E 196 St,40.86648,-73.89042,2024-01-01,2025-12-31,24,5188,2475,2713,13159.7,False,False
8616.06,Riverside Dr & Broadway,40.865364,-73.92791,2024-01-01,2025-12-31,24,17034,8364,8670,11534.1,False,False
8619.02,Jerome Ave & W 193 St,40.86659,-73.89794,2024-01-01,2025-12-31,24,9197,4808,4389,12862.5,False,False
8624.01,Webb Ave & W 190 St,40.8660052,-73.904254892,2024-01-01,2025-12-31,24,4223,2327,1896,12553.7,False,False
8631.03,Decatur Ave & Oliver Pl,40.867,-73.8857764,2024-01-01,2025-12-31,23,1402,848,554,13398.3,False,False
8632.07,W 204 St & Vermilyea Ave,40.866141,-73.922648,2024-01-01,2025-12-31,24,7933,4109,3824,11820.5,False,False
8635.08,Grand Concourse & E 196 St,40.86767,-73.89286,2024-01-02,2025-07-28,19,6324,4206,2118,13174.2,False,False
8635.09,E 196 St & Valentine Ave,40.86744,-73.89198,2025-11-17,2025-12-31,2,196,0,196,13187.9,False,False
8636.04,Dyckman St & Henshaw St,40.867357,-73.92936,2024-01-01,2025-12-31,24,5038,2657,2381,11671.7,False,False
8639.01,W 192 St & University Ave,40.866899,-73.901942,2024-01-01,2025-12-31,24,5215,2690,2525,12731.5,False,False
8643.01,Bailey Ave & Sedgwick Ave,40.86571,-73.90857,2024-01-04,2025-12-31,24,2281,1125,1156,12345.8,False,False
8646.02,Botanical Sq & Webster Ave,40.86814,-73.88145,2024-01-01,2025-12-31,24,7343,3893,3450,13687.5,False,False
8647.10,W 211 St & 10 Ave,40.86709406268147,-73.9172950387001,2024-01-01,2025-12-31,24,2385,1138,1247,12127.7,False,False
8649.03,Bainbridge Ave & E 198 St,40.8684871,-73.8884559781,2024-01-01,2025-12-31,24,4451,2333,2118,13434.5,False,False
8650.11,Seaman Ave & Beak St,40.867505,-73.926363,2024-01-01,2025-12-31,23,7282,3374,3908,11804.3,False,False
8653.09,Jerome Ave & W 195 St,40.86874,-73.89657,2024-01-01,2025-12-31,22,9628,3992,5636,13126.4,False,False
8655.02,Dyckman St & Staff St,40.868846,-73.931537,2024-01-01,2025-12-29,24,8876,4727,4149,11735.2,False,False
8664.06,Decatur Ave & Bedford Park Blvd,40.86813,-73.88412,2024-01-02,2025-12-31,23,2657,1567,1090,13575.3,False,False
8665.02,Seaman Ave & Isham St,40.869898661940454,-73.92076313495636,2024-01-01,2025-12-31,23,6008,2865,3143,12261.5,False,False
8665.09,Isham St & Broadway,40.86788,-73.919685,2024-01-01,2025-12-31,24,12698,6659,6039,12108.4,False,False
8667.01,Grand Concourse & E 197 St,40.86945,-73.89148,2024-01-01,2025-07-08,19,5330,3948,1382,13402.7,False,False
8667.02,Valentine Ave & E 198 St,40.86941,-73.88994,2025-10-31,2025-12-31,3,224,0,224,13461.8,False,False
8672.05,Eames Pl & Claflin Ave,40.8692,-73.90121,2024-01-01,2025-12-31,24,3947,1778,2169,12985.4,False,False
8676.01,Bailey Ave & W 193 St,40.87069,-73.90678,2024-01-01,2025-12-31,24,1562,761,801,12899.7,False,False
8679.03,10 Ave & W 215 St,40.86932465640094,-73.91519755125046,2024-01-01,2025-12-31,24,4573,2044,2529,12428.7,False,False
8682.06,Bainbridge Ave & Bedford Park Blvd,40.87002,-73.88565,2024-01-01,2025-12-31,24,4052,2318,1734,13696.5,False,False
8692.04,Sedgwick Ave & W 195 St,40.87049,-73.90287,2024-01-01,2025-12-31,24,6095,2974,3121,13043.8,False,False
8696.05,9 Ave & W 219 St,40.871094,-73.911503,2024-01-02,2025-12-30,24,1199,658,541,12748.9,False,False
8699.01,Marion Ave & Mosholu Pkwy,40.8704956,-73.8818756582,2024-01-01,2025-12-31,24,6359,3111,3248,13896.0,False,False
8703.05,Grand Concourse & E 199 St,40.87142,-73.88839,2024-01-01,2025-12-31,24,4845,2525,2320,13719.5,False,False
8707.01,Goulden Ave & W 197 St,40.87156,-73.89714,2024-01-01,2025-12-30,24,5816,2955,2861,13376.7,False,False
8707.04,Strong St & University Ave,40.87119,-73.89918,2024-01-01,2025-12-31,24,4962,2458,2504,13259.7,False,False
8711.02,W 225 St & Exterior St,40.873265,-73.906646,2024-01-01,2025-12-31,24,9801,5297,4504,13154.7,False,False
8715.01,Broadway & W 220 St,40.872412,-73.912807,2024-01-01,2025-12-31,24,3876,2135,1741,12824.8,False,False
8715.06,W 218 St & Broadway,40.87139,-73.914318,2024-01-01,2025-12-31,24,5944,2987,2957,12664.9,False,False
8717.07,E 201 St & Briggs Ave,40.87207,-73.88459,2024-01-01,2025-12-31,24,4014,1818,2196,13938.5,False,False
8720.02,Jerome Ave & E 198 St,40.87144520687118,-73.89289632439613,2024-01-01,2025-12-31,24,3450,1413,2037,13538.0,False,False
8732.04,W 218 St & Indian Rd,40.873054589370895,-73.91837194561958,2024-01-01,2025-12-30,24,5569,2649,2920,12664.3,False,False
8734.02,Jerome Ave & Bedford Park Blvd E,40.87307,-73.88971,2024-01-01,2025-12-31,24,11282,5874,5408,13825.2,False,False
8734.04,Grand Concourse & E 203 St,40.87382,-73.88661,2024-01-02,2025-12-31,24,4826,2753,2073,14024.3,False,False
8738.01,Goulden Ave & Bedford Park Blvd,40.87387,-73.89533,2024-01-01,2025-12-30,24,4879,2575,2304,13674.0,False,False
8741.01,Bailey Ave & W 229 St,40.87449,-73.90467,2024-01-03,2025-12-29,24,2236,1145,1091,13353.4,False,False
8745.01,Marble Hill Ave & W 225 St,40.87471,-73.91099,2024-01-01,2025-12-31,24,6871,3440,3431,13121.2,False,False
8748.02,E Mosholu Pkwy & E 204 St,40.8740704,-73.8833650931,2024-01-02,2025-12-31,24,3577,1793,1784,14182.2,False,False
8752.01,Bedford Park Blvd & Paul Ave,40.87444,-73.89186,2024-01-01,2025-12-29,24,5923,3131,2792,13870.0,False,False
8756.03,Claflin Ave & Reservoir Ave,40.87398,-73.89943,2024-01-02,2025-12-31,24,3578,1749,1829,13523.4,False,False
8756.07,Sedgwick Ave & W 231 St,40.87512,-73.90126,2024-01-01,2025-12-31,24,5343,2507,2836,13554.8,False,False
8766.03,Grand Concourse & E 205 St,40.875531,-73.8863864831,2024-01-01,2025-12-31,24,5090,2652,2438,14198.9,False,False
8772.06,Kingsbridge Terrace & W 230 St,40.87555,-73.90212,2024-01-04,2025-12-30,24,1956,802,1154,13560.4,False,False
8776.02,Marble Hill Ave & W 227 St,40.87655,-73.90941,2024-01-03,2025-12-24,24,1904,1003,901,13363.4,False,False
8778.01,E Mosholu Pkwy & Van Cortlandt Ave E,40.87656,-73.88366,2024-01-01,2025-12-31,24,4510,2370,2140,14410.2,False,False
8782.01,Paul Ave & W 205 St,40.87704,-73.88943,2024-01-01,2025-12-31,24,6898,3517,3381,14220.7,False,False
8786.01,Giles Pl & Fort Independence St,40.87869,-73.89862,2024-01-01,2025-12-31,24,4547,2180,2367,14007.9,False,False
8790.08,Verveelen Pl & Broadway,40.87826,-73.90508,2024-11-19,2025-12-31,14,3629,242,3387,13703.3,False,False
8795.01,Jerome Ave & E Mosholu Pkwy S,40.87935,-73.88534,2024-01-01,2025-12-31,24,17747,8965,8782,14611.1,False,False
8795.03,Grand Concourse & E Mosholu Pkwy S,40.877964,-73.8847550291,2024-01-02,2025-12-31,24,3579,1634,1945,14500.8,False,False
8799.01,Goulden Ave & W 205 St,40.87812,-73.89192,2024-01-01,2025-12-29,24,6734,3062,3672,14224.0,False,False
8802.05,W 233 St & Albany Crescent,40.87979,-73.90164,2024-01-01,2025-12-31,24,1447,851,596,13990.1,False,False
8806.01,W 230 St & Marble Hill Ave,40.87807,-73.90796,2024-01-01,2025-12-31,24,7245,3878,3367,13569.4,False,False
8811.01,Paul Ave & Mosholu Pkwy,40.8802945,-73.8860653648,2024-01-01,2025-12-31,24,4967,2718,2249,14672.9,False,False
8815.01,Sedgwick Ave & Giles Pl,40.88111,-73.8965,2024-01-01,2025-12-31,24,4734,2458,2276,14328.9,False,False
8819.05,Naples Terrace & Godwin Terrace,40.87995,-73.90536,2024-01-01,2025-12-30,24,2940,1724,1216,13856.5,False,False
8828.02,Sedgwick Ave & Hillman Ave,40.88224,-73.89136,2024-01-01,2025-12-31,24,5424,2874,2550,14647.8,False,False
8831.03,Bailey Ave & W 234 St,40.88066,-73.90076,2024-01-01,2025-12-30,24,1716,917,799,14110.0,False,False
8835.05,Irwin Ave & W 232 St,40.88227,-73.90809,2024-01-01,2025-12-31,24,4086,1873,2213,13972.7,False,False
8841.03,W Mosholu Pkwy S & Sedgwick Ave,40.88226,-73.88702,2024-01-01,2025-12-31,24,2953,1451,1502,14824.1,False,False
8849.03,Broadway & W 234 St,40.88185,-73.90291,2024-01-01,2025-12-31,23,3608,1720,1888,14139.4,False,False
8859.03,Van Cortlandt Park S & Dickinson Ave,40.88435,-73.88781,2024-01-01,2025-12-30,24,3234,1530,1704,14994.7,False,False
8862.02,Bailey Ave & W 238 St,40.88417,-73.89793,2024-01-01,2025-06-09,18,2680,1935,745,14565.0,False,False
8866.01,Tibbett Ave & W 234 St,40.88324,-73.90587,2024-01-01,2025-12-31,24,1505,662,843,14156.0,False,False
8876.04,Van Cortlandt Park S & Gouverneur Ave,40.88492,-73.89084,2024-01-01,2025-12-31,24,3416,1833,1583,14930.6,False,False
8879.02,Broadway & Van Cortlandt Park S,40.8863,-73.8997,2024-01-01,2025-12-31,24,8319,4394,3925,14700.9,False,False
8879.03,Broadway & W 238 St,40.88524,-73.90077,2024-01-02,2025-12-31,24,8217,4134,4083,14554.9,False,False
8897.05,W 238 St & Tibbett Ave,40.88602,-73.90232,2024-01-01,2025-12-31,24,3448,1717,1731,14568.7,False,False
